{
  "method": "Per-regime full-forcing ECS using Snyder GAST + LR04 + (EPICA or CenCO2PIP)",
  "constants": {
    "ice_fraction": 0.6,
    "sl_per_permil_m": 120.0,
    "forcing_per_m_sl_Wm2_per_m": 0.04,
    "ghg_multiplier": 0.5
  },
  "post_mpt": {
    "window_kyr": [
      0,
      800
    ],
    "by_band": {
      "obliquity (35-50)": {
        "n_lines": 4,
        "ecs_weighted_K": 2.415644119597213,
        "ecs_median_K": 2.2512337974028735,
        "ice_share_weighted": 0.636970630595075,
        "ice_share_median": 0.6004820309273786,
        "amp_T_weighted_K": 0.5114688002727048
      },
      "100-kyr band (75-130)": {
        "n_lines": 7,
        "ecs_weighted_K": 4.1286771998632394,
        "ecs_median_K": 3.1543066955680015,
        "ice_share_weighted": 0.5666650718740017,
        "ice_share_median": 0.5077589719712,
        "amp_T_weighted_K": 0.8407284902755111
      },
      "precession (18-26)": {
        "n_lines": 4,
        "ecs_weighted_K": 2.3707856884978544,
        "ecs_median_K": 2.2751611019102125,
        "ice_share_weighted": 0.6889777097604289,
        "ice_share_median": 0.7043856619700415,
        "amp_T_weighted_K": 0.20351635903119475
      }
    },
    "spectrum": [
      {
        "n": 18,
        "period_kyr": 149.02977777777778,
        "amp_T_K": 0.5520070465456076,
        "amp_LR04": 0.14915653895321773,
        "amp_CO2": 15.349865196510805,
        "dF_co2": 0.34191522294576693,
        "dF_ice": 0.42957083218526704,
        "dF_total": 0.9424436666039174,
        "ice_share": 0.45580531485050935,
        "ecs_full_K": 2.172043228827457
      },
      {
        "n": 21,
        "period_kyr": 127.73980952380953,
        "amp_T_K": 0.34733410120181385,
        "amp_LR04": 0.08516977338461197,
        "amp_CO2": 7.336251895288092,
        "dF_co2": 0.16614179625979028,
        "dF_ice": 0.24528894734768247,
        "dF_total": 0.4945016417373679,
        "ice_share": 0.4960326248582135,
        "ecs_full_K": 2.604707314646299
      },
      {
        "n": 22,
        "period_kyr": 121.93345454545455,
        "amp_T_K": 0.35109076752107765,
        "amp_LR04": 0.20333507272533358,
        "amp_CO2": 17.99935088037445,
        "dF_co2": 0.3987823679504971,
        "dF_ice": 0.5856050094489608,
        "dF_total": 1.1837785613747065,
        "ice_share": 0.49469134562540595,
        "ecs_full_K": 1.0998366350689017
      },
      {
        "n": 25,
        "period_kyr": 107.30144,
        "amp_T_K": 1.1502489007716916,
        "amp_LR04": 0.23841428338955314,
        "amp_CO2": 20.1151998058106,
        "dF_co2": 0.4437656703019975,
        "dF_ice": 0.686633136161913,
        "dF_total": 1.3522816416149093,
        "ice_share": 0.5077589719712,
        "ecs_full_K": 3.1543066955680015
      },
      {
        "n": 28,
        "period_kyr": 95.80485714285714,
        "amp_T_K": 1.209124847427059,
        "amp_LR04": 0.24809030172789767,
        "amp_CO2": 6.723796501927448,
        "dF_co2": 0.1524674027006061,
        "dF_ice": 0.7145000689763452,
        "dF_total": 0.9432011730272544,
        "ice_share": 0.7575266967524216,
        "ecs_full_K": 4.753856378202681
      },
      {
        "n": 30,
        "period_kyr": 89.41786666666667,
        "amp_T_K": 0.6179732385777419,
        "amp_LR04": 0.16082305805495323,
        "amp_CO2": 10.667353422036962,
        "dF_co2": 0.23990996740861048,
        "dF_ice": 0.46317040719826524,
        "dF_total": 0.8230353583111809,
        "ice_share": 0.5627588201661993,
        "ecs_full_K": 2.7843922615964116
      },
      {
        "n": 31,
        "period_kyr": 86.53341935483871,
        "amp_T_K": 0.5893829912140375,
        "amp_LR04": 0.03143683921373814,
        "amp_CO2": 4.656851579988478,
        "dF_co2": 0.10605864496731601,
        "dF_ice": 0.09053809693556585,
        "dF_total": 0.2496260643865399,
        "ice_share": 0.3626948858808662,
        "ecs_full_K": 8.755620147446173
      },
      {
        "n": 35,
        "period_kyr": 76.64388571428572,
        "amp_T_K": 0.4860827694670146,
        "amp_LR04": 0.08620810711011874,
        "amp_CO2": 5.139053884594294,
        "dF_co2": 0.11692150926771736,
        "dF_ice": 0.24827934847714198,
        "dF_total": 0.423661612378718,
        "ice_share": 0.5860322040581789,
        "ecs_full_K": 4.254713829663682
      },
      {
        "n": 38,
        "period_kyr": 70.59305263157894,
        "amp_T_K": 1.1428909632709545,
        "amp_LR04": 0.1814899514693378,
        "amp_CO2": 22.90376433619784,
        "dF_co2": 0.502479121203711,
        "dF_ice": 0.5226910602316929,
        "dF_total": 1.2764097420372593,
        "ice_share": 0.40950099565789366,
        "ecs_full_K": 3.3204269615934496
      },
      {
        "n": 39,
        "period_kyr": 68.78297435897436,
        "amp_T_K": 1.0246983678862254,
        "amp_LR04": 0.14157687599383645,
        "amp_CO2": 14.742651166869768,
        "dF_co2": 0.3287967230177185,
        "dF_ice": 0.407741402862249,
        "dF_total": 0.9009364873888268,
        "ice_share": 0.4525750800081379,
        "ecs_full_K": 4.217752695037922
      },
      {
        "n": 48,
        "period_kyr": 55.88616666666667,
        "amp_T_K": 0.34901942271563197,
        "amp_LR04": 0.04439189017314353,
        "amp_CO2": 3.314318162544624,
        "dF_co2": 0.07569786912465004,
        "dF_ice": 0.12784864369865337,
        "dF_total": 0.24139544738562843,
        "ice_share": 0.5296232596069452,
        "ecs_full_K": 5.36166608849913
      },
      {
        "n": 53,
        "period_kyr": 50.61388679245283,
        "amp_T_K": 0.09238702518716958,
        "amp_LR04": 0.05928838531597338,
        "amp_CO2": 2.8939627554868026,
        "dF_co2": 0.06615619686137862,
        "dF_ice": 0.17075054971000334,
        "dF_total": 0.26998484500207126,
        "ice_share": 0.6324449422659015,
        "ecs_full_K": 1.268968494329711
      },
      {
        "n": 66,
        "period_kyr": 40.64448484848485,
        "amp_T_K": 0.7163095322821018,
        "amp_LR04": 0.311566353625353,
        "amp_CO2": 13.003712625134698,
        "dF_co2": 0.29104903197421206,
        "dF_ice": 0.8973110984410166,
        "dF_total": 1.3338846464023346,
        "ice_share": 0.6727051704667152,
        "ecs_full_K": 1.9914146603010585
      },
      {
        "n": 68,
        "period_kyr": 39.44905882352941,
        "amp_T_K": 0.2786991882519351,
        "amp_LR04": 0.08753209164186085,
        "amp_CO2": 4.668800555612458,
        "dF_co2": 0.10632809348005554,
        "dF_ice": 0.25209242392855924,
        "dF_total": 0.41158456414864253,
        "ice_share": 0.6124924156230427,
        "ecs_full_K": 2.511052934504689
      },
      {
        "n": 73,
        "period_kyr": 36.747068493150685,
        "amp_T_K": 0.19549794416169664,
        "amp_LR04": 0.03731422471588187,
        "amp_CO2": 2.1883634977721034,
        "dF_co2": 0.05010140116379866,
        "dF_ice": 0.10746496718173978,
        "dF_total": 0.1826170689274378,
        "ice_share": 0.5884716462317144,
        "ecs_full_K": 3.969904595134665
      },
      {
        "n": 76,
        "period_kyr": 35.29652631578947,
        "amp_T_K": 0.04286103595063493,
        "amp_LR04": 0.012911554135083866,
        "amp_CO2": 1.4922048085863147,
        "dF_co2": 0.034214053620250894,
        "dF_ice": 0.03718527590904153,
        "dF_total": 0.08850635633941786,
        "ice_share": 0.4201424332331306,
        "ecs_full_K": 1.7958391902897544
      },
      {
        "n": 96,
        "period_kyr": 27.943083333333334,
        "amp_T_K": 0.07017624878189412,
        "amp_LR04": 0.012196250608766935,
        "amp_CO2": 1.8165877769924927,
        "dF_co2": 0.04162281227627188,
        "dF_ice": 0.03512520175324877,
        "dF_total": 0.09755942016765659,
        "ice_share": 0.36003905817486254,
        "ecs_full_K": 2.6674739212769154
      },
      {
        "n": 107,
        "period_kyr": 25.070429906542056,