{
  "method": "Monte Carlo (N=5000) over 4 forcing-calibration constants with uniform priors. Per draw: full-forcing ECS at each L1 line, then \u0394T-weighted aggregation per band.",
  "n_draws": 5000,
  "calibration_priors": {
    "ice_fraction": [
      0.5,
      0.7
    ],
    "sl_per_permil_m": [
      100.0,
      140.0
    ],
    "forcing_per_m_sl": [
      0.03,
      0.05
    ],
    "other_ghg_mult": [
      0.4,
      0.6
    ]
  },
  "co2_ref_ppm": 232.58850982532752,
  "by_band": {
    "obliquity (35-50)": {
      "label": "obliquity (35-50)",
      "n_draws": 5000,
      "mean": 2.4487406997304877,
      "median": 2.433565311990288,
      "p5": 1.9585936887661215,
      "p95": 2.98376967125027,
      "p25": 2.2216580246200337,
      "p75": 2.659090883666445,
      "std": 0.30892315487806365
    },
    "100-kyr band (75-130)": {
      "label": "100-kyr band (75-130)",
      "n_draws": 5000,
      "mean": 4.176089249424593,
      "median": 4.154579660262934,
      "p5": 3.4307934800884037,
      "p95": 4.972519979319209,
      "p25": 3.8373894969550784,
      "p75": 4.495309747407644,
      "std": 0.4676297682974944
    },
    "precession (18-26)": {
      "label": "precession (18-26)",
      "n_draws": 5000,
      "mean": 2.4088388411327912,
      "median": 2.389492252014496,
      "p5": 1.8960744251577535,
      "p95": 2.9819888711838143,
      "p25": 2.1667714753830056,
      "p75": 2.6310421986313544,
      "std": 0.32771058429651423
    },
    "long (>130)": {
      "label": "long (>130)",
      "n_draws": 5000,
      "mean": 2.187623253165077,
      "median": 2.1837905986685877,
      "p5": 1.857742772549879,
      "p95": 2.525010016755349,
      "p25": 2.042887154691941,
      "p75": 2.332067486754186,
      "std": 0.20332360303709596
    }
  },
  "overall": {
    "label": "overall",
    "n_draws": 5000,
    "mean": 3.640380357983413,
    "median": 3.62553404606419,
    "p5": 3.0134146020187598,
    "p95": 4.305680952685208,
    "p25": 3.3578187743942554,
    "p75": 3.910890866466084,
    "std": 0.3919129729272362
  }
}