{
  "_meta": {
    "description": "Deconvolution of the core-mantle damped resonator (T0=3850 yr, Q=2) from CFF core-flow \u0394LOD and the observed LOD residual: recovered forcing f(t), kick epochs, episodicity (kurtosis vs phase-randomized surrogates), and timing tests vs the shipped-stack beat-envelope extrema and Gallet jerk epochs.",
    "T0_yr": 3850.0,
    "Q": 2.0
  },
  "envelope_extrema_epochs": [
    -6883.0,
    -6830.0,
    -6589.0,
    -6376.0,
    -6309.0,
    -6119.0,
    -5890.0,
    -5869.0,
    -5814.0,
    -5407.0,
    -5362.0,
    -5250.0,
    -5191.0,
    -5152.0,
    -4855.0,
    -4695.0,
    -4492.0,
    -4348.0,
    -3995.0,
    -3984.0,
    -3966.0,
    -3841.0,
    -3793.0,
    -3486.0,
    -3334.0,
    -3272.0,
    -3094.0,
    -2838.0,
    -2827.0,
    -2561.0,
    -2395.0,
    -2319.0,
    -2119.0,
    -1849.0,
    -1812.0,
    -1721.0,
    -1696.0,
    -1680.0,
    -1305.0,
    -1138.0,
    -997.0,
    -798.0,
    -523.0,
    -426.0,
    -298.0,
    -291.0,
    -271.0,
    44.0,
    216.0,
    285.0,
    400.0,
    634.0,
    723.0,
    997.0,
    1099.0,
    1230.0,
    1576.0,
    1709.0,
    1737.0,
    1791.0,
    1798.0,
    1809.0
  ],
  "results": {
    "cff_mp": {
      "kicks": [
        [
          -5500.0,
          -1.1781965035756374e-05
        ],
        [
          -4350.0,
          -1.9967116015700248e-05
        ],
        [
          -2600.0,
          1.3227665945403227e-05
        ],
        [
          -1850.0,
          2.335142647399828e-05
        ],
        [
          -1400.0,
          -1.7202771897456363e-05
        ],
        [
          950.0,
          -2.3949285067213105e-05
        ],
        [
          1400.0,
          3.384374015923755e-05
        ]
      ],
      "kurtosis": {
        "kurtosis_obs": 0.4548299587504445,
        "null_p95": 1.0347148266168824,
        "episodic": false
      },
      "vs_envelope_extrema": {
        "mean_nearest_yr": 63.857142857142854,
        "null_mean_yr": 56.72639505688306,
        "p_value": 0.6843333333333333
      }
    },
    "observed_residual": {
      "kicks": [
        [
          730.0,
          7.851641936023033e-05
        ],
        [
          1220.0,
          -6.010611753105135e-05
        ]
      ],
      "kurtosis": {
        "kurtosis_obs": -0.7418579201928961,
        "null_p95": 0.33833792526261885,
        "episodic": false
      },
      "vs_envelope_extrema": {
        "mean_nearest_yr": 8.5,
        "null_mean_yr": 57.54555724137162,
        "p_value": 0.021333333333333333
      },
      "vs_gallet_jerks": {
        "mean_nearest_yr": 125.0,
        "null_mean_yr": 223.69671851953305,
        "p_value": 0.16733333333333333
      }
    }
  },
  "verdict": "Episodicity: neither record(s) show impulsive forcing above surrogate p95 \u2014 the recovered driving is SMOOTH, favoring continuous envelope-modulated forcing over discrete kicks. Timing p-values (envelope extrema / jerks): [0.68, 0.02, 0.17]. In the well-measured window the two forcing extrema (+730 push, \u22121220 pull, bracketing the ~900 CE turnaround) land 7-10 yr from CONSECUTIVE extrema (max 723, min 1230) of the hallstatt\u00d7jose4 envelope \u2014 the same pair whose 1,014-yr difference tone carries the strong phase hit. MARGINAL support (p = 0.02 uncorrected, ~0.06 after multiplicity; n = 2 events; dense extremum comb; and the stack phases were fitted to the same eclipse record \u2014 partial circularity). The CFF core-side test is powerless (dense comb + posterior noise, p = 0.68). Status: the formula reads \"damped resonator (T0~3.85 kyr, Q~2) driven by the stack beat envelope, leading candidate hallstatt\u00d7jose4\" \u2014 driving-phase evidence suggestive but not established; needs an independent record or n > 2."
}