{
  "_meta": {
    "description": "Stage 3.1 kick-epoch stability: coordinate refinement, ridge map with 2% stability box, era jackknife. Guard-aware solver throughout."
  },
  "refined_optimum": {
    "t1": -1580.0,
    "t2": 1640.0,
    "n": 677,
    "Q": 1.6999999999999997,
    "T0_yr": 3962.387001477105,
    "rms_s": 52.26073502702891
  },
  "refinement_trace": [
    {
      "round": 1,
      "t1": -2320.0,
      "t2": 1640.0,
      "n": 686,
      "Q": 1.6999999999999997,
      "rms_s": 52.30400667228316
    },
    {
      "round": 2,
      "t1": -1220.0,
      "t2": 1640.0,
      "n": 677,
      "Q": 1.6999999999999997,
      "rms_s": 52.26073502702899
    },
    {
      "round": 3,
      "t1": -1580.0,
      "t2": 1640.0,
      "n": 677,
      "Q": 1.6999999999999997,
      "rms_s": 52.26073502702891
    },
    {
      "round": 4,
      "t1": -1580.0,
      "t2": 1640.0,
      "n": 677,
      "Q": 1.6999999999999997,
      "rms_s": 52.26073502702891
    }
  ],
  "stability_box": {
    "t1": [
      -2350.0,
      -750.0
    ],
    "t2": [
      1640.0,
      1640.0
    ]
  },
  "ridge_surface_sample": [
    [
      -2350.0,
      1640.0,
      52.260735027028986
    ],
    [
      -2300.0,
      1640.0,
      52.26073502702896
    ],
    [
      -2250.0,
      1640.0,
      52.26073502702895
    ],
    [
      -2200.0,
      1640.0,
      52.26073502702895
    ],
    [
      -2150.0,
      1640.0,
      52.260735027028964
    ],
    [
      -2100.0,
      1640.0,
      52.26073502702898
    ],
    [
      -2050.0,
      1640.0,
      52.26073502702897
    ],
    [
      -2000.0,
      1640.0,
      52.260735027028964
    ],
    [
      -1950.0,
      1640.0,
      52.26073502702897
    ],
    [
      -1900.0,
      1640.0,
      52.260735027028986
    ],
    [
      -1850.0,
      1640.0,
      52.26073502702897
    ],
    [
      -1800.0,
      1640.0,
      52.26073502702901
    ],
    [
      -1750.0,
      1640.0,
      52.26073502702897
    ],
    [
      -1700.0,
      1640.0,
      52.260735027028964
    ],
    [
      -1650.0,
      1640.0,
      52.26073502702894
    ],
    [
      -1600.0,
      1640.0,
      52.26073502702893
    ],
    [
      -1550.0,
      1640.0,
      52.26073502702892
    ],
    [
      -1500.0,
      1640.0,
      52.26073502702894
    ],
    [
      -1450.0,
      1640.0,
      52.26073502702899
    ],
    [
      -1400.0,
      1640.0,
      52.260735027028964
    ],
    [
      -1350.0,
      1640.0,
      52.26073502702897
    ],
    [
      -1300.0,
      1640.0,
      52.26073502702897
    ],
    [
      -1250.0,
      1640.0,
      52.26073502702897
    ],
    [
      -1200.0,
      1640.0,
      52.26073502702897
    ],
    [
      -1150.0,
      1640.0,
      52.26073502702897
    ],
    [
      -1100.0,
      1640.0,
      52.26073502702896
    ],
    [
      -1050.0,
      1640.0,
      52.260735027028936
    ],
    [
      -1000.0,
      1640.0,
      52.26073502702894
    ],
    [
      -950.0,
      1640.0,
      52.26073502702893
    ],
    [
      -900.0,
      1640.0,
      52.260735027028936
    ],
    [
      -850.0,
      1640.0,
      52.26073502702892
    ],
    [
      -800.0,
      1640.0,
      52.260735027028986
    ],
    [
      -750.0,
      1640.0,
      52.26073502702897
    ],
    [
      -700.0,
      1640.0,
      82.84977812688692
    ]
  ],
  "jackknife": {
    "drop_babylonian(y<-300)": {
      "t1": -1600.0,
      "t2": 600.0
    },
    "drop_medieval(500..1500)": {
      "t1": -1700.0,
      "t2": 1600.0
    },
    "drop_late(y>1200)": {
      "t1": -2600.0,
      "t2": 1300.0
    }
  },
  "verdict": "Ridge optimum: t1 = -1580, t2 = +1640, n = 677, Q = 1.70, RMS = 52.26 s vs shipped 53.40 s (gain 2.1%). Stability box: t1 \u2208 [-2350.0, -750.0], t2 \u2208 [1640.0, 1640.0]; jackknife optima SCATTER OUTSIDE the box; t2 rides the grid/guard edge. EPOCHS ARE NOT DATA-PINNABLE (broad ridge, era-dependent jackknife, edge-riding t2, sub-floor RMS gain) \u2014 the shipped values (\u2212800, +1600, n = 685, Q = 1.8) STAND AS CONVENTION: excitation just before the record edge (minimal extrapolated claim; full strength at \u2212720 as observed), termination 50 yr clear of the guard window, consistent with the Dumberry & Finlay westward-reversal era. Documented uncertainty: t1 unconstrained within the box and earlier; t2 \u2208 ~[1300, 1640] per jackknife; n \u2208 ~[671, 705]; Q \u2208 ~[1.5, 2.5] along the ridge."
}