{
  "metadata": {
    "H_kyr": 335.317,
    "eight_H_kyr": 2682.536,
    "L1_n_components": 32
  },
  "test_A_lattice_extension": {
    "post-mpt": {
      "r2_canon": 0.8735160573771876,
      "per_integer": {
        "23": {
          "r2_canon": 0.8735160573771876,
          "r2_extended": 0.8735221019174535,
          "delta_r2": 6.044540265870424e-06,
          "amplitude": 0.0034916081229571906
        },
        "24": {
          "r2_canon": 0.8735160573771876,
          "r2_extended": 0.873532055440289,
          "delta_r2": 1.5998063101374527e-05,
          "amplitude": 0.005653981297161465
        },
        "26": {
          "r2_canon": 0.8735160573771876,
          "r2_extended": 0.8735295738019411,
          "delta_r2": 1.3516424753445833e-05,
          "amplitude": 0.0052320847124125115
        },
        "27": {
          "r2_canon": 0.8735160573771876,
          "r2_extended": 0.8735332329910067,
          "delta_r2": 1.7175613819087054e-05,
          "amplitude": 0.005853713507568681
        },
        "29": {
          "r2_canon": 0.8735160573771876,
          "r2_extended": 0.8735215910391052,
          "delta_r2": 5.533661917578314e-06,
          "amplitude": 0.003314362833089116
        }
      },
      "batch_all": {
        "r2_extended": 0.8736674531961321,
        "delta_r2": 0.00015139581894452192,
        "amplitudes": {
          "23": {
            "a_cos": -0.02080944028524849,
            "b_sin": -0.046261143523250524,
            "amp": 0.050725991415290314
          },
          "24": {
            "a_cos": -0.05561277674735068,
            "b_sin": 0.05106577806768795,
            "amp": 0.07550162003036112
          },
          "26": {
            "a_cos": -0.013963529319296517,
            "b_sin": 0.08061425943106384,
            "amp": 0.08181466234526498
          },
          "27": {
            "a_cos": 0.058775902210074615,
            "b_sin": -0.010106112373460468,
            "amp": 0.05963841201703198
          },
          "29": {
            "a_cos": 0.010699416038371134,
            "b_sin": -0.009345554479934515,
            "amp": 0.014206227229619324
          }
        }
      }
    },
    "inhg-mpt": {
      "r2_canon": 0.7288534879845776,
      "per_integer": {
        "23": {
          "r2_canon": 0.7288534879845776,
          "r2_extended": 0.7311829547279964,
          "delta_r2": 0.0023294667434188288,
          "amplitude": 0.06810852147054097
        },
        "24": {
          "r2_canon": 0.7288534879845776,
          "r2_extended": 0.7322708966578637,
          "delta_r2": 0.003417408673286104,
          "amplitude": 0.08305482236982789
        },
        "26": {
          "r2_canon": 0.7288534879845776,
          "r2_extended": 0.7289533599768645,
          "delta_r2": 9.987199228689292e-05,
          "amplitude": 0.014137989083388055
        },
        "27": {
          "r2_canon": 0.7288534879845776,
          "r2_extended": 0.7326666106663726,
          "delta_r2": 0.0038131226817950115,
          "amplitude": 0.08759936315176065
        },
        "29": {
          "r2_canon": 0.7288534879845776,
          "r2_extended": 0.7328623725919836,
          "delta_r2": 0.004008884607406005,
          "amplitude": 0.0897891374610172
        }
      },
      "batch_all": {
        "r2_extended": 0.7393107648349804,
        "delta_r2": 0.010457276850402764,
        "amplitudes": {
          "23": {
            "a_cos": -0.0015494298686328455,
            "b_sin": -0.02207549156919428,
            "amp": 0.022129800291448166
          },
          "24": {
            "a_cos": -0.035051603501443845,
            "b_sin": 0.06500661240161981,
            "amp": 0.07385441465448671
          },
          "26": {
            "a_cos": 0.009278141217571324,
            "b_sin": 0.01267014532467083,
            "amp": 0.015704027731810524
          },
          "27": {
            "a_cos": -0.06299622973272617,
            "b_sin": 0.05545946452394624,
            "amp": 0.083930192218422
          },
          "29": {
            "a_cos": -0.002404512702231698,
            "b_sin": 0.07160332147382273,
            "amp": 0.07164368309501401
          }
        }
      }
    },
    "pre-inhg": {
      "r2_canon": 0.42975047528483323,
      "per_integer": {
        "23": {
          "r2_canon": 0.42975047528483323,
          "r2_extended": 0.43144218537589973,
          "delta_r2": 0.0016917100910665006,
          "amplitude": 0.05817660783457716
        },
        "24": {
          "r2_canon": 0.42975047528483323,
          "r2_extended": 0.44890047072850603,
          "delta_r2": 0.019149995443672796,
          "amplitude": 0.19585999013990402
        },
        "26": {
          "r2_canon": 0.42975047528483323,
          "r2_extended": 0.4433686012258271,
          "delta_r2": 0.013618125940993875,
          "amplitude": 0.1650132050800706
        },
        "27": {
          "r2_canon": 0.42975047528483323,
          "r2_extended": 0.4574181837147565,
          "delta_r2": 0.027667708429923277,
          "amplitude": 0.23525237832973364
        },
        "29": {
          "r2_canon": 0.42975047528483323,
          "r2_extended": 0.4329430534034038,
          "delta_r2": 0.0031925781185705437,
          "amplitude": 0.08005353290453845
        }
      },
      "batch_all": {
        "r2_extended": 0.49808162045704485,
        "delta_r2": 0.06833114517221162,
        "amplitudes": {
          "23": {
            "a_cos": 0.007065351234833026,
            "b_sin": 0.0716897284083132,
            "amp": 0.07203704843571303
          },
          "24": {
            "a_cos": 0.08014837661074256,
            "b_sin": 0.18961325107076935,
            "amp": 0.20585661819568501
          },
          "26": {
            "a_cos": 0.006612527364611361,
            "b_sin": 0.17625605877152678,
            "amp": 0.17638005491500347
          },
          "27": {
            "a_cos": 0.028056957594809022,
            "b_sin": 0.24345521498874184,
            "amp": 0.24506659212281756
          },
          "29": {
            "a_cos": -0.06946140746477354,
            "b_sin": -0.00670137700539193,
            "amp": 0.06978392064620398
          }
        }
      }
    },
    "lr04-full": {
      "r2_canon": 0.25525662694102247,
      "per_integer": {
        "23": {
          "r2_canon": 0.25525662694102247,
          "r2_extended": 0.25840215984975323,
          "delta_r2": 0.0031455329087307637,
          "amplitude": 0.07924300530983744
        },
        "24": {
          "r2_canon": 0.25525662694102247,
          "r2_extended": 0.2584050979321254,
          "delta_r2": 0.0031484709911029363,
          "amplitude": 0.07941446517299984
        },
        "26": {
          "r2_canon": 0.25525662694102247,
          "r2_extended": 0.26881643535702804,
          "delta_r2": 0.01355980841600557,
          "amplitude": 0.16469546885150127
        },
        "27": {
          "r2_canon": 0.25525662694102247,
          "r2_extended": 0.2708448547629706,
          "delta_r2": 0.01558822782194813,
          "amplitude": 0.1764903020235067
        },
        "29": {
          "r2_canon": 0.25525662694102247,
          "r2_extended": 0.2622907301191655,
          "delta_r2": 0.007034103178143014,
          "amplitude": 0.11861788992212274
        }
      },
      "batch_all": {
        "r2_extended": 0.29778966340665936,
        "delta_r2": 0.042533036465636886,
        "amplitudes": {
          "23": {
            "a_cos": -0.08094841211879594,
            "b_sin": 0.0008789146455232277,
            "amp": 0.0809531834797653
          },
          "24": {
            "a_cos": 0.0023890039643577623,
            "b_sin": 0.07981881443951586,
            "amp": 0.07985455828236471
          },
          "26": {
            "a_cos": -0.13152829814959402,
            "b_sin": 0.10105195330556134,
            "amp": 0.16586497665570585
          },
          "27": {
            "a_cos": -0.1757988036054705,