year_ce,age_kyr_BP,obliquity_deg,eccentricity,perihelion_deg,e_sin_peri,e_cos_peri,eps_anom,e_squared,inclination_deg,incl_anom
1950.0000,0,23.44577887973307,0.016723543725215735,102.05818350027448,0.016354554844749524,-0.003493629997478619,-0.004221120266930001,0.00027967691472920256,1.5804429140531981,0.0017662680333689895
950.0000,1,23.575138875298272,0.017130712910351793,84.9041825479261,0.0170630046578963,0.0015215770967988342,0.12513887529827272,0.0002934613248168936,1.6155850035413584,0.03690835752152921
-50.0000,2,23.700973189505184,0.017513650331262468,67.83903100742486,0.016219877794607034,0.00660632365644793,0.250973189505185,0.00030672794792572995,1.6503023283510423,0.07162568233121314
-1050.0000,3,23.820009113156182,0.017862402106118988,50.86774674839813,0.013855709208349795,0.011273186387811336,0.3700091131561827,0.00031906540900068406,1.684485284473869,0.10580863845403976
-2050.0000,4,23.92913021679839,0.01818018050184011,33.98367132278116,0.010161932135717066,0.015074949364709921,0.4791302167983922,0.0003305189630794873,1.718025799273386,0.1393491532535569
-3050.0000,5,24.025353501198325,0.018472826669696657,17.205710109422114,0.005464322199159515,0.017646147116932596,0.5753535011983253,0.00034124532516865606,1.7508179112877698,0.1721412652679406
-4050.0000,6,24.1059183893747,0.018735320464743993,0.509878698519401,0.00016672457921102011,0.018734578613658272,0.6559183893747011,0.0003510122329166551,1.7827580234127889,0.20408137739295973
-5050.0000,7,24.168446174249585,0.018969100618477418,343.8800804775864,-0.005266745410228443,0.018223286505396275,0.7184461742495856,0.00035982677827392035,1.8137452301891188,0.23506858416928966
-6050.0000,8,24.210924996462396,0.0191743935946896,327.3207952480541,-0.010352923565431328,0.016139217557626834,0.7609249964623963,0.0003676573697240736,1.843681636585826,0.2650049905659968
-7050.0000,9,24.23174472227717,0.019342793005686552,310.8127834520726,-0.014639578378595662,0.01264224608832588,0.7817447222771712,0.0003741436412608366,1.8724726672624972,0.293796021242668
-8050.0000,10,24.229847190009302,0.019478360320315857,294.34372084075835,-0.017746519747554715,0.008029169173563715,0.7798471900093027,0.00037940652076805524,1.9000273653654869,0.32135071934565773
-9050.0000,11,24.204650905602204,0.019575706808209255,277.9281503371096,-0.01938859858057675,0.002700100391138714,0.7546509056022046,0.00038320829704097017,1.9262586798707488,0.3475820338509197
-10050.0000,12,24.156152343035046,0.01963493456025165,261.54261711602317,-0.019421415087461903,-0.002887783091901435,0.7061523430350469,0.00038553065518536465,1.9510837435580082,0.372407097538179
-11050.0000,13,24.084982171011877,0.01966388883738357,245.19287270099676,-0.017849409272896206,-0.008250279559967964,0.6349821710118775,0.00038666852420897815,1.9744241782441267,0.3957475322242976
-12050.0000,14,23.992302876627654,0.01965697593789241,228.8696615389499,-0.014805933111931563,-0.012929851031929554,0.5423028766276552,0.0003863967030228812,1.996206186665828,0.4175295406459989
-13050.0000,15,23.879862249302157,0.019622665128730506,212.54142509204053,-0.01055521295406327,-0.01654196077400352,0.42986224930215755,0.0003850489867542962,2.0163609545905183,0.4376843085706892
-14050.0000,16,23.74999223516633,0.019559760423594814,196.21574271746022,-0.005462159879226573,-0.018781614341749048,0.2999922351663322,0.000382584227828426,2.0348248086003804,0.45614816258055124
-15050.0000,17,23.60556492437255,0.01946143593418688,179.86851979189498,0.000044659334817592244,-0.01946138469288026,0.15556492437255187,0.00037874748862046036,2.0515394172526844,0.47286277123285525
-16050.0000,18,23.449995969072347,0.019335740442485927,163.50305631476488,0.005490658031606479,-0.01853978243775102,-0.000004030927652109995,0.0003738708584591859,2.0664519753628783,0.4877753293430491
-17050.0000,19,23.287123940600974,0.019181706597588825,147.14031437415377,0.010407678334527099,-0.01611266891861798,-0.16287605939902505,0.0003679378679959827,2.0795153708237653,0.5008387248039361
-18050.0000,20,23.121113034971337,0.018998202582875438,130.7632592009818,0.014389502798367745,-0.012404592318804428,-0.3288869650286621,0.000360931701379975,2.090688333449689,0.5120116874298597
-19050.0000,21,22.95650314260279,0.018797632435745695,114.38548674035451,0.01712066317628861,-0.0077610487431450815,-0.49349685739720783,0.0003533509851893986,2.0999355653538054,0.5212589193339763
-20050.0000,22,22.797972179851556,0.01857821272045246,98.02451548007036,0.018396302836882778,-0.0025934590453832386,-0.6520278201484437,0.00034514998788638153,2.107227853237797,0.5285512072179677
-21050.0000,23,22.65013143350091,0.018341071539540534,81.6596961472585,0.01814709634977215,0.00266041336837531,-0.7998685664990894,0.0003363949052185438,2.1125421679538245,0.5338655219339954
-22050.0000,24,22.517472326581398,0.018093056011076927,65.31075811026733,0.0164391086444022,0.0075574058245874145,-0.9325276734186012,0.0003273586758199669,2.115861701000424,0.537185054980595
-23050.0000,25,22.404204251899493,0.017828472972363386,49.00482321155101,0.013456303930045889,0.011695397944000168,-1.045795748100506,0.00031785444852629175,2.1171759651795092,0.5384993191596801
-24050.0000,26,22.314010500445708,0.017549947914726027,32.733506599670534,0.00948982447273621,0.014762923263576673,-1.1359894995542916,0.00030800067180959646,2.116480808416317,0.537804162396488
-25050.0000,27,22.24993527449402,0.01726288508151802,16.543265546897885,0.00491542170373276,0.016548287851381193,-1.2000647255059782,0.0002980072013376974,2.113778426877264,0.535101780857435
-26050.0000,28,22.214207041760815,0.016963137264584115,0.4577861936733143,0.00013553192722016167,0.016962595820033743,-1.235792958239184,0.00028774802585712227,2.1090773580313167,0.5304007120114875
-27050.0000,29,22.20818531702368,0.016658995199786676,344.49001317696184,-0.004454720861862804,0.016052338867261675,-1.2418146829763188,0.0002775221210665155,2.102392453679599,0.5237158076597697
-28050.0000,30,22.232297631298415,0.01635648790718003,328.6739590517575,-0.008503859264373512,0.013972081959015817,-1.217702368701584,0.0002675346966577265,2.093744833032948,0.5150681870131189
-29050.0000,31,22.285933326911934,0.016052538364271743,313.0180286073062,-0.011736637951484366,0.010951498414929027,-1.1640666730880653,0.00025768398793641614,2.083161815992504,0.5044851699726747
-30050.0000,32,22.36751150110514,0.015757244848806532,297.5309274474196,-0.013972917426090588,0.007283429400282121,-1.0824884988948575,0.00024829076522523997,2.0706768351905533,0.4920001891707242
-31050.0000,33,22.474592222547386,0.01546728039588677,282.22527522873656,-0.015116522323609757,0.0032752886414469003,-0.9754077774526131,0.00023923676284498318,2.056329299233684,0.47765265321385475
-32050.0000,34,22.603966820796327,0.015183684055996682,267.11391430262756,-0.015164425287493922,-0.0007645045535134221,-0.8460331792036726,0.00023054426151232786,2.0401645625748763,0.4614879165550472
-33050.0000,35,22.751835169552642,0.014911169147898034,252.22180719558582,-0.014199096310294637,-0.00455287044931035,-0.6981648304473573,0.0002223429653572262,2.022233693731847,0.44355704771201787
-34050.0000,36,22.91388175157018,0.014655118569654109,237.55664035991595,-0.012367779713135636,-0.007861967009468512,-0.536118248429819,0.00021477250029062068,2.0025933408845247,0.4239166948646955
-35050.0000,37,23.085555822396163,0.0144228128784624,223.1166636157276,-0.009857792146917798,-0.010528127341332202,-0.3644441776038363,0.00020801753132714088,1.9813055529080446,0.4026289068882154
-36050.0000,38,23.26225304359485,0.014217002104217245,208.89684822897573,-0.006870141983515608,-0.01244685895949873,-0.1877469564051495,0.0002021231488313176,1.958437583342838,0.37976093732300886
-37050.0000,39,23.439344332283895,0.014044567502811387,194.86806120634833,-0.0036037525872933333,-0.013574345053467675,-0.010655667716104489,0.0001972498763410257,1.934061677930341,0.35538503191051185
-38050.0000,40,23.61213646026404,0.013906089164283297,181.01711386656893,-0.00024684773247017535,-0.01390389808801732,0.1621364602640405,0.00019337931584499733,1.9082548463603208,0.3295782003404917
-39050.0000,41,23.776800658157512,0.013801298906309855,167.31689400445407,0.0030301932116659617,-0.013464537890372738,0.3268006581575129,0.0001904758515013096,1.8810986189842023,0.3024219729643731
-40050.0000,42,23.929370350422104,0.01373063309142671,153.7572325183337,0.006071349186198114,-0.012315397035850438,0.47937035042210496,0.00018853028509138224,1.8526787856735518,0.27400213965372267
-41050.0000,43,24.066372364933365,0.013699413904393196,140.32101271476301,0.008746878563366962,-0.010543531510911947,0.6163723649333654,0.00018767394132388165,1.8230850648295598,0.24440841880973063
-42050.0000,44,24.18488578223974,0.0137089719112372,126.99322802081764,0.01094944682443226,-0.008248971154151337,0.7348857822397399,0.00018793591086309054,1.7924110158994688,0.21373436987963967
-43050.0000,45,24.282424793533345,0.013762762110994205,113.73381399833306,0.012598779507670277,-0.005539347961712204,0.8324247935333453,0.00018941362092381766,1.7607535464874435,0.18207690046761438
-44050.0000,46,24.357021076126674,0.01386416416347478,100.5056487020334,0.013631758298780489,-0.002527887188030275,0.907021076126675,0.00019221504795177837,1.7282126710906978,0.1495360250708686
-45050.0000,47,24.407389644144867,0.014008045503165298,87.26841017383532,0.013992128877780601,0.000667583917067885,0.9573896441448682,0.00019622533881874952,1.6948911951245815,0.11621454910475237
-46050.0000,48,24.4328049107309,0.014191767894454891,73.99538596534723,0.013641687814220453,0.003912879955918637,0.982804910730902,0.0002014062759700806,1.6608943901300037,0.08221774411017457
-47050.0000,49,24.433078711134073,0.014412020798835676,60.66379962437844,0.01256382179386274,0.0070609295024190505,0.9830787111340733,0.0002077063435060721,1.6263296612021307,0.047653015182301584
-48050.0000,50,24.408648433466947,0.014665413300251166,47.25221162451044,0.010769527348706773,0.009954477784024668,0.9586484334669478,0.0002150743472671838,1.5913062076538533,0.012629561634024178
-49050.0000,51,24.36051190462184,0.01495048911574943,33.762776371588245,0.00830881847351383,0.01242902491647424,0.910511904621842,0.00022351712480014218,1.5559346780354968,-0.022741967984332367
-50050.0000,52,24.290183276052954,0.015265963774832409,20.15893246878676,0.005261039371284338,0.014330775090981348,0.8401832760529544,0.00023304964997449538,1.5203268161801058,-0.058349829839723366
-51050.0000,53,24.199582240967093,0.01561301212195977,6.427312936735916,0.0017477619414278756,0.015514879171832405,0.7495822409670936,0.0002437661475204627,1.484595037846352,-0.09408160817347722
-52050.0000,54,24.09099868046989,0.015983214719154433,352.55605486065315,-0.002070723889557528,0.015848509561842423,0.6409986804698917,0.00025546315275859493,1.448852312801684,-0.12982433321814524
-53050.0000,55,23.967109682866948,0.016373672890539474,338.520185669271,-0.005995603668171273,0.015236466144765934,0.5171096828669484,0.0002680971639263873,1.4132115625214337,-0.1654650834983955
-54050.0000,56,23.830829461796625,0.016784849741551013,324.32217484543594,-0.009789375408288245,0.013634489721366414,0.38082946179662613,0.0002817311808464451,1.3777853863161234,-0.2008912597037058
-55050.0000,57,23.68523880458872,0.01720315777090283,309.9618804506414,-0.013185737497970793,0.011049206483959897,0.2352388045887217,0.00029594863729057446,1.3426857055954764,-0.23599094042435276
-56050.0000,58,23.533596236440747,0.017630772820669164,295.43116828162044,-0.015922383078112196,0.0075711206150670275,0.08359623644074787,0.0003108441502540465,1.308023410274217,-0.2706532357456122
-57050.0000,59,23.379207635716305,0.01806991711517858,280.75670011997886,-0.01775240299492971,0.003372549844707185,-0.07079236428369384,0.0003265219045494238,1.2739080084492103,-0.3047686375706189
-58050.0000,60,23.225452759077612,0.018514654454025784,265.9358236470033,-0.01846809548712827,-0.0013122037304813877,-0.2245472409223872,0.0003427924295519768,1.240447280416969,-0.3382293656028601
-59050.0000,61,23.075669440428932,0.018969410869916596,250.95033862922298,-0.017930570675754647,-0.006191379813375807,-0.3743305595710673,0.0003598385487517099,1.207746938175029,-0.37092970784480017
-60050.0000,62,22.933008533145347,0.01943472535766074,235.8323158828922,-0.016080242555301157,-0.010914868258040639,-0.5169914668546518,0.00037770854972770144,1.1759102875917407,-0.4027663584280885
-61050.0000,63,22.800486437160497,0.019902158807327087,220.56882796109699,-0.01294358861737714,-0.015118182393931224,-0.6495135628395019,0.0003960959251920671,1.1450378429810786,-0.4336388030387506
-62050.0000,64,22.680894211227898,0.020374489428935254,205.16644667565902,-0.008664238129525003,-0.018440466293580524,-0.7691057887721016,0.0004151198194897944,1.115227215044,-0.46344943097582925
-63050.0000,65,22.576673361550842,0.02085194549261203,189.66304259443154,-0.0035000728212927585,-0.020556096931871843,-0.8733266384491571,0.00043480363082686323,1.0865725845295537,-0.4921040614902754
-64050.0000,66,22.48986066689368,0.021327510074937446,174.06310608297952,0.0022059688783883477,-0.021213118283367496,-0.9601393331063193,0.0004548626859965583,1.0591644800450761,-0.519512165974753
-65050.0000,67,22.422111712306158,0.021812018303785166,158.3837566175107,0.008035288634280584,-0.020278024535157767,-1.027888287693841,0.0004757641424846591,1.033089492046774,-0.5455871539730552
-66050.0000,68,22.374594819992595,0.02230423874839932,142.65401789198222,0.013530344599710638,-0.017731577514667973,-1.0754051800074045,0.0004974790661455976,1.0084299992726569,-0.5702466467471723
-67050.0000,69,22.34803307294991,0.02280502508451793,126.8654715548181,0.018245077024193465,-0.013681605661863666,-1.1019669270500891,0.000520069169105492,0.9852639084903626,-0.5934127375294665
-68050.0000,70,22.34264327479525,0.023319705031747004,111.03146810150565,0.02176622701878409,-0.008368990628172545,-1.107356725204749,0.0005438086427676865,0.963664408355453,-0.6150122376643762
-69050.0000,71,22.358098301313124,0.02383860086969408,95.17345270188906,0.02374148920880486,-0.0021495538078358826,-1.0919016986868755,0.0005682788914245793,0.9436997381936961,-0.634976907826133
-70050.0000,72,22.393682715677894,0.024364853118416328,79.29313356660202,0.02394067415469846,0.004526608940537611,-1.0563172843221054,0.0005936460674820018,0.9254329702736356,-0.6532436757461936
-71050.0000,73,22.448246177280932,0.024899203566852345,63.41766361954973,0.022267164363765187,0.011141980499920932,-1.001753822719067,0.0006199703382635525,0.9089217809406556,-0.6697548650791736
-72050.0000,74,22.520242890769328,0.025436437227556768,47.55199346381477,0.018769295268318727,0.01716758264759789,-0.9297571092306711,0.0006470123388314359,0.8942183789077969,-0.6844582671120323
-73050.0000,75,22.607880243256787,0.02598298108408556,31.70465214817716,0.013655114877838605,0.02210550030397364,-0.8421197567432124,0.000675115306015948,0.8813692168770175,-0.6973074291428116
-74050.0000,76,22.70910467111483,0.026540993737240597,15.889079166262945,0.007266284486855428,0.02552695552384437,-0.7408953288851698,0.0007044243485602446,0.8704148894201802,-0.708261756599649
-75050.0000,77,22.821689422581542,0.027106281137750238,0.09356393370916294,0.0000442645023042407,0.027106244995804753,-0.628310577418457,0.0007347504771187543,0.8613900047266838,-0.7172866412931453
-76050.0000,78,22.943376360005814,0.02768276352969104,344.3160966389288,-0.00748348083683752,0.026652071424290418,-0.506623639994185,0.0007663353966407923,0.8543230752647881,-0.724353570755041
-77050.0000,79,23.071751281137935,0.0282644211994312,328.5690618488619,-0.01473906043924224,0.0241171640767985,-0.37824871886206424,0.0007988775057388558,0.8492364277036111,-0.7294402183162181
-78050.0000,80,23.204328500537365,0.02884521326041057,312.8392299194495,-0.021151170446966124,0.01961311593709558,-0.24567149946263456,0.0008320463280385657,0.8461461323730268,-0.7325305136468023
-79050.0000,81,23.338642725157783,0.029430447586991135,297.1387299240848,-0.0261902927178027,0.013424597294758723,-0.11135727484221647,0.0008661512451706323,0.8450619524946043,-0.7336146935252249
-80050.0000,82,23.472213219486314,0.03001640287530748,281.47406790485525,-0.029416520209160604,0.00597099492185456,0.022213219486314273,0.0009009844415727671,0.8459873135729328,-0.7326893324468964
-81050.0000,83,23.602550206946656,0.030604467338701865,265.8268523416018,-0.03052332545857837,-0.002227111141225482,0.15255020694665689,0.0009366334210856692,0.8489193015334001,-0.729757344486429
-82050.0000,84,23.727188553515425,0.031199629954130073,250.20109736028667,-0.029355334230627857,-0.010567935535513969,0.27718855351542615,0.0009734169092746505,0.8538486534370505,-0.7248279925827786
-83050.0000,85,23.843765986882037,0.031793939557637395,234.59316852400912,-0.025913927718631467,-0.018420720474190033,0.39376598688203757,0.0010108545925947,0.8607597958238646,-0.7179168501959645
-84050.0000,86,23.950097260287055,0.03239063263517536,218.98962173544737,-0.02037952568940358,-0.02517594119753672,0.5000972602870561,0.001049153082506887,0.8696308940992076,-0.7090457519206216
-85050.0000,87,24.044104468610882,0.03298901069028483,203.38697467340012,-0.013094632923375978,-0.030278794806361836,0.5941044686108832,0.0010882748263237266,0.8804339215167101,-0.6982427245031191
-86050.0000,88,24.123875960178207,0.03358184723417515,187.78390725770828,-0.0045482345307711475,-0.03327242140741455,0.6738759601782078,0.001127740463659477,0.8931347477250597,-0.6855418982947694
-87050.0000,89,24.18777163824662,0.03416909917605834,172.17541869018146,0.004651802186628409,-0.033850968596478744,0.7377716382466204,0.001167527338503311,0.9076932465932903,-0.6709833994265388
-88050.0000,90,24.234381499631645,0.03475267531191002,156.55949123230334,0.013824497966281327,-0.03188466241494998,0.784381499631646,0.0012077484413350404,0.9240634229880984,-0.6546132230317308
-89050.0000,91,24.26256973457711,0.03533157321550174,140.93466393244603,0.022266175936298215,-0.02743241650048669,0.8125697345771101,0.00124832006588236,0.9421935580841916,-0.6364830879356376
-90050.0000,92,24.2714810146498,0.03590493195524743,125.28960121616439,0.029307129761275075,-0.020742619985593253,0.8214810146498017,0.001289164138710948,0.9620263753001888,-0.6166502707196404
-91050.0000,93,24.260507482763327,0.03647589145835006,109.61343650278928,0.03435951499593958,-0.012243953075912117,0.8105074827633274,0.001330490657681335,0.9834992660184707,-0.5951773800013584
-92050.0000,94,24.22945368962394,0.037039181183456935,93.90158539707761,0.036953339045414035,-0.0025202531887944368,0.7794536896239421,0.0013719009427409503,1.0065443455865466,-0.5721323004332826
-93050.0000,95,24.178539812655544,0.037590356945346584,78.14277147140797,0.03678827813529293,0.007723828527284531,0.7285398126555442,0.0014130349352785663,1.0310888065865291,-0.5475878394333
-94050.0000,96,24.108269903897273,0.038128651054774886,62.33057326725384,0.033768317289715216,0.017705783763445962,0.6582699038972741,0.001453794031256786,1.0570551045317333,-0.5216215414880958
-95050.0000,97,24.01963282176172,0.038649433786684964,46.46589927237602,0.028019469550227293,0.02662119565600371,0.5696328217617221,0.0014937787320313453,1.0843612028581735,-0.49431544316165565
-96050.0000,98,23.914133103041785,0.03915053600350052,30.540164050850194,0.01989404090080298,0.03371930613162982,0.46413310304178523,0.0015327644693613903,1.1129208321087172,-0.465755813911112
-97050.0000,99,23.793678568446992,0.0396368004131652,14.547484988087376,0.009956062260441132,0.03836603668949026,0.3436785684469932,0.0015710759469930932,1.1426437624799022,-0.436032883539927
-98050.0000,100,23.660627783296903,0.040107308029927825,358.4819085791037,-0.0010625466143287545,0.04009323075158563,0.21062778329690346,0.001608596157407513,1.1734360889017164,-0.4052405571181128
-99050.0000,101,23.517819069130283,0.04055745474850059,342.3300708133115,-0.012310527099356778,0.03864399123036692,0.0678190691302838,0.001644907135676673,1.2052005277081548,-0.3734761183116744
-100050.0000,102,23.368427766878515,0.040989492966923675,326.0877988558058,-0.02286893364679068,0.034016913551117044,-0.08157223312148432,0.0016801385336854854,1.237836728050164,-0.34083991796966506
-101050.0000,103,23.215970490142645,0.041395927844543545,309.75631948448745,-0.0318240012618325,0.026473681002035565,-0.23402950985735416,0.0017136228421106557,1.2712416557295407,-0.3074349902902884
-102050.0000,104,23.064247982159973,0.041774502836684595,293.32517420617705,-0.03836037718816363,0.01654057282061249,-0.38575201784002644,0.0017451090872521691,1.3053096972545197,-0.2733669487653094
-103050.0000,105,22.917205791072725,0.04212451065219448,276.8087695856525,-0.0418274222240333,0.004994111310262495,-0.5327942089272746,0.0017744743976868464,1.3399332193098077,-0.23874342671002147
-104050.0000,106,22.77881262192731,0.0424437321463749,260.21137410531173,-0.04182582221542451,-0.00721602345595686,-0.6711873780726876,0.0018014703985132184,1.3750028336129454,-0.20367381240688376
-105050.0000,107,22.652985102177873,0.04273852689281235,243.5324119656383,-0.03825895788157027,-0.019048197363107002,-0.7970148978221268,0.0018265816809676446,1.4104077425140285,-0.1682689035058007
-106050.0000,108,22.543505398481877,0.043005810125620665,226.7857623534028,-0.03134256987632473,-0.02944729220333575,-0.9064946015181228,0.0018494997045609368,1.4460360890483257,-0.13264055697150345
-107050.0000,109,22.453803115881975,0.043242863626840516,209.9711578092399,-0.021602577367357732,-0.037460297726217416,-0.9961968841180244,0.0018699452546495265,1.4817753103226843,-0.09690133569714487
-108050.0000,110,22.386769506058574,0.04345023586259447,193.1048049882379,-0.00985160176537309,-0.042318659468035945,-1.0632304939414254,0.0018879229965150907,1.5175124931581407,-0.061164152861688414
-109050.0000,111,22.344745453428242,0.04362074999061124,176.2021952744053,0.002889249593732768,-0.04352495912150321,-1.1052545465717571,0.0019027698297434104,1.5531347308133185,-0.025541915206510613
-110050.0000,112,22.329405389652383,0.04375323472779684,159.27679848505568,0.015482240326178422,-0.04092243618882119,-1.1205946103476165,0.0019143455491456873,1.588529484029327,0.009852838009497766
-111050.0000,113,22.34152865239888,0.04385020946724381,142.35370851460448,0.026783053972098708,-0.03472043908490798,-1.108471347601121,0.0019228408703211583,1.6235850048423348,0.044908358822505656
-112050.0000,114,22.38102993650233,0.0439047300621117,125.44849896768267,0.03576642467687176,-0.025463467706904216,-1.0689700634976695,0.0019276253218268949,1.6581904566687622,0.07951381064893304
-113050.0000,115,22.446958344772543,0.0439205494824866,108.57468167141593,0.04163269563890752,-0.013990472496725926,-1.003041655227456,0.001929014666843554,1.6922365077821147,0.1135598617622855
-114050.0000,116,22.537497933562523,0.04389870523496943,91.7542721817635,0.043878130394513964,-0.0013438729064765666,-0.9125020664374759,0.0019270963213067324,1.7256155938120554,0.14693894779222627
-115050.0000,117,22.650072145577052,0.04383357146194685,74.99525227185921,0.0423390385050073,0.011348471508582557,-0.7999278544229469,0.0019213819871096013,1.7582222575835589,0.17954561156372972
-116050.0000,118,22.781339530002708,0.043729795528210394,58.30331906952722,0.03720712691576736,0.022976612535643065,-0.6686604699972918,0.0019122950169390897,1.7899534822983418,0.21127683627851268
-117050.0000,119,22.927373965802914,0.043582641489279456,41.700642557597234,0.028992860985895395,0.032540139075234564,-0.522626034197085,0.001899446639183063,1.820709016994782,0.24203237097495278
-118050.0000,120,23.08392067775388,0.04338790508306616,25.183633405894113,0.018462456492863825,0.03926382568912853,-0.3660793222461187,0.0018825103074971586,1.8503916932925213,0.27171504727269213
-119050.0000,121,23.246376863436588,0.04315237698004029,8.761232512467416,0.006572846901753922,0.042648860742505366,-0.20362313656341158,0.0018621276390275113,1.878907732374887,0.3002310863550579
-120050.0000,122,23.410011619727392,0.04287030161510973,352.4468931061947,-0.00563509093269456,0.042498335387997764,-0.039988380272607316,0.0018378627605704796,1.9061670445414838,0.3274903985216546
-121050.0000,123,23.57015736231639,0.04254722217446835,336.2313183914566,-0.01714844987804973,0.038938371583100234,0.12015736231639096,0.0018102661147635715,1.9320835625558668,0.3534069165360376
-122050.0000,124,23.72233662177524,0.0421936167506256,320.1201444513637,-0.02705369756092267,0.03237898612959955,0.2723366217752421,0.0017803012944986733,1.9565753407992796,0.3778986947794505
-123050.0000,125,23.862382251318145,0.04180430474595869,304.10537064966366,-0.03461428953358816,0.023440368072577558,0.4123822513181459,0.0017475998952929844,1.9795650000899063,0.40088835407007717
-124050.0000,126,23.986540959223863,0.04138444098010642,288.1741347672055,-0.039319893434433345,0.012908057000986527,0.5365409592238635,0.0017126719552359117,2.000979907030003,0.422303261010174
-125050.0000,127,24.091551825975166,0.04093340868716008,272.32924941161605,-0.04089958859186508,0.00166361046109129,0.6415518259751671,0.0016755439467500725,2.020752403485374,0.4420757574655447
-126050.0000,128,24.174703635389804,0.04044928428754083,256.56329717082053,-0.03934207510354302,-0.009399240709838136,0.7247036353898046,0.0016361445993742978,2.038820020345341,0.46014337432551167
-127050.0000,129,24.233941913406202,0.039937408435709705,240.87239276405717,-0.03488683538956487,-0.019439786754542884,0.7839419134062027,0.0015949965925606967,2.0551256748821647,0.47644902886233553
-128050.0000,130,24.2678058407814,0.039403443797627946,225.25707238789573,-0.027987173522960818,-0.027737150201643017,0.8178058407814,0.0015526313831128243,2.0696178511057735,0.4909412050859443
-129050.0000,131,24.27549643445737,0.03884778876731093,209.70399965520824,-0.019249829248716224,-0.03374306989597833,0.8254964344573708,0.0015091506921096093,2.0822507625177016,0.5035741164978724
-130050.0000,132,24.25692554817567,0.0382758447331236,194.20896453464093,-0.009395152980692557,-0.03710487017230446,0.8069255481756699,0.0014650402900341856,2.0929844979703827,0.5143078519505535
-131050.0000,133,24.21267635844783,0.03769090984706015,178.7660524425968,0.0008116655600362095,-0.03768216931279125,0.7626763584478304,0.001420604685099216,2.101785161946879,0.5231085159270499
-132050.0000,134,24.144047595430884,0.037092980718122615,163.35910772100874,0.010622400499893575,-0.03553946856911167,0.6940475954308845,0.001375889218555016,2.1086249222620035,0.5299482762421743
-133050.0000,135,24.053010504831,0.0364853495451079,147.98254404851326,0.019343715393181807,-0.030935439324766122,0.6030105048310013,0.001331180731428705,2.1134821693108035,0.5348055232909743
-134050.0000,136,23.942124593722124,0.03586129767349313,132.63849217143536,0.026381083396272417,-0.024291379328185616,0.49212459372212436,0.0012860326708268837,2.116341557059427,0.5376649110395977
-135050.0000,137,23.81454979539727,0.035230494112207585,117.32183401069813,0.031300264322504115,-0.016170379362639244,0.36454979539727006,0.0012411877153902934,2.1171940515302428,0.5385174055104136
-136050.0000,138,23.67394296925871,0.03459798030528659,102.03701693061123,0.03383727699139093,-0.007215187247250399,0.2239429692587116,0.0011970202412049987,2.1160369593437225,0.5373603133238933
-137050.0000,139,23.524333044436766,0.03396568984169514,86.77427860007475,0.03391187473891058,0.0019112399416793798,0.07433304443676647,0.0011536680864222323,2.112873936228409,0.5341972902085799
-138050.0000,140,23.369965390124072,0.03334206828862005,71.52663339998992,0.03162398647911225,0.010564894553753394,-0.08003460987592703,0.0011116935177630026,2.107714975470471,0.529038329450642
-139050.0000,141,23.21519307960845,0.032728146336854794,56.299065687457585,0.027228020134804968,0.01815947362081944,-0.2348069203915486,0.0010711315626465818,2.1005763763410052,0.5218997303211761
-140050.0000,142,23.064475596945037,0.03212781292043604,41.085857561293324,0.02111405238162672,0.024215556055487555,-0.38552440305496205,0.0010321963630505369,2.091480691363672,0.5128040453438427
-141050.0000,143,22.922133160871795,0.03154501683734189,25.89277227781855,0.01377534002484302,0.028378303234480765,-0.5278668391282046,0.0009950880872681834,2.080456630345208,0.5017799843253787
-142050.0000,144,22.792152314244333,0.030985743147546187,10.724542349540002,0.0057660593362737315,0.030444520658671505,-0.6578476857556659,0.0009601162784057055,2.067539041937651,0.488862395917822
-143050.0000,145,22.6782606421677,0.030451594942029866,355.5887711366221,-0.002342167057993622,0.030361388110327046,-0.7717393578322991,0.0009272996345134589,2.0527687382959376,0.4740920922761085
-144050.0000,146,22.5837583324088,0.0299500560765874,340.49451556966415,-0.010000236528470789,0.028231208411355124,-0.8662416675912006,0.0008970058589907298,2.036192385091126,0.4575157390712967
-145050.0000,147,22.51130189191004,0.029492042908586584,325.44970127827344,-0.016725807580463492,0.0242904910552097,-0.9386981080899588,0.0008697805949219122,2.0178623540729594,0.4391857080531303
-146050.0000,148,22.4628807981493,0.029079545578448985,310.4617964766826,-0.02212484754324693,0.0188709059728772,-0.9871192018506996,0.0008456199710490919,1.9978365576037251,0.419159911583896
-147050.0000,149,22.439744284571724,0.028718437169774805,295.52556727877743,-0.025915319147055495,0.012375171391967144,-1.0102557154282756,0.0008247486334743031,1.9761782656944114,0.3975016196745822
-148050.0000,150,22.44230606386777,0.02841478091487586,280.6537187498832,-0.027924979709911046,0.005253121228512612,-1.007693936132231,0.0008073997744403934,1.9529559060991004,0.37427926007927126
-149050.0000,151,22.470139942342186,0.02816520440597518,265.8485712668794,-0.028091304682615906,-0.002038955727524617,-0.9798600576578131,0.0007932787392303637,1.9282428481282894,0.34956620210846023
-150050.0000,152,22.521963387960263,0.02797129000230162,251.11056838815955,-0.0264648987058043,-0.009055506660832208,-0.9280366120397368,0.0007823930643928586,1.9021171675502846,0.32344052153045544
-151050.0000,153,22.595680702541234,0.02783959056152558,236.45308307265168,-0.023202449801883348,-0.015384704281346051,-0.8543192974587654,0.0007750428026333842,1.8746613439057827,0.2959846978859535
-152050.0000,154,22.688584432039878,0.027769150723720024,221.88160905894733,-0.018538507581347268,-0.02067485111368423,-0.7614155679601211,0.0007711257319166804,1.8459621816016107,0.2672855355817816
-153050.0000,155,22.79742637456709,0.027762718563727144,207.3749112571686,-0.012765602914636078,-0.024653760854574592,-0.6525736254329075,0.0007707685420487197,1.8161103539407417,0.23743370792091256
-154050.0000,156,22.91855559413654,0.027825070602589128,192.9329595745496,-0.0062275516854869125,-0.02711922111793882,-0.5314444058634606,0.0007742345540390697,1.7852001760060803,0.20652352998625112
-155050.0000,157,23.0481379341487,0.027946135745459896,178.5467174359469,0.0007087655918864481,-0.02793714649779804,-0.4018620658513008,0.0007809865031036714,1.7533293066755897,0.17465266065576057
-156050.0000,158,23.18230977188401,0.02812418928850171,164.18425432331094,0.0076650978221712955,-0.027059495533213827,-0.2676902281159883,0.0007909700231354743,1.7205984400724355,0.1419217940526063
-157050.0000,159,23.317331724354464,0.028357360826714657,149.8542177036004,0.014241119856410318,-0.024522039439896646,-0.13266827564553552,0.0008041399130564909,1.6871109874374453,0.1084343414176161
-158050.0000,160,23.449706176870112,0.028632912343424712,135.5468294055088,0.020052375007902468,-0.020438833768312018,-0.0002938231298870164,0.0008198436692662432,1.6529727503931269,0.0742961043732977
-159050.0000,161,23.57620829214193,0.028955706909455724,121.23958632296058,0.02475730734395532,-0.015016946950137302,0.12620829214193208,0.000838432962626302,1.6182915866791685,0.03961494065933935
-160050.0000,162,23.69400147884822,0.029321955229379807,106.9352221355881,0.02805039973750179,-0.008541202084022684,0.24400147884822232,0.0008597770584737538,1.5831770650448505,0.004500419025021296
-161050.0000,163,23.800688116485055,0.02972439331394248,92.60961557783622,0.029693567416288317,-0.001353370598280138,0.35068811648505616,0.0008835395578819485,1.5477400490077535,-0.03093659701207563
-162050.0000,164,23.894261966182246,0.030164267871159157,78.23969035665311,0.029531084110841276,0.006148018171855258,0.4442619661822462,0.0009098830562030446,1.5120925817623996,-0.06658406425742958
-163050.0000,165,23.97314954678142,0.030631727785976375,63.82294587779711,0.0274899880708618,0.01351307896143707,0.523149546781422,0.0009383027471541571,1.4763472899226107,-0.1023293560972185
-164050.0000,166,24.036107407371688,0.031117956796021813,49.34116192534509,0.02360616340708341,0.020275016260342588,0.5861074073716885,0.0009683272351590802,1.4406171091773115,-0.1380595368425177
-165050.0000,167,24.08227784249092,0.03162320711034509,34.79255111650133,0.018044417244897755,0.02596971763873871,0.6322778424909217,0.00100002722794378,1.4050149274725838,-0.17366171854724533
-166050.0000,168,24.111191447716013,0.03214061382010644,20.176986289106253,0.011085979451653799,0.03016819710109848,0.6611914477160141,0.0010330190567332171,1.3696532283445666,-0.20902341767526256
-167050.0000,169,24.122637070620186,0.032666776859498974,5.481829952687292,0.0031206598245522355,0.032517376779926804,0.672637070620187,0.0010671183103882977,1.3346437355429033,-0.24403291047692588
-168050.0000,170,24.116690761442,0.033207445084938635,350.7090603222209,-0.005361267795877977,0.03277180520951046,0.6666907614420019,0.001102734409069215,1.3000970600290014,-0.27857958599082777
-169050.0000,171,24.09374288739143,0.03375567034128938,335.85078182483437,-0.013809932564150045,0.03080147793147971,0.6437428873914293,0.0011394452801898034,1.2661223505158328,-0.3125542955039964
-170050.0000,172,24.054461346720885,0.03431127595774634,320.89015888285087,-0.021643864824654555,0.02662342527363268,0.6044613467208855,0.0011772636578486222,1.2328269445712539,-0.3458497014485753
-171050.0000,173,23.999832188701475,0.03487148450737568,305.8385497049304,-0.028269268599711746,0.02041736722953019,0.5498321887014761,0.001216020431748142,1.2003159669354428,-0.3783606790843863
-172050.0000,174,23.9310816821811,0.03542806041261463,290.6920856953593,-0.03314269712119003,0.012518350216100127,0.48108168218110237,0.0012551474645998717,1.168692213667767,-0.40998443235206206
-173050.0000,175,23.8496345431966,0.03598604177859432,275.4486540506716,-0.03582344573621276,0.0034170072395819473,0.3996345431966013,0.0012949952028907356,1.1380555991243373,-0.44062104689549186
-174050.0000,176,23.75723494447383,0.03654254943418241,260.1226288150374,-0.03600088478794154,-0.006268509682135347,0.30723494447383004,0.0013353579191496654,1.108502918826641,-0.47017372719318806
-175050.0000,177,23.655828429841023,0.03709364848025664,244.7049862294906,-0.03353709972817324,-0.01584934381605145,0.20582842984102356,0.0013759387575768458,1.0801275436364204,-0.49854910238340877
-176050.0000,178,23.54737084139573,0.03764621466696653,229.20203807031305,-0.02849887335414087,-0.024597798606703917,0.09737084139572971,0.0014172374787513257,1.053019124751138,-0.5256575212686911
-177050.0000,179,23.43394204230315,0.03819416404237144,213.6221745325097,-0.021148638146716473,-0.03180454796778015,-0.016057957696848035,0.0014587941668955796,1.0272633104613331,-0.551413335558496
-178050.0000,180,23.317723321838628,0.03873951132555772,197.956677312372,-0.011943305722998015,-0.03685250583271126,-0.13227667816137156,0.0015007497377430147,1.0029414755354253,-0.5757351704844038
-179050.0000,181,23.20084995658811,0.03928174178507466,182.2085225851688,-0.0015137787287531127,-0.039252563121784226,-0.24915004341188762,0.0015430552376692805,0.9801304641264084,-0.5985461818934208
-180050.0000,182,23.085433199067563,0.03981158607565197,166.38333560708224,0.009372634553211929,-0.038692584656378065,-0.36456680093243676,0.0015849623858590455,0.9589023444755277,-0.6197743015443015
-181050.0000,183,22.973546582723802,0.04032669458865275,150.48627265834676,0.019866223118079927,-0.03509380964599229,-0.47645341727619694,0.0016262422964464748,0.9393241454254934,-0.6393525005943358
-182050.0000,184,22.867268190099484,0.04083101518678211,134.52820501851124,0.029108648185951713,-0.028633169610955075,-0.5827318099005154,0.0016671718011832311,0.9214577754660929,-0.6572188705537363
-183050.0000,185,22.768665938863954,0.04132468739404933,118.51139883944722,0.036312918809298114,-0.019725661351782924,-0.6813340611360452,0.0017077297882158993,0.905359683166203,-0.6733169628536262
-184050.0000,186,22.679730961871588,0.04180485614925613,102.43379834115393,0.04082434154585231,-0.009001062993202266,-0.7702690381284114,0.001747645997659998,0.891080730245238,-0.6875959157745911
-185050.0000,187,22.602367368922568,0.04227613078338695,86.30454041907785,0.04218822725143932,0.0027248330948793833,-0.8476326310774311,0.0017872712340140375,0.8786660308747107,-0.7000106151451184
-186050.0000,188,22.538397591314798,0.04273443895528642,70.12131406397555,0.040188093877913215,0.014530980121214666,-0.9116024086852015,0.0018262322728231015,0.868154809139876,-0.7105218368799532
-187050.0000,189,22.489476714277416,0.043179460941952644,53.88850868800296,0.03488346441704222,0.02544817788177698,-0.9605232857225836,0.0018644658472376139,0.8595802751146515,-0.7190963709051776
-188050.0000,190,22.45708575817555,0.04360782222588218,37.61410695677688,0.02661560769294473,0.034543473861489454,-0.992914241824451,0.0019016421592841436,0.85296951993022,-0.7257071260896092
-189050.0000,191,22.442405341910245,0.044018930485636605,21.307471866126946,0.01599527885390815,0.0410099658069234,-1.0075946580897543,0.0019376662410993076,0.8483434301841389,-0.7303332158356902
-190050.0000,192,22.446309522614882,0.04441537275256157,4.98095427675031,0.003856346630295186,0.04424764318487483,-1.003690477385117,0.0019727253367489888,0.8457166217491122,-0.7329600242707169
-191050.0000,193,22.469364044667245,0.04479836883228355,348.6403611989781,-0.008823789260839862,0.04392077632639935,-0.9806359553327546,0.0020068938500333146,0.8450973955859686,-0.7335792504338605
-192050.0000,194,22.51171045287613,0.04517389588216849,332.2949584386182,-0.021002245475563723,0.03999483159305915,-0.938289547123869,0.002040680869172999,0.8464877166091527,-0.7321889294106765
-193050.0000,195,22.57305545451017,0.04553861863352318,315.94970486656734,-0.03166252567977533,0.03272995958792238,-0.876944545489831,0.0020737657870494646,0.8498831920952472,-0.728793453924582
-194050.0000,196,22.652695063032436,0.045895019088948406,299.6107652368453,-0.039901226342629686,0.02267696879058516,-0.7973049369675635,0.0021063527771749387,0.855273094029622,-0.7234035519902071
-195050.0000,197,22.749409190321032,0.04623971716985994,283.2892646971793,-0.04500150814065606,0.010629003199505875,-0.7005908096789675,0.00213811144394864,0.862640393001508,-0.7160362530183212
-196050.0000,198,22.861532300086576,0.04657014832161,266.9924256206897,-0.04650600294053751,-0.002443441260082111,-0.5884676999134228,0.002168778714696755,0.8719618120092185,-0.7067148340106106
-197050.0000,199,22.987061682217043,0.046887897024075066,250.7320998923244,-0.04426151712933437,-0.015472329777700175,-0.4629383177829567,0.0021984748873402674,0.8832079000010512,-0.695468746018778
-198050.0000,200,23.123484554110284,0.047192381164194976,234.52000398382006,-0.03842961548181029,-0.027391339760348913,-0.32651544588971504,0.0022271208399466647,0.8963431249300374,-0.6823335210897917
-199050.0000,201,23.26791254416216,0.04748827569410318,218.35697026454727,-0.029469278923322684,-0.03723839320027866,-0.1820874558378378,0.002255136328399151,0.91132598601498,-0.6673506600048491
-200050.0000,202,23.417303167288672,0.04777386665927683,202.24487357454495,-0.01808555228737553,-0.04421826697236073,-0.03269683271132706,0.0022823423355783625,0.9281091470327498,-0.6505674989870793
-201050.0000,203,23.568370986720122,0.04804574001350989,186.18490637662092,-0.00517632596256838,-0.04776608402386599,0.11837098672012303,0.0023083931334457854,0.9466396250368153,-0.6320370209830138
-202050.0000,204,23.717629277327205,0.048305299989208024,170.17828486012138,0.008240060920805209,-0.04759730457776784,0.267629277327206,0.0023334020070473805,0.9668588355524116,-0.6118178104674176
-203050.0000,205,23.861591943662262,0.04854973950475951,154.2228641143913,0.021112912066724557,-0.0437186704972002,0.4115919436622626,0.0023570772059800064,0.9887028956128758,-0.5899737504069533
-204050.0000,206,23.99683640992388,0.04877459498172266,138.31281279372752,0.032438196544656135,-0.036424229855432005,0.5468364099238805,0.002378961115631085,1.0121027885082026,-0.5665738575116266
-205050.0000,207,24.120082068325686,0.048980960217031244,122.44710665587127,0.041334400545408274,-0.026279303554967926,0.6700820683256872,0.0023991344637823973,1.0369845818458947,-0.5416920641739345
-206050.0000,208,24.228170626596864,0.0491651830045482,106.62460082199368,0.0471100695764951,-0.01406614959285257,0.7781706265968644,0.0024172152198707153,1.0632696611436805,-0.5154069848761487
-207050.0000,209,24.31820889578489,0.04932879244327505,90.83316221922371,0.04932357717435694,-0.0007172856034837614,0.868208895784889,0.00243332976391171,1.0908749782056728,-0.48780166781415635
-208050.0000,210,24.38772663468817,0.04947625818218735,75.06684994394436,0.04780530375300484,0.0127496296727945,0.9377266346881719,0.002447900123710461,1.1197133135261408,-0.45896333249368837
-209050.0000,211,24.434622025382765,0.04960340166350742,59.31810611952727,0.04265959835249117,0.025311185768260327,0.984622025382766,0.0024604974565912508,1.149693551853602,-0.42898309416622715
-210050.0000,212,24.45722907847937,0.04971120437319501,43.56314641433818,0.034258655547824965,0.03602149858472083,1.0072290784793694,0.002471203840233563,1.1807209739442857,-0.3979556720755435
-211050.0000,213,24.45441407444891,0.04980017932660168,27.802987248389684,0.02322843506129066,0.04405108018613265,1.0044140744489098,0.0024800578609616855,1.2126976201037067,-0.3659790259161224
-212050.0000,214,24.425595531354055,0.04985865517221712,12.023902258167482,0.010386541562927792,0.04876479519021511,0.9755955313540561,0.0024858854955820526,1.24552238780468,-0.3331542582151492
-213050.0000,215,24.370782564306495,0.04989503152330723,356.2123897062727,-0.0032959726332676283,0.049786049603403694,0.9207825643064957,0.0024895141707118222,1.2790915660821003,-0.29958507993772887
-214050.0000,216,24.29057532315477,0.04990850995966606,340.37064713701307,-0.01676597265186208,0.047008100657557936,0.8405753231547699,0.0024908593663940863,1.313299091978097,-0.26537755404173224
-215050.0000,217,24.18614962241953,0.049893384497661314,324.4808151743648,-0.028986835016500116,0.040609274954838494,0.7361496224195321,0.0024893498166314704,1.348036885653832,-0.2306397603659971
-216050.0000,218,24.05931862799458,0.049861689870381594,308.533489753363,-0.03900401567678789,0.031062435155908147,0.609318627994579,0.0024861881167301146,1.3831951918739973,-0.19548145414583185
-217050.0000,219,23.912502666156723,0.04980519722581182,292.52141512078776,-0.04600687530746527,0.019076820886755646,0.4625026661567233,0.002480557670702014,1.4186629267719457,-0.16001371924788343
-218050.0000,220,23.748707130363137,0.04972063997363174,276.4291602345306,-0.04940794981360906,0.005567453152330497,0.29870713036313745,0.002472142039387507,1.4543280288382816,-0.12434861718154755
-219050.0000,221,23.57150256799871,0.04960947407144725,260.2480117035898,-0.0488926261823865,-0.008403036512773868,0.12150256799871073,0.002461099917645597,1.490077812972797,-0.0885988330470322
-220050.0000,222,23.385015384204607,0.049463133580268485,243.98139669172667,-0.044450127330412176,-0.021697644201378825,-0.06498461579539239,0.002446601583579484,1.5257993309005708,-0.052877315119258306
-221050.0000,223,23.193784359066214,0.0492786613707159,227.61827137679575,-0.03640068531266343,-0.03321711268695905,-0.25621564093378524,0.002428386466489687,1.561379797641424,-0.01729684837840506
-222050.0000,224,23.00280171399971,0.04906113988674643,211.16258016729103,-0.025387582747021496,-0.041981735186269256,-0.4471982860002903,0.0024069954469869014,1.596706711506356,0.01803006548652686
-223050.0000,225,22.817304054309787,0.0488058774622487,194.61674330393203,-0.012316267477937046,-0.04722629807926878,-0.6326959456902124,0.002382013674860036,1.631668455366621,0.05299180934679182
-224050.0000,226,22.64254929753591,0.048513494367861724,177.97270295640715,0.0017161952223443252,-0.048483129124875526,-0.807450702464088,0.002353559135780551,1.6661545658635712,0.08747791984374209
-225050.0000,227,22.483750097370454,0.04818651296960669,161.2430759771139,0.015494561009815893,-0.04562738882823744,-0.9662499026295457,0.0023219400321700737,1.7000560824256872,0.12137943640585802
-226050.0000,228,22.345776952967,0.04781708798289578,144.4295913924517,0.027815341266398064,-0.03889448152884686,-1.104223047032999,0.002286473903163996,1.7332658915372878,0.15458924551745867
-227050.0000,229,22.2329642827617,0.047408109582768546,127.54112337531382,0.03759065831711072,-0.02888721622964085,-1.2170357172383,0.0022475288542117907,1.7656790651593646,0.18700241913953541
-228050.0000,230,22.14893572542868,0.04695318123230371,110.60276509110088,0.04395017571623818,-0.016522205734869202,-1.3010642745713206,0.002204601227833557,1.797193192269411,0.21851654624958194
-229050.0000,231,22.096340359985764,0.04645525575289622,93.62869365368681,0.04636212029876299,-0.002940168102341335,-1.3536596400142358,0.002158090787066997,1.827708702424389,0.24903205640455983
-230050.0000,232,22.076846065864384,0.045922704234450475,76.6402743845357,0.044679968730430564,0.010611086582087769,-1.3731539341356154,0.0021088947642048154,1.857129183903401,0.2784525378835718
-231050.0000,233,22.09109155145696,0.04534992307035175,59.656934676160574,0.03913771319029509,0.02290971254121326,-1.3589084485430405,0.002056615522486822,1.885361741837304,0.30668509581747494
-232050.0000,234,22.13850506873146,0.04474109553360326,42.69795707336084,0.030340434163213543,0.032881965943883554,-1.3114949312685376,0.0020017656295470134,1.912317103648383,0.3336404576285539
-233050.0000,235,22.217412137359148,0.04410178029539639,25.790624333354685,0.019187968779774443,0.03970880103112929,-1.2325878626408517,0.0019449670252234131,1.9379101021217848,0.3592334561019557
-234050.0000,236,22.325223084246677,0.04343228514340873,8.949972581068323,0.006756847993483593,0.04290347769087396,-1.1247769157533227,0.0018863633927783626,1.9620598745160374,0.3833832284962082
-235050.0000,237,22.458458013500778,0.04273291769381657,352.1883592507734,-0.005808123960711289,0.04233636676290861,-0.9915419864992217,0.0018261022546265011,1.9846901180562337,0.4060134720364046
-236050.0000,238,22.612833647164987,0.042002798932752876,335.52739763324416,-0.01739999846146302,0.0382292449798103,-0.8371663528350126,0.0017642351181852661,2.0057293310190776,0.4270526849992484
-237050.0000,239,22.78355797368188,0.04124053903421533,318.9856641030717,-0.027064014796987636,0.03111785922747695,-0.6664420263181192,0.0017007820598326385,2.02511103864122,0.44643439262139073
-238050.0000,240,22.965531584169767,0.04045065209397049,302.57275612551894,-0.034088107732929016,0.021777423309833142,-0.48446841583023215,0.001636255254827439,2.0427740031597743,0.46409735713994515
-239050.0000,241,23.15349249497926,0.03963851202488495,286.2998816675313,-0.03804527658422521,0.01112513214199065,-0.2965075050207382,0.0015712116355469487,2.0586624172907695,0.47998577127094033
-240050.0000,242,23.342171461981152,0.03880314956757615,270.17291109021176,-0.03880297286735796,0.00011710259931742337,-0.10782853801884684,0.001505684416363685,2.072726082170905,0.4940494361510759
-241050.0000,243,23.526545133951572,0.03794779765139403,254.18620496061385,-0.03651156492790472,-0.010341226866602632,0.07654513395157281,0.001440035346591146,2.0849205869113745,0.5062439408915453
-242050.0000,244,23.701968713530693,0.037073518076200754,238.34435880303647,-0.03155763398375971,-0.019456656441779473,0.25196871353069383,0.001374445742546384,2.0952073670235283,0.5165307210036991
-243050.0000,245,23.864227929286454,0.03617953794366513,222.64018004519153,-0.024507729892737896,-0.02661447240359474,0.41422792928645435,0.001308958965817105,2.1035539205985785,0.5248772745787493
-244050.0000,246,24.009674719273974,0.035263520889469636,207.06985504329305,-0.016047598876173894,-0.031400485280190876,0.5596747192739748,0.0012435159055220614,2.109933876028695,0.531257230008866
-245050.0000,247,24.135309199835277,0.034329289785784534,191.635605026255,-0.006923758244384489,-0.03362382650695319,0.6853091998352774,0.0011785001371963702,2.1143270753311767,0.5356504293113475
-246050.0000,248,24.238695394847475,0.03338203256541911,176.3423539775648,0.002129593920030056,-0.03331403499929832,0.7886953948474762,0.0011143600981987022,2.1167196378393207,0.5380429918194916
-247050.0000,249,24.31806361440991,0.03242574518548408,161.17503178618915,0.010463080866476373,-0.030691251027214903,0.868063614409909,0.0010514289508339438,2.1171040040589593,0.5384273580391301
-248050.0000,250,24.37235017630735,0.03147108500647564,146.12772478418105,0.017540201836283735,-0.02612987774612129,0.9223501763073507,0.000990429191484816,2.1154789595543306,0.5368023135345015
-249050.0000,251,24.401025098857843,0.030516939981467484,131.20378610311286,0.022960072280084152,-0.020102703965531602,0.9510250988578441,0.0009312836258324886,2.1118496387843457,0.5331729927645166
-250050.0000,252,24.404144190039375,0.029570351072177634,116.38267392572601,0.02649048592054454,-0.013140008303850812,0.9541441900393757,0.0008744056625318369,2.1062275080678443,0.5275508620480152
-251050.0000,253,24.382371366340116,0.028640009542412113,101.66841983621589,0.028048147527421106,-0.005792371437457914,0.9323713663401172,0.0008202501465894568,2.098630311289548,0.5199536652697188
-252050.0000,254,24.336856691051796,0.027721247099610505,87.06415234956694,0.027684863177823787,0.0014198209685873508,0.886856691051797,0.0007684675407576638,2.0890820633237768,0.5104054173039476
-253050.0000,255,24.26924611660427,0.02682563384222361,72.57102376273804,0.02559404142570345,0.008034903517555658,0.819246116604269,0.0007196146310370525,2.0776129327762103,0.49893628675638113
-254050.0000,256,24.181647451058367,0.025965485939926588,58.19999945197765,0.022067876639324895,0.013682663510006517,0.7316474510583681,0.0006742064600965253,2.0642591574659477,0.4855825114461185
-255050.0000,257,24.076529811196707,0.025145650816033198,43.94769555743244,0.017451117040640046,0.018104205837201303,0.6265298111967077,0.000632303754961871,2.049062929928157,0.4703862839083277
-256050.0000,258,23.95680737737488,0.024376034717775826,29.80549605271119,0.01211628352641764,0.02115151867052749,0.50680737737488,0.0005941910685622124,2.03207226410141,0.4533956180815808
-257050.0000,259,23.825717780592818,0.023665147039058417,15.778290014918355,0.006434923432200062,0.022773470196743795,0.3757177805928187,0.0005600391843802553,2.013340843628106,0.4346641976082768
-258050.0000,260,23.686699787787674,0.02301329756208651,1.8568011225581813,0.0007456681434577065,0.023001213961462326,0.23669978778767486,0.000529611864681137,1.9929278522284344,0.4142512062086052
-259050.0000,261,23.54334891997594,0.022428271900363367,348.038029199427,-0.004648537787647996,0.021941250576788862,0.09334891997594141,0.000503027380436629,1.970897786708543,0.39222114068871394
-260050.0000,262,23.399337957738158,0.021915344232294114,334.32760167849744,-0.009494273893654148,0.019751989166973138,-0.05066204226184112,0.00048028231281994693,1.947320250187584,0.36864360416775477
-261050.0000,263,23.258270254219884,0.02147712324974521,320.70660619144314,-0.013601282708460628,0.01662142989544751,-0.19172974578011548,0.0004612668230847463,1.922269680662638,0.3435930346428089
-262050.0000,264,23.12354566638651,0.021126640831861627,307.1604749026782,-0.016836808953213104,0.012761536628144984,-0.32645433361349063,0.0004463349528384829,1.8958252814500591,0.31714863543023
-263050.0000,265,22.9981815768299,0.020861293474343345,293.67387247845454,-0.019105727820112894,0.008376438974077494,-0.45181842317009924,0.00043519356542268025,1.8680706065766663,0.2893939605568372
-264050.0000,266,22.884843328112233,0.020686043410004882,280.20312935042693,-0.02035891296626039,0.00366429458325078,-0.5651566718877667,0.0004279123919606064,1.8390933500331301,0.26041670401330097
-265050.0000,267,22.78574762928351,0.020604433953754213,266.72829958949296,-0.020570851341497526,-0.001175913959704918,-0.6642523707164898,0.00042454269855461945,1.8089850686932585,0.23030842267342932
-266050.0000,268,22.702531007681905,0.020607876533374706,253.2135840447089,-0.01972973361830867,-0.005951654103305781,-0.7474689923180939,0.00042468457521481587,1.7778408930275438,0.19916424700771462
-267050.0000,269,22.63631982165709,0.02069607777322413,239.60818685661002,-0.017852146245750107,-0.01047036339463403,-0.81368017834291,0.0004283276351953419,1.7457592265369617,0.16708258051713254
-268050.0000,270,22.587814172387457,0.020860674972288887,225.91564641401408,-0.014984563108865388,-0.014513119193884903,-0.8621858276125423,0.00043516776029948,1.712841434822546,0.13416478880271687
-269050.0000,271,22.557287567246693,0.02109368832196045,212.1091830006884,-0.011212019784119764,-0.017867129019081877,-0.8927124327533065,0.0004449436870240107,1.679191525318456,0.10051487929862679
-270050.0000,272,22.544650417217845,0.021399237632913858,198.16514269108723,-0.006671360450776285,-0.020332740125367628,-0.9053495827821543,0.00045792737126991673,1.6449158144227536,0.06623916840292443
-271050.0000,273,22.549457696509055,0.021768753630359895,184.07543643482677,-0.001547101399129094,-0.021713707925642728,-0.9005423034909441,0.0004738786346193071,1.6101225224668319,0.031445876447002696
-272050.0000,274,22.57099286295944,0.022189946150024807,169.8140604546096,0.003924141355266413,-0.021840211188651284,-0.8790071370405599,0.0004923937101410007,1.5749216625814797,-0.0037549834383494574
-273050.0000,275,22.60832444443276,0.022660169881778037,155.37932242756085,0.009440428469291853,-0.020600039062759673,-0.8416755555672388,0.0005134832990710404,1.5394244563531359,-0.039252189666693305
-274050.0000,276,22.66020195862905,0.023167678275417426,140.7826719203,0.01464808063852441,-0.01794923536757304,-0.7897980413709504,0.0005367413166732486,1.503743061714672,-0.07493358430515706
-275050.0000,277,22.725097155004356,0.02369940390951811,126.02801557400426,0.01916640688068478,-0.013939533455267487,-0.7249028449956434,0.0005616617456664823,1.4679902185656437,-0.11068642745418544
-276050.0000,278,22.801297498388355,0.02425699114516773,111.13184077535374,0.022625789292023763,-0.008745014484246921,-0.6487025016116448,0.0005884016194167457,1.432278892553658,-0.14639775346617112
-277050.0000,279,22.88686070331542,0.02483395129114044,96.12420699760628,0.02469222293007401,-0.0026493892696739033,-0.5631392966845787,0.000616725136730736,1.3967219181554404,-0.1819547278643887
-278050.0000,280,22.979681060794636,0.025424996215404793,80.99362490062833,0.025111529620955177,0.0039801397776006225,-0.47031893920536305,0.0006464304325533481,1.3614316421463892,-0.21724500387343992
-279050.0000,281,23.077638688134414,0.026032448474659076,65.75859919007235,0.02373700285589814,0.010688454940021174,-0.3723613118655855,0.0006776883735857797,1.326519568637059,-0.25215707738277016
-280050.0000,282,23.178542476932492,0.0266449179120447,50.434651450689614,0.02054053003102338,0.01697169044568711,-0.27145752306750737,0.0007099516505396005,1.2920960025655894,-0.2865806434542397
-281050.0000,283,23.28023875488092,0.02726147627473308,35.01585391582228,0.015642718949377705,0.022326966487828438,-0.16976124511907997,0.0007431880886778346,1.258269635741741,-0.32040701027808804
-282050.0000,284,23.380763965503697,0.02787496503345345,19.52868589297418,0.009318008840069777,0.02627143671123896,-0.06923603449630278,0.0007770136756162525,1.2251474283442823,-0.3535292176755469
-283050.0000,285,23.478256445293542,0.028478008211338113,3.9863169577736812,0.001979740991272258,0.028409110814886784,0.02825644529354321,0.000810996951685041,1.1928340347070854,-0.3858426113127438
-284050.0000,286,23.57099996187055,0.02907260973426054,348.4011632744206,-0.005845281722080525,0.028478927619384337,0.1209999618705524,0.0008452166367606208,1.1614315536041224,-0.41724509241570673
-285050.0000,287,23.657444536915317,0.029656131427922523,332.7833132013184,-0.013563437549371346,0.026372699769165033,0.20744453691531817,0.000879486131270214,1.1310392056513485,-0.44763744036848063
-286050.0000,288,23.736151450392857,0.030228592432910158,317.1320814236383,-0.020564831616715705,0.02215525899309515,0.2861514503928575,0.0009137678004749933,1.1017530198029328,-0.4769236262168963
-287050.0000,289,23.80587172514502,0.030784797844842268,301.4470074878823,-0.02626322079387316,0.016060728871382945,0.35587172514502186,0.0009477037783478052,1.0736655299425224,-0.5050111160773068
-288050.0000,290,23.86543171692188,0.031321675230616366,285.731630929428,-0.03014843452883663,0.008492304440648496,0.41543171692187997,0.000981047339252207,1.0468654824964667,-0.5318111635233624
-289050.0000,291,23.913700853951305,0.03183391799202799,269.9903173770708,-0.03183391753745789,-0.000005379729980586824,0.46370085395130545,0.0010133983347231635,1.0214375560354345,-0.5572390899843946
-290050.0000,292,23.949718719623252,0.032320671929589755,254.22326243193004,-0.03110310249722954,-0.008787653214994586,0.4997187196232531,0.0010446258339801711,0.9974620908658146,-0.5812145551540145
-291050.0000,293,23.972676834851207,0.03277895185515421,238.43110812424982,-0.02792803741802832,-0.01716054808855847,0.5226768348512074,0.0010744596847225177,0.9750147935692834,-0.6036618524505457
-292050.0000,294,23.98186851159897,0.03320606207490984,222.61467756447678,-0.022482646307369385,-0.024437126949387794,0.5318685115989723,0.0011026425585227654,0.9541666476090117,-0.6245099984108174
-293050.0000,295,23.97673198051299,0.033605871737660185,206.77182539979913,-0.015137380689997215,-0.030003571805606196,0.5267319805129915,0.0011293546152480675,0.9349835259962432,-0.6436931200235859
-294050.0000,296,23.95694025955703,0.03397637460175312,190.89711843575787,-0.006423099660274509,-0.03336372014378547,0.5069402595570303,0.0011543940310786546,0.9175260408362682,-0.661150605183561
-295050.0000,297,23.922505013994527,0.03431982538040857,174.9809237985429,0.003002552753901009,-0.034188230300818113,0.47250501399452816,0.0011778504141417363,0.9018493518132101,-0.676827294206619
-296050.0000,298,23.873704671717242,0.034633719897608745,159.02217807334364,0.012399098644188707,-0.03233816486379055,0.4237046717172426,0.0011994945539460199,0.8880029919033399,-0.6906736541164893
-297050.0000,299,23.81106268516363,0.0349219719819173,143.01187041561798,0.021010788751104948,-0.027894280474001453,0.36106268516363116,0.001219544127105817,0.8760307108717033,-0.7026459351481259
-298050.0000,300,23.735572284936975,0.03518137648744491,126.93978788025402,0.028119331400883383,-0.021143141987855905,0.2855722849369755,0.0012377292515513417,0.8659703370317791,-0.7127063089880501
-299050.0000,301,23.648609241605392,0.03540935953833927,110.80709383789019,0.03310002141649163,-0.01257820834392455,0.19860924160539284,0.0012538227429153782,0.8578536577251037,-0.7208229882947255
-300050.0000,302,23.55182916338218,0.03560958055625635,94.61993047819129,0.03549388220723433,-0.0028681968641438315,0.10182916338218106,0.0012680422273925102,0.8517063182498316,-0.7269703277699976
-301050.0000,303,23.447239194361263,0.035784352009950816,78.37520668881405,0.035050348622607856,0.007210610945386138,-0.0027608056387364854,0.001280519848772071,0.8475477358455935,-0.7311289101742356
-302050.0000,304,23.33717189579956,0.035942848165419095,62.06097018454943,0.03175358958834258,0.01684036467828034,-0.11282810420043887,0.0012918883342423707,0.8453910669284131,-0.733285579091416
-303050.0000,305,23.224180015070857,0.036080328715299856,45.68208216561584,0.02581454744959667,0.025207127170239242,-0.22581998492914224,0.0013017901202040914,0.8452431258677647,-0.7334335201520644
-304050.0000,306,23.111049228811076,0.03619368001063154,29.224353167222887,0.01767086371605875,0.03158675431633437,-0.33895077118892303,0.0013099824727119892,0.8471043801091126,-0.7315722659107166
-305050.0000,307,23.000737504760625,0.03629046824763612,12.695663059215974,0.007975641914440591,0.03540320920037199,-0.449262495239374,0.0013169980856326854,0.8509689486965605,-0.7277076973232687
-306050.0000,308,22.89624404482168,0.03636225891836422,356.10620667862804,-0.0024692597031213586,0.03627832176610019,-0.5537559551783175,0.0013222138736461583,0.8568246208552511,-0.721852025164578
-307050.0000,309,22.800640539441538,0.0364104257958244,339.4454756368641,-0.012783649070374185,0.034092483380926596,-0.6493594605584612,0.0013257191066332352,0.8646528945715802,-0.7140237514482489
-308050.0000,310,22.716944181790627,0.036439615243934805,322.7330388620592,-0.02206526564869255,0.02899947604662254,-0.7330558182093725,0.0013278455591260057,0.8744290350560775,-0.7042476109637517
-309050.0000,311,22.64798001784295,0.03644294657045308,305.97677044576426,-0.02949164528907805,0.021408671441266465,-0.8020199821570486,0.0013280883547368977,0.8861221528957076,-0.6925544931241215
-310050.0000,312,22.596325078504886,0.03642853820251052,289.17524122677,-0.0344074243482188,0.011965264112980056,-0.8536749214951129,0.0013270383955717683,0.8996953034355457,-0.6789813425842834
-311050.0000,313,22.564105709104275,0.03640088033921196,272.33805907302144,-0.03637057722101893,0.001484992282648977,-0.8858942908957239,0.0013250240894696278,0.9151056366905819,-0.6635710093292473
-312050.0000,314,22.552942142439026,0.03634894899167387,255.47229241878517,-0.03518674391852388,-0.009118066966826422,-0.8970578575609736,0.0013212460927993087,0.932304431299463,-0.6463722147203661
-313050.0000,315,22.5638608231962,0.03627409119709663,238.57972997911986,-0.030955091409063412,-0.018910103332129412,-0.8861391768037983,0.0013158096921752833,0.9512373444189907,-0.6274393016008385
-314050.0000,316,22.59713268497428,0.03617965349846184,221.68817307148436,-0.02406222720028255,-0.02701807819647328,-0.8528673150257191,0.001308967327268762,0.9718445539295147,-0.6068320920903144
-315050.0000,317,22.65226529111425,0.03605722166494455,204.80520935428603,-0.015127252652061171,-0.03273055852556835,-0.7977347088857485,0.0013001232341949467,0.9940609474552926,-0.5846156985645365
-316050.0000,318,22.728061422958007,0.035916093443832425,187.93689422653347,-0.00495937793996067,-0.03557204434263982,-0.7219385770419926,0.0012899657682661026,1.0178163281011314,-0.5608603179186977
-317050.0000,319,22.82264101461651,0.035758178026551166,171.10786969268418,0.005527309159308937,-0.03532840428374803,-0.6273589853834878,0.0012786472957785266,1.0430356362457376,-0.5356410097740916
-318050.0000,320,22.933513647860632,0.03557933111728533,154.310231344253,0.015423574992148139,-0.03206247241269786,-0.516486352139367,0.0012658888027534284,1.0696391867171537,-0.5090374593026754
-319050.0000,321,23.05762029757693,0.03538795357102578,137.55404881828474,0.0238831320965191,-0.026113277450471352,-0.39237970242307085,0.0012523072579450764,1.097542920566323,-0.4811337254535062
-320050.0000,322,23.191528053844078,0.03517644231681664,120.84807893993201,0.03020002824552868,-0.018037194572260898,-0.25847194615592173,0.0012373820940683282,1.1266586743156997,-0.4520179717041295
-321050.0000,323,23.331585017053605,0.03494858489728027,104.18780783448744,0.03388256665614566,-0.00856593620769224,-0.11841498294639408,0.0012214035863224065,1.1568945196579006,-0.4217821263619286
-322050.0000,324,23.473901930344063,0.034705429305543836,87.58105004039481,0.03467450418362898,0.0014647808373940998,0.023901930344063516,0.0012044668232821009,1.188154853681172,-0.39052179233865725
-323050.0000,325,23.6144810456369,0.034439983688377224,71.02458188742276,0.032568451903611254,0.011198589958465746,0.1644810456369008,0.0011861124764556892,1.2203409029651444,-0.35833574305468474
-324050.0000,326,23.74940329657438,0.034157812956027434,54.521439398985535,0.027815825877785562,0.01982513598126557,0.29940329657437914,0.0011667561859389556,1.2533509691004845,-0.32532567691934466
-325050.0000,327,23.874894400490163,0.033856694911188076,38.07288322664573,0.02087818350720987,0.026652903101698665,0.4248944004901638,0.0011462757903092685,1.287080750027985,-0.2915958959918441
-326050.0000,328,23.98738262158598,0.03353852953409314,21.66836177532781,0.012383553410848774,0.031168583032115747,0.53738262158598,0.001124832963309238,1.3214236696047896,-0.2572529764150395
-327050.0000,329,24.083607251652595,0.03320734519540481,5.2972560023741835,0.0030657984196791753,0.03306552063670958,0.6336072516525952,0.0011027277749267748,1.356271214343487,-0.2224054316763422
-328050.0000,330,24.160707807540955,0.0328591439449435,348.94906769064323,-0.006298490791955574,0.03224984270563452,0.7107078075409561,0.001079723340794517,1.3915132762976792,-0.18716336972214997
-329050.0000,331,24.216382296015738,0.03248894554523734,332.6046127610572,-0.014949083515424445,0.028845389314243314,0.7663822960157383,0.0010555315826413971,1.427038500960609,-0.15163814505922013
-330050.0000,332,24.248898442057985,0.03209863795134984,316.25884893587136,-0.022193045895653764,0.02319032712587819,0.7988984420579861,0.0010303225583318362,1.4627346435051771,-0.11594200251465203
-331050.0000,333,24.257051859701498,0.031682940306599655,299.9068133463709,-0.027463959658286186,0.01579682329962534,0.8070518597014988,0.001003808706471557,1.49848899370804,-0.08018765231178926
-332050.0000,334,24.240363093945763,0.031243239682229546,283.5262925420898,-0.030376636318481517,0.007307529802604478,0.7903630939457642,0.000976140025841243,1.5341884946767412,-0.04448815134308792
-333050.0000,335,24.199035408376847,0.030784023684062148,267.11347235054075,-0.03074496571029029,-0.0015502250333333605,0.749035408376848,0.0009476561141808993,1.569720345980918,-0.008956300038911236
-334050.0000,336,24.13385667974914,0.030301307626942213,250.65446673526503,-0.02859043495360354,-0.010037742428771089,0.683856679749141,0.0009181692439025863,1.6049722769136305,0.02629563089380138
-335050.0000,337,24.046274935894782,0.029800910467360702,234.12368653301428,-0.024147200407734302,-0.01746444895072172,0.5962749358947832,0.0008880942646836487,1.6398329012379813,0.061156255218152156
-336050.0000,338,23.938373089586523,0.02928099370023547,217.5131584585538,-0.017830474102867113,-0.023226079853049125,0.48837308958652415,0.0008573765920732292,1.6741920691389327,0.09551542311910355
-337050.0000,339,23.812740930149587,0.028737450584585492,200.8040810068985,-0.010206782236968482,-0.02686377975022498,0.3627409301495881,0.0008258410661014931,1.7079412152559343,0.1292645692361052
-338050.0000,340,23.672500609550447,0.028170943563752073,183.99120188600307,-0.0019607903803571173,-0.028102621983658455,0.2225006095504476,0.0007936020612721044,1.7409737017340938,0.16229705571426467
-339050.0000,341,23.5212687520981,0.02758061706356994,167.06625347444538,0.0061732095465328405,-0.0268808839419741,0.07126875209809924,0.0007606904376072853,1.7731851551598983,0.19450850914006912
-340050.0000,342,23.362977309996733,0.02696660113541296,150.03364427288795,0.013469584837172107,-0.023361675049334084,-0.08702269000326623,0.0007271975767964555,1.804473800136733,0.22579715411690393
-341050.0000,343,23.201825923383854,0.02633299703929697,132.88933029008945,0.01929338775037132,-0.01792182809273219,-0.2481740766161451,0.000693426733071623,1.8347408386359925,0.2560641926161633
-342050.0000,344,23.04221130175084,0.025683333870490915,115.62337091928833,0.02315753731933286,-0.01110684941857103,-0.40778869824915986,0.0006596336387031058,1.8638905606799065,0.2852139146600774
-343050.0000,345,22.888631589576466,0.02501609298829531,98.23946730897728,0.024757870581571646,-0.003585073592715638,-0.5613684104235332,0.0006258049083990378,1.891830860853891,0.3131542148340618
-344050.0000,346,22.745470202864585,0.02432980633052518,80.72767891885172,0.024011905056075478,0.0039201902579951405,-0.7045297971354145,0.0005919394760808631,1.9184734551945546,0.33979680917472543
-345050.0000,347,22.616848154349697,0.023625637594068646,63.10053830475124,0.021069385666546998,0.010688860526762134,-0.8331518456503026,0.0005581707517262698,1.9437341601459324,0.3650575141261032
-346050.0000,348,22.50661997226159,0.022900538675228604,45.362943287409564,0.016295376872035805,0.01609022573533267,-0.9433800277384101,0.0005244346716156411,1.9675331585589402,0.388856512539111
-347050.0000,349,22.418129645937274,0.02215244798515097,27.525479935387466,0.010237599412857883,0.01964491053674389,-1.0318703540627254,0.0004907309517348193,1.989795251885667,0.4111186058658378
-348050.0000,350,22.354019963034283,0.02138509431222498,9.60638445205052,0.0035687149190191353,0.021085220714271106,-1.0959800369657167,0.0004573222587427571,2.0104500977972846,0.4317734517774554
-349050.0000,351,22.316176061341512,0.020598120847780288,351.61845646349764,-0.003002471708823613,0.020378119297360952,-1.1338239386584874,0.0004242825824597609,2.029432432440185,0.45075578642035574
-350050.0000,352,22.305628636634157,0.01979378444584622,333.5617295820414,-0.008812853274019473,0.017723642962416842,-1.1443713633658419,0.0003917939026886237,2.046682278664276,0.46800563264444706
-351050.0000,353,22.322497568761992,0.018974142078154028,315.44433138450654,-0.013312294663134579,0.01352038750938204,-1.1275024312380069,0.00036001806760197527,2.0621451630274406,0.4834685170076114
-352050.0000,354,22.366014644579156,0.018137256718854654,297.27426518189213,-0.016120813627656213,0.008311404771036725,-1.0839853554208432,0.00032896008128563826,2.075772184361581,0.4970955383417517
-353050.0000,355,22.434504903684253,0.01728590943692349,279.0380638159984,-0.01707129099316391,0.002715453716829148,-1.015495096315746,0.00029880266506152053,2.087520284670872,0.5088436386510427
-354050.0000,356,22.525555777542188,0.016421169551194444,260.75219952806697,-0.016207736000645605,-0.0026389587269322473,-0.9244442224578115,0.0002696548094290755,2.0973523428812624,0.5186756968614332
-355050.0000,357,22.636245857704896,0.015542388336122537,242.39301641046632,-0.01377284239862038,-0.007202405671274193,-0.8137541422951031,0.00024156583519083788,2.1052372921350218,0.5265606461151926
-356050.0000,358,22.763165050919433,0.014655577446544256,223.95205453166614,-0.010171794087231711,-0.010550855668551944,-0.6868349490805663,0.00021478595029165664,2.1111502179546413,0.5324735719348122
-357050.0000,359,22.902555338454786,0.013757822572600161,205.43733478509978,-0.005909310429628182,-0.012424078725822454,-0.5474446615452138,0.00018927768193914652,2.1150724369648044,0.5363957909449752
-358050.0000,360,23.05058345140381,0.012860885963126718,186.8086329106884,-0.0015247040699612256,-0.012770186578730693,-0.39941654859618936,0.00016540238775654984,2.11699155592979,0.5383149099099607
-359050.0000,361,23.20339411905574,0.011972525613423348,168.04959811014373,0.0024790895702922005,-0.011713047616506413,-0.24660588094425862,0.0001433413695640781,2.1169015109111444,0.5382248648913153
-360050.0000,362,23.357177647840782,0.011091392501835395,149.07930278390722,0.005699325138773774,-0.009515076489041574,-0.0928223521592173,0.0001230189876297704,2.1148025860477686,0.5361259400279395
-361050.0000,363,23.508252033624565,0.010225419418993499,129.83277640048232,0.007852275645817733,-0.006549883165097456,0.05825203362456577,0.00010455920229432935,2.110701401410923,0.5320247553910937
-362050.0000,364,23.653139443481088,0.009373828841620878,110.27024755777728,0.008793297912339407,-0.003247549688126543,0.20313944348108848,0.00008786866715200341,2.1046109183433814,0.5259342723235523
-363050.0000,365,23.7886438678243,0.008542889567180077,90.26076533611769,0.008542801090564553,-0.000038880381727649836,0.33864386782430245,0.0000729809621570342,2.096550381350622,0.5178737353307927
-364050.0000,366,23.911905504987647,0.007741805086955179,69.70274975123993,0.007261082219292789,0.0026855597198861903,0.46190550498764793,0.00005993554600440509,2.086545259849175,0.507868613829346
-365050.0000,367,24.020394552241235,0.0069743065136639035,48.47327501463769,0.005221290632166045,0.004623751234764891,0.5703945522412361,0.000048640951346534755,2.074627167688987,0.495950521669158
-366050.0000,368,24.11203397381097,0.00625550142212214,26.303018381214315,0.0027719278922992362,0.00560782612088371,0.6620339738109706,0.00003913129804217212,2.0608337632599554,0.4821571172401262
-367050.0000,369,24.185249673764034,0.005606063010980538,3.006018965515466,0.0002939867809342795,0.0055983492438146515,0.7352496737640344,0.00003142794248308418,2.0452086305043498,0.4665319844845206
-368050.0000,370,24.238929971262234,0.0050396523688374315,338.2958506268101,-0.0018637342243514627,0.004682370205324413,0.7889299712622346,0.000025398095998728735,2.027801141195707,0.4491244951758777
-369050.0000,371,24.272506686633754,0.004593003640944061,311.8889374621608,-0.0034192178164425195,0.003066697241243004,0.8225066866337549,0.0000210956824457254,2.0086662989394126,0.42998965291958346
-370050.0000,372,24.285891966489594,0.004295655300179269,283.97420428978546,-0.004168523431463304,0.001037336425321918,0.8358919664895943,0.000018452654457958247,1.9878645627185814,0.4091879166987522
-371050.0000,373,24.279398349565792,0.00416863732230331,254.8901953188108,-0.004024519351946255,-0.0010866375249871535,0.8293983495657926,0.000017377537124900113,1.9654616093328838,0.3867849633130547
-372050.0000,374,24.253761208352728,0.004234710808040492,225.71420819773516,-0.0030314850833223148,-0.0029568351014774663,0.8037612083527286,0.00001793277562773496,1.9415282738626378,0.36285162784280867
-373050.0000,375,24.21005507794835,0.004470178550918832,197.46391221968042,-0.001341523116034073,-0.004264130861763159,0.7600550779483513,0.00001998249627709479,1.916140180434607,0.33746353441477783
-374050.0000,376,24.149594804950265,0.004852420509609249,170.71237591785473,0.0007831353291978047,-0.004788808187664102,0.6995948049502658,0.000023545984802076488,1.8893775498954923,0.3107009038756632
-375050.0000,377,24.073863069191844,0.005344180928741415,145.73244604964827,0.00300908461137303,-0.004416523474490029,0.6238630691918452,0.000028560269799123453,1.8613249463299386,0.28264830031010946
-376050.0000,378,23.984491147132076,0.005908195046002014,122.26550009482821,0.004995871851347238,-0.003154050276472943,0.5344911471320763,0.00003490676870160274,1.8320710098542796,0.25339436383445046
-377050.0000,379,23.88333760546341,0.006524634310552427,100.04814705299668,0.006424556105951804,-0.0011383899718090187,0.4333376054634108,0.00004257085288643795,1.8017081765416716,0.22303153052184244
-378050.0000,380,23.772352310641022,0.007168224832946048,78.79872137753853,0.007031676031677637,0.0013924724202635538,0.32235231064102265,0.000051383447255664395,1.7703323863314522,0.19165574031162302
-379050.0000,381,23.653525648275856,0.007820024809993146,58.27291186613195,0.0066514205044159586,0.0041123464472662425,0.20352564827585695,0.00006115278802890834,1.7380427798882687,0.15936613386843956
-380050.0000,382,23.529071838082974,0.008472959038332025,38.296890370518554,0.005251001457973775,0.006649663040606618,0.07907183808297447,0.00007179103486525236,1.7049413812259013,0.12626473520607218
-381050.0000,383,23.401324914471395,0.009114804561146002,18.73351355357329,0.0029273742514548578,0.008631925751523068,-0.048675085528604,0.00008307966218788796,1.6711327078524034,0.09245606183257427
-382050.0000,384,23.272675179987303,0.009737497071393016,359.44735223470025,-0.00009392179664982733,0.009737044105451183,-0.17732482001269645,0.00009481884921538756,1.6367236646818015,0.05804701866197237
-383050.0000,385,23.14557398998281,0.010336837951046176,340.38121594094844,-0.0034707008379105545,0.009736757905992913,-0.3044260100171883,0.0001068502188261885,1.6018229773291441,0.023146331309314983
-384050.0000,386,23.022479247059277,0.010906563680650419,321.4804834508943,-0.006792402585704001,0.008533252512014654,-0.42752075294072256,0.00011895313132008282,1.5665409249081035,-0.012135721111725672
-385050.0000,387,22.90583360265563,0.011447494596486921,302.6885260199681,-0.009634428415751886,0.0061824688950572046,-0.5441663973443696,0.00013104513253659727,1.5309889915688297,-0.04768765445099943
-386050.0000,388,22.79798369431774,0.011957546706597294,283.991563494043,-0.01160278228903153,0.002891083947897753,-0.6520163056822597,0.0001429829232404558,1.4952795142280033,-0.08339713179182584
-387050.0000,389,22.70103987339463,0.012439642670933138,265.3407975881247,-0.012398535606202342,-0.0010104576202064352,-0.7489601266053683,0.00015474470978050052,1.4595253276172768,-0.11915131840255233
-388050.0000,390,22.616863636982174,0.012895234817608804,246.7358675057451,-0.011846772473138081,-0.005093236983585996,-0.8331363630178252,0.00016628708100127035,1.4238394077327694,-0.15483723828705975
-389050.0000,391,22.54714159417539,0.013321522724121527,228.13456418520423,-0.009920728292729565,-0.008890563414717953,-0.9028584058246096,0.00017746296768928624,1.388334514864145,-0.1903421311556841
-390050.0000,392,22.49322698802873,0.01371889049954734,209.54815182117432,-0.006765537247291776,-0.011934632893142456,-0.9567730119712685,0.00018820795653857027,1.3531228329901297,-0.22555381302969946
-391050.0000,393,22.45607841837791,0.014082387715390067,190.99267231905446,-0.002685278293475008,-0.013823998128369413,-0.9939215816220894,0.00019831364376656906,1.3183155476346782,-0.260361098385151
-392050.0000,394,22.43641606352743,0.014415569710984122,172.47428866057635,0.001888022841886479,-0.014291396707136701,-1.0135839364725676,0.00020780865009224284,1.284022725881078,-0.29465392013875125
-393050.0000,395,22.434680698311052,0.014719833085977949,154.01445209490157,0.00644941278965652,-0.013231725539311416,-1.0153193016889475,0.0002166734860790511,1.250352726640297,-0.3283239193795322
-394050.0000,396,22.45097759287504,0.014997737590492432,135.60619433913791,0.010492208654233054,-0.010716608156935977,-0.9990224071249578,0.00022493213283326973,1.2174119408230137,-0.3612647051968154
-395050.0000,397,22.48512268591478,0.015248829946859709,117.26437275333694,0.013554719325698935,-0.006985441915138174,-0.9648773140852178,0.00023252681474824548,1.1853044551616427,-0.3933721908581864
-396050.0000,398,22.536664998179006,0.015468958837500126,98.97253268310249,0.015279668607089326,-0.0024125535794676475,-0.9133350018209931,0.00023928868751627326,1.1541317233134696,-0.4245449227063596
-397050.0000,399,22.604815753573973,0.015661287057357535,80.75025430077869,0.015457644594466427,0.002517366855290957,-0.845184246426026,0.00024527591229295465,1.1239922452950388,-0.4546844007247903
-398050.0000,400,22.68841802407725,0.0158184217430048,62.592338950835995,0.014042864702704225,0.007281512025747866,-0.7615819759227485,0.000250222466439567,1.094981256226887,-0.48369538979294213
-399050.0000,401,22.785973067057554,0.015938699332764435,44.4883893330383,0.011169278075055172,0.011370548082760007,-0.6640269329424449,0.00025404213642026544,1.0671904254174782,-0.5114862206023509
-400050.0000,402,22.895666296574007,0.016021409686662817,26.46978620714947,0.0071411560535933885,0.014341877790795723,-0.5543337034259928,0.00025668556834789315,1.040707563534156,-0.5379690824856731
-401050.0000,403,23.015222190651052,0.016063867550645233,8.536431012443359,0.0023844921972417574,0.015885906887740657,-0.4347778093489474,0.0002580478406846729,1.0156162981178625,-0.5630603479019667
-402050.0000,404,23.142102137625223,0.016072825616700346,350.6757006844284,-0.0026041567379006623,0.01586045683419319,-0.30789786237477657,0.0002583357233048589,0.9919959766352264,-0.5866806693846027
-403050.0000,405,23.273648622566924,0.01605138990011932,332.88119079977037,-0.007316819407357536,0.014286751607197787,-0.17635137743307538,0.0002576471177256525,0.969921235256405,-0.6087554107634242
-404050.0000,406,23.406984281450672,0.015994544722161295,315.1422121904243,-0.01128174437289899,0.011337888020869661,-0.043015718549327175,0.00025582546086921773,0.9494618263849097,-0.6292148196349194
-405050.0000,407,23.53918140633179,0.015906305657962284,297.4289566315173,-0.014118161596588434,0.007327214533309266,0.0891814063317895,0.000253010559684523,0.9306823982500739,-0.6479942477697552
-406050.0000,408,23.667413789981595,0.01578846860409299,279.7579747491343,-0.015560048595023709,0.0026759350857094286,0.21741378998159533,0.0002492757408624301,0.9136422906285488,-0.6650343553912803
-407050.0000,409,23.78896733569226,0.01563401545752166,262.1204843300736,-0.015486407509855877,-0.00214327360938956,0.33896733569226,0.00024442243932602624,0.8983953473455912,-0.6802812986742379
-408050.0000,410,23.901289174303756,0.015455457845030074,244.4998984958919,-0.013949857026142404,-0.006653770821848847,0.45128917430375637,0.00023887117719950166,0.8849897461303609,-0.6936868998894683
-409050.0000,411,24.001986597689477,0.015252873570705067,226.91676081632613,-0.011140121144769333,-0.010418630094392273,0.5519865976894778,0.00023265015216391313,0.8734678463876261,-0.7052087996322031
-410050.0000,412,24.08887953881392,0.015022961447197378,209.32941099936875,-0.007358697758298507,-0.013097287427020574,0.6388795388139208,0.00022568937064397873,0.8638660542879187,-0.7148105917319104
-411050.0000,413,24.16005943134798,0.014776266500560124,191.75049709868267,-0.0030091902980419302,-0.014466610710382223,0.7100594313479824,0.00021833805169557533,0.8562146958296601,-0.722461950190169
-412050.0000,414,24.213881706757682,0.014508372059287056,174.1867277302631,0.0014695059032727228,-0.01443375946214111,0.7638817067576831,0.00021049285981070135,0.8505379727755887,-0.7281386732442404
-413050.0000,415,24.248903047628943,0.014224750360532449,156.5903559776308,0.0056515269087763585,-0.013053879362811837,0.7989030476289436,0.00020234352281946804,0.8468538226861598,-0.7318228233336693
-414050.0000,416,24.26405616437679,0.013926381359274964,138.9705881393055,0.009141922357908784,-0.010505681956252469,0.8140561643767903,0.0001939440977639612,0.8451738869020977,-0.7335027591177314
-415050.0000,417,24.258688118134447,0.013607331970538218,121.29420523223172,0.011627619867462032,-0.007068093064910347,0.8086881181344481,0.0001851594833564315,0.8455034737589433,-0.7331731722608859
-416050.0000,418,24.232538091887612,0.01326947342706891,103.55333543703279,0.012899947648945182,-0.0031097066881237484,0.7825380918876128,0.00017607892503168792,0.847841541813783,-0.7308351042060461
-417050.0000,419,24.18580528368144,0.012911066167032074,85.75548153718466,0.012875654605747213,0.0009555877997237657,0.7358052836814402,0.0001666956295694803,0.8521807031352197,-0.7264959428846095
-418050.0000,420,24.11919546613487,0.012535738923426186,67.87592835591693,0.011612738561560896,0.004721128409304162,0.6691954661348696,0.0001571447503563023,0.8585072466491073,-0.7201693993707219
-419050.0000,421,24.033956037870272,0.012148810091510477,49.89497263832516,0.00929219817255758,0.007826151018317011,0.5839560378702728,0.00014759358663958682,0.8668011814628751,-0.711875464556954
-420050.0000,422,23.931848787094463,0.011750726398319186,31.777877790790114,0.006188256936323572,0.009989246567093966,0.48184878709446366,0.0001380795708881554,0.8770363014087632,-0.701640344611066
-421050.0000,423,23.815077582954867,0.01134113566704079,13.477884052489685,0.0026432786654339174,0.011028800302620708,0.3650775829548678,0.00012862135821822474,0.8891802947334603,-0.6894963512863689
-422050.0000,424,23.686302235904552,0.01092903303823641,354.9720025422537,-0.000957848004178459,0.01088697801741853,0.23630223590455302,0.00011944376315086298,0.9031947664874171,-0.675481879532412
-423050.0000,425,23.548584293009892,0.010506582952501503,336.22421304189754,-0.004235819282756808,0.0096148905527635,0.09858429300989258,0.00011038828533779521,0.919035432905017,-0.6596412131148122
-424050.0000,426,23.405257509960236,0.010081988771654718,317.182417806893,-0.0068523893143864105,0.007395353830335282,-0.04474249003976283,0.0001016464975917718,0.9366522397006521,-0.642024406319177
-425050.0000,427,23.259913098329285,0.009659447772701214,297.8741153977543,-0.008538729057780406,0.004516086508400717,-0.19008690167071407,0.00009330493127354244,0.9559895202340757,-0.6226871257857535
-426050.0000,428,23.116280866217238,0.009239742686052205,278.23320472215414,-0.009144512416066581,0.001323154404013135,-0.3337191337827612,0.00008537284490445522,0.9769861714107556,-0.6016904746090735
-427050.0000,429,22.97812287805907,0.008838951896055115,258.23544225386263,-0.008653278216106607,-0.0018021783306407739,-0.4718771219409277,0.00007812707062077631,0.9995758467528757,-0.5791007992669535
-428050.0000,430,22.849146970860197,0.008455335285842747,237.8914340620114,-0.007162028049659937,-0.0044942239610306165,-0.6008530291398024,0.00007149269479601744,1.0236871660540552,-0.554989479965774
-429050.0000,431,22.73292285753929,0.008099916055065319,217.1187713011426,-0.0048880503528340455,-0.0064587617890168305,-0.7170771424607096,0.00006560864009910492,1.049243940924819,-0.5294327050950101
-430050.0000,432,22.6327335154661,0.007780228709662763,195.9297032228519,-0.002135344197309777,-0.007481461350142508,-0.8172664845338993,0.0000605319587746607,1.0761654189255572,-0.502511227094272
-431050.0000,433,22.551463249387417,0.007494986997447362,174.31271444761524,0.0007427452333328516,-0.007458093564059541,-0.8985367506125819,0.000056174830091905025,1.104366596122914,-0.47431004989691505
-432050.0000,434,22.491459514985007,0.007251250123655901,152.27272572933248,0.0033737417455867768,-0.006418605377331186,-0.9585404850149928,0.00005258062835581972,1.133758299044369,-0.44491834697546007
-433050.0000,435,22.454496215514993,0.007056727730131786,129.8952204513593,0.005414053179994734,-0.0045260837841780855,-0.9955037844850061,0.000049797406257210914,1.1642476535741737,-0.41442899244565545
-434050.0000,436,22.441674574839013,0.006914581857967218,107.23882443855882,0.006603963399442987,-0.0020491729281216856,-1.0083254251609866,0.000047811442270529377,1.1957383171523048,-0.3829383288675243
-435050.0000,437,22.453247276079267,0.006833313637377419,84.3699578973218,0.006800350396477128,0.000670380303933198,-0.9967527239207321,0.00004669417526676821,1.2281307832069537,-0.3505458628128755
-436050.0000,438,22.488690124671088,0.006818622802322944,61.430270997919365,0.005988358375339965,0.003260855852204157,-0.9613098753289115,0.000046493616920358396,1.261322695585328,-0.3173539504345011
-437050.0000,439,22.546788501077145,0.0068698805790579276,38.48952111017866,0.004275617840534377,0.005377206640275361,-0.9032114989228539,0.000047195259170517287,1.2952091719766348,-0.2834674740431944
-438050.0000,440,22.62551738948488,0.006991782202934077,15.664550613588233,0.0018878145361139833,0.0067321003149464756,-0.8244826105151191,0.000048885018373265695,1.3296831353415817,-0.2489935106782475
-439050.0000,441,22.722179183613036,0.007182107529419075,353.0927698945877,-0.0008637354278390971,0.007129981043090773,-0.7278208163869628,0.00005158266856413816,1.364635652252882,-0.21404099376694719
-440050.0000,442,22.83360176901649,0.007438104799848217,330.8295300859436,-0.0036254043750882647,0.006494755278731905,-0.6163982309835099,0.00005532540301352509,1.3999562814698214,-0.17872036455000773
-441050.0000,443,22.956207417340856,0.00775547017453913,308.95239437548287,-0.00603118547519165,0.00487566604598831,-0.49379258265914316,0.000060147317628166,1.4355334931501251,-0.14314315286970403
-442050.0000,444,23.086192507322025,0.008129180254142046,287.510955873704,-0.007752469436245804,0.0024459740890711824,-0.3638074926779744,0.00006608357160433293,1.4712547851447053,-0.10742186087512384
-443050.0000,445,23.21965404019724,0.008552664202880509,266.5312075462351,-0.008536994883390476,-0.0005174778528580032,-0.23034595980275796,0.0000731480649672337,1.5070072820714717,-0.07166936394835743
-444050.0000,446,23.352753906915613,0.009022441894196336,246.01325220557646,-0.008243259384027812,-0.0036678512049681863,-0.09724609308438659,0.00008140445773414916,1.5426780099415678,-0.03599863607826137
-445050.0000,447,23.48185545690811,0.009534960680485772,225.94826789457625,-0.0068528935520629185,-0.006629730397422219,0.031855456908111535,0.0000909154751784097,1.5781542531474395,-0.0005223928723896432
-446050.0000,448,23.60360891993609,0.010083034969981369,206.3109496404836,-0.00446922970647083,-0.009038450090400779,0.15360891993609016,0.00010166759420586718,1.613323910634389,0.034647264614559914
-447050.0000,449,23.714970765824084,0.010667906875171225,187.03686441259924,-0.001306903163816347,-0.010587551238021582,0.26497076582408496,0.0001138042370973255,1.6480758501174744,0.06939920409764522
-448050.0000,450,23.8132751468763,0.011281226048061203,168.09977124585623,0.002326280099973861,-0.011038771763376585,0.36327514687630114,0.00012726606114745457,1.6823002592627547,0.10362361324292557
-449050.0000,451,23.89629413420452,0.011915973681817972,149.42548769124164,0.006061160933902656,-0.01025927662747773,0.44629413420452124,0.00014199042878577855,1.715888992672012,0.13721234665218285
-450050.0000,452,23.962239679909626,0.012569438657090246,131.0011265231525,0.009486113635876633,-0.00824648023350508,0.5122396799096265,0.00015799078815435463,1.7487359175974224,0.17005927157759326
-451050.0000,453,24.009758188387856,0.01323449817834407,112.79787727377033,0.012200586198310269,-0.0051281223123277285,0.5597581883878568,0.0001751519420325925,1.7807373107625102,0.20206066474268103
-452050.0000,454,24.037982292242933,0.013911821803337148,94.76747102105139,0.013863689761872447,-0.0011562404915760162,0.5879822922429341,0.00019353878588780686,1.8117919731984187,0.23311532717858952
-453050.0000,455,24.04656846134727,0.014598314778140773,76.90437567486123,0.014218660402490377,0.003307641262340201,0.596568461347271,0.0002131107943616833,1.8418017750810305,0.26312512906120133
-454050.0000,456,24.035711427205825,0.015294933915173817,59.157959250389126,0.013131984845332456,0.007841299477222702,0.5857114272058261,0.00023393500346953426,1.8706718882454263,0.29199524222559714
-455050.0000,457,24.006091199267466,0.016002441670886963,41.500000297925226,0.010603538733852587,0.011985120180867084,0.5560911992674669,0.00025607813943013955,1.898311085836353,0.31963443981652384
-456050.0000,458,23.958918509185434,0.01671788058560254,23.90416666557826,0.006774220161940256,0.015283895853872742,0.5089185091854347,0.0002794875312744663,1.9246320305784166,0.34595538455858743
-457050.0000,459,23.895873283070024,0.017437992598989902,6.339405456726013,0.0019254662904581996,0.017331363634946206,0.44587328307002494,0.0003040835858824266,1.9495515507461376,0.37087490472630846
-458050.0000,460,23.818992219558353,0.01816443762911121,348.79557179858125,-0.00352953488049926,0.01781822600342723,0.36899221955835415,0.0003299467943818713,1.9729909029903105,0.3943142569704814
-459050.0000,461,23.730689922085027,0.018889237508263476,331.2673971090036,-0.009080482237715785,0.016563457850766423,0.28068992208502763,0.0003568032936435878,1.9948760211518461,0.416199375132017
-460050.0000,462,23.63364681684423,0.019613144069180723,313.73455188999947,-0.014171484735800195,0.013558924760519215,0.1836468168442309,0.00038467542027843896,2.0151377526920546,0.4364611066722255
-461050.0000,463,23.5306251395836,0.020341630426831767,296.21650158142893,-0.018249110820864237,0.008986205131735188,0.08062513958359929,0.00041378192842180797,2.033712110965534,0.4550354649457049
-462050.0000,464,23.42451702380054,0.021066367737512078,278.69834541607725,-0.02082406773712221,0.003185914708813731,-0.025482976199459273,0.00044379184965208975,2.0505403532454825,0.4718637072256533
-463050.0000,465,23.31823949745725,0.021796312995180672,261.1534630136606,-0.021537019626286354,-0.0033520211516096126,-0.1317605025427504,0.00047507926018388187,2.065569303601721,0.48689265758189193
-464050.0000,466,23.214618725796896,0.0225260999126223,243.60725523698466,-0.020178160732964964,-0.01001334143570833,-0.23538127420310317,0.0005074251772734425,2.078751471724642,0.5000748257048129
-465050.0000,467,23.11635887425414,0.023245898186933928,226.02730853479238,-0.01672939436258391,-0.016139985959673073,-0.33364112574586,0.000540371782517298,2.090045202992287,0.5113685569724578
-466050.0000,468,23.025935605982678,0.023961126706178004,208.424731746857,-0.011405588931913728,-0.021072449647483414,-0.42406439401732143,0.0005741355930295168,2.09941481009632,0.520738164076491
-467050.0000,469,22.945625079398237,0.024663667002523947,190.8241757357498,-0.004631732342021414,-0.024224853467529197,-0.5043749206017623,0.0006082964700113886,2.1068306858085415,0.5281540397887123
-468050.0000,470,22.877408433227572,0.025351350190328296,173.2064995965884,0.002998844834281081,-0.025173356671937184,-0.5725915667724273,0.0006426909564726586,2.1122693965415134,0.5335927505216842
-469050.0000,471,22.822834279372042,0.026029206712512444,155.583697754819,0.010759524716865237,-0.02370131283177936,-0.6271657206279571,0.0006775196020827028,2.115713756393994,0.5370371103741649
-470050.0000,472,22.78304123323245,0.02668760542769624,137.96875936418763,0.017868304795973178,-0.01982301609701722,-0.6669587667675501,0.0007122282834644018,2.1171528815111587,0.5384762354913295
-471050.0000,473,22.7587950682122,0.02732730628170498,120.35671672630502,0.023580615055709308,-0.01381072996653573,-0.691204931787798,0.0007467816686141125,2.1165822201464928,0.5379055741266636
-472050.0000,474,22.75038216903635,0.027953759167281492,102.75356846180392,0.027264100046155797,-0.006171021005926138,-0.6996178309636498,0.0007814126515823741,2.114003569853306,0.535326923833477
-473050.0000,475,22.75757010170497,0.028558685073789992,85.16781378364556,0.028457178811954722,0.00240571552939048,-0.6924298982950283,0.0008155984931439153,2.109425079005226,0.5307484329853966
-474050.0000,476,22.779714531428812,0.029141602386255936,67.58906642607042,0.026940633276183547,0.011110142587601178,-0.670285468571187,0.0008492329896386376,2.102861215346885,0.5241845693270559
-475050.0000,477,22.815801296116707,0.029703080557532034,50.0366664237078,0.0227660935605909,0.019078206902056045,-0.6341987038832926,0.0008822729946072375,2.0943327202767827,0.5156560742569536
-476050.0000,478,22.86446717389999,0.030235464956910117,32.514262515019425,0.01625185071900013,0.025496287756610267,-0.5855328261000103,0.0009141833411605398,2.083866543304935,0.5051898972851057
-477050.0000,479,22.924033835616694,0.03074138168918582,15.025215544840933,0.00796952239611963,0.029690390043547038,-0.5259661643833056,0.0009450325481602093,2.0714957568972903,0.4928191108774611
-478050.0000,480,22.99262552702673,0.03122284781109946,357.58977297106594,-0.001313045386383528,0.03119522619325552,-0.45737447297327094,0.0009748662254350784,2.057259451964245,0.4785828059444157
-479050.0000,481,23.068292221247177,0.03167838965686706,340.1958678017912,-0.010732821393989723,0.029804813641038232,-0.3817077787528227,0.001003520371252302,2.0412026143387068,0.4625259683188776
-480050.0000,482,23.149011426041028,0.03211272004451228,322.85049260372875,-0.01939277300021463,0.025595842319005,-0.3009885739589713,0.0010312267886572208,2.023375980327111,0.44469933430728203
-481050.0000,483,23.23274503361112,0.03251908713937854,305.5469550302714,-0.026458808838407927,0.018905619884867074,-0.21725496638887876,0.0010574910283784947,2.003835835300935,0.42515918928110596
-482050.0000,484,23.317567688550398,0.03289831533487436,288.28319367627375,-0.03123752740902497,0.010320660504214015,-0.13243231144960177,0.0010822991518728295,1.9826439647575207,0.40396731873769154
-483050.0000,485,23.401606161435613,0.033243682901614405,271.06813543856606,-0.03323790627972969,0.0006197088050010704,-0.048393838564386726,0.0011051424528630898,1.9598673340094817,0.3811906879896525
-484050.0000,486,23.483115418781015,0.03355425701588167,253.8985733885188,-0.03223799897611906,-0.00930588985017504,0.03311541878101565,0.001125888163887844,1.9355779161384774,0.35690127011864825
-485050.0000,487,23.56051026006977,0.033832216587031214,236.78031057981252,-0.028303223690895687,-0.01853500493377089,0.11051026006976983,0.00114461887919179,1.9098524645623167,0.33117581854248757
-486050.0000,488,23.632293496925485,0.03407311134083625,219.70742537529895,-0.0217682042846366,-0.026213015825489305,0.18229349692548524,0.001160976916445024,1.8827722704957373,0.3040956244759081
-487050.0000,489,23.69710954439311,0.034277313963155955,202.67943011347757,-0.013216468989688023,-0.03162687464757435,0.24710954439311195,0.0011749342525287662,1.854422906081972,0.27574626006214276
-488050.0000,490,23.753753432610907,0.03444570858486975,185.69167817420248,-0.003416160850335758,-0.03427589072450784,0.3037534326109075,0.0011865068399137695,1.824893953976983,0.2462173079571539
-489050.0000,491,23.80113067673215,0.03457854331429666,168.73606425981131,0.0067541876985226035,-0.033912484519300796,0.3511306767321507,0.0011956756577386903,1.7942787242802711,0.21560207826044198
-490050.0000,492,23.838352010095072,0.03466833571879604,151.80114542438645,0.01638193775283906,-0.030553651450739166,0.3883520100950726,0.0012018935015111491,1.762673955739041,0.1839973097192118
-491050.0000,493,23.864674043282815,0.034713497098419054,134.88506079656514,0.024595341006486787,-0.024496858606290268,0.4146740432828153,0.001205026880801948,1.7301794448661891,0.15150279884635998
-492050.0000,494,23.879508275886366,0.03471000395827586,117.99594961790388,0.03064826632628468,-0.016293193240634277,0.4295082758863664,0.0012047843747835258,1.6968979459317515,0.11822129991192232
-493050.0000,495,23.88255777582143,0.03466092992896037,101.12477651996545,0.03400962747281966,-0.006687697862518219,0.4325577758214294,0.0012013800635403006,1.6629346274208676,0.08425798140103846
-494050.0000,496,23.87377777902834,0.03457007859431401,84.27201879999541,0.03439746836334134,0.0034502904529879167,0.4237777790283417,0.0011950903340170477,1.6283968123493757,0.04972016632954657
-495050.0000,497,23.853247975115586,0.0344376074379781,67.42735112267337,0.03179946499466441,0.013219032948948922,0.40324797511558685,0.0011859488060522846,1.5933936391241414,0.014716993104312293
-496050.0000,498,23.821264117148573,0.034263183244201204,50.582885520709624,0.026469814665226694,0.02175579549486205,0.37126411714857355,0.0011739657260257102,1.5580357166665382,-0.020640929353290982
-497050.0000,499,23.77835931457631,0.03404316624169185,33.73866224111845,0.01890776823353761,0.02830960028305404,0.3283593145763106,0.0011589371677594674,1.5224347749020617,-0.05624187111776746
-498050.0000,500,23.725201280383025,0.03378351857264579,16.892673654052828,0.009816809575557658,0.03232578501607567,0.27520128038302616,0.001141326127148303,1.486703311681843,-0.09197333433798605
-499050.0000,501,23.662549736254253,0.033480845802043906,0.04707856932600407,0.00002751040576137317,0.03348083449972261,0.21254973625425322,0.001120967035620241,1.4509542373032707,-0.1277224087165585
-500050.0000,502,23.591275856499614,0.03313883602155186,343.19062709172977,-0.00958336693921272,0.03172288654854265,0.1412758564996146,0.0010981824528633033,1.4153005133459637,-0.16337613267386542
-501050.0000,503,23.512479374888226,0.03275560797012398,326.33508383775256,-0.018157576480406255,0.027262286585146286,0.06247937488822686,0.0010729298534924497,1.379854726486164,-0.19882191953366513
-502050.0000,504,23.427422993585854,0.03232699432180391,309.48129728177673,-0.024951014289453136,0.02055435350015776,-0.02257700641414573,0.001045034561881942,1.3447289682033372,-0.23394767781649195
-503050.0000,505,23.337512013331867,0.03186454616396039,292.629826559418,-0.029411295990278134,0.012260708397454526,-0.11248798666813187,0.0010153493022351627,1.3100342353289307,-0.26864241069089845
-504050.0000,506,23.244403883249394,0.0313657408816813,275.7923936387007,-0.031205591043918818,0.0031655629288433454,-0.20559611675060552,0.0009838097010567736,1.2758801626635765,-0.30279648335625264
-505050.0000,507,23.150018829483518,0.030832734276174372,258.9504008799481,-0.030261145899967118,-0.005909361367024473,-0.29998117051648165,0.000950657502945178,1.2423746765303059,-0.3363019694895233
-506050.0000,508,23.056449046225932,0.030268219320168634,242.11235134045012,-0.02675306452426362,-0.014157635373692077,-0.3935509537740671,0.0009161651008138298,1.2096236537267306,-0.3690529922930985
-507050.0000,509,22.965941339617984,0.029663997368611503,225.28240249831117,-0.021078744216941264,-0.020871973603896577,-0.48405866038201495,0.0008799527398849902,1.177730586965536,-0.40094605905429326
-508050.0000,510,22.880819775246998,0.029021743300328362,208.4659390206392,-0.013832814607421832,-0.02551303243887036,-0.5691802247530013,0.0008422615841901541,1.1467962578248687,-0.43188038819496044
-509050.0000,511,22.803395845597716,0.028345762449401627,191.68304600785336,-0.005739946925364659,-0.027758516857568312,-0.6466041544022829,0.0008034822488379073,1.1169184182897451,-0.461758227730084
-510050.0000,512,22.73592507099877,0.02763556501595556,174.93833478175202,0.002438226696492206,-0.027527795122886608,-0.714074929001228,0.0007637244537511069,1.0881914784011717,-0.49048516761865746
-511050.0000,513,22.68044182059605,0.026895586019732038,158.23900847141635,0.009971151542985581,-0.0249789648354695,-0.7695581794039477,0.0007233725473448055,1.0607061559650677,-0.5179704900547615
-512050.0000,514,22.63870917272551,0.02613157473646621,141.60059710365414,0.016231356219991826,-0.02047931330555914,-0.8112908272744903,0.000682859198207519,1.0345493730056903,-0.5441272730141389
-513050.0000,515,22.612212940580765,0.025342419636829316,125.03210214140802,0.020751147351248424,-0.014547443646769274,-0.8377870594192345,0.0006422382330491522,1.0098037849424943,-0.5688728610773348
-514050.0000,516,22.602055438553485,0.024533812800483647,108.53379268277911,0.023261399622793246,-0.0077984138206361915,-0.8479445614465142,0.0006019079705291752,0.9865475878217888,-0.5921290581980404
-515050.0000,517,22.608942921753528,0.023704171460554497,92.14003628116063,0.02368763885508718,-0.0008851610601073984,-0.8410570782464717,0.0005618877446313663,0.9648542712152307,-0.6138223748045984
-516050.0000,518,22.63321598115656,0.022852553292600504,75.85892597483098,0.02216005520599329,0.005583112506342304,-0.816784018843439,0.0005222391919911462,0.9447923859914035,-0.6338842600284257
-517050.0000,519,22.67474216736847,0.021992323580470933,59.72795230211557,0.01899348522891079,0.011086469921813951,-0.775257832631528,0.00048366229646813785,0.9264253277008306,-0.6522513183189985
-518050.0000,520,22.732976893331042,0.0211198634978065,43.783688709464286,0.01461362916033263,0.015247638405020471,-0.7170231066689574,0.00044604863416597944,0.9098111362373063,-0.6688655097825229
-519050.0000,521,22.807001873330318,0.020249361467773043,28.033228673944052,0.009516866768741118,0.017873608666370725,-0.6429981266696814,0.00041003663985253165,0.8950023124378218,-0.6836743335820074
-520050.0000,522,22.89545637342815,0.01939014440841897,12.521367557637745,0.004203854917137018,0.018928954118360698,-0.5545436265718493,0.0003759777001793415,0.8820456507025817,-0.6966309953172475
-521050.0000,523,22.996544884801597,0.01853646784026266,357.26130715675595,-0.0008856911133760576,0.018515296142508186,-0.45345511519840187,0.0003436006399930918,0.8709820724362872,-0.7076945735835419
-522050.0000,524,23.108104544776772,0.01770185658590965,342.27633223347163,-0.005388915320411953,0.01686165229915331,-0.3418954552232272,0.00031335572658811283,0.8618465711273267,-0.7168300748925025
-523050.0000,525,23.22761217777949,0.016888010168587344,327.630498267446,-0.00904145707368316,0.01426383333606553,-0.222387822220508,0.00028520488745430953,0.854668015096328,-0.7240086309235012
-524050.0000,526,23.352282050607553,0.016099841047544437,313.3504336536014,-0.011707302024439419,0.011051875907046435,-0.09771794939244671,0.0002592048817561968,0.8494690886882906,-0.7292075573315385
-525050.0000,527,23.479049128992536,0.015352595695600555,299.4742299964488,-0.013365618022252218,0.0075539691206556675,0.02904912899253631,0.00023570219459257267,0.8462662205888364,-0.7324104254309928
-526050.0000,528,23.60468838128379,0.014657311008864466,286.05358820016295,-0.014085726806724201,0.0040532784677234646,0.15468838128379048,0.00021483676601057947,0.8450695319093059,-0.7336071141105233
-527050.0000,529,23.726020259514588,0.014019093948993434,273.08883192281917,-0.013998726902535872,0.0007554073463521283,0.2760202595145884,0.00019653499515070433,0.8458828042040945,-0.7327938418157347
-528050.0000,530,23.83994499449823,0.01345663891470164,260.58322391771276,-0.013275301256394994,-0.0022017055735543,0.3899449944982294,0.00018108113088066255,0.8487034675203622,-0.729973178499467
-529050.0000,531,23.943501384202772,0.012981242766660541,248.55087379448491,-0.01208219594488062,-0.004746915305383792,0.4935013842027729,0.0001685126637669766,0.8535226085196157,-0.7251540375002135
-530050.0000,532,24.03401491067234,0.012598653509337008,236.92245323441898,-0.01055682325118473,-0.006876012877502134,0.5840149106723409,0.0001587260702483297,0.8603249996002645,-0.7183516464195646
-531050.0000,533,24.109228883869395,0.012325424583879679,225.62302301687328,-0.008809643637381544,-0.008620108477000068,0.659228883869396,0.00015191609117290556,0.8690891673503112,-0.709587478669518
-532050.0000,534,24.16729562436782,0.012164414756256063,214.6099781372535,-0.006909230499422207,-0.01001176908783229,0.7172956243678215,0.00014797298636222027,0.8797874031637822,-0.6988892428560469
-533050.0000,535,24.206748731509357,0.012121729337185444,203.7328245257238,-0.004878660166889444,-0.01109662097667522,0.756748731509358,0.00014693632212398226,0.8923859002891701,-0.6862907457306591
-534050.0000,536,24.226572779190594,0.01220362499692068,192.86887081777672,-0.002717997324164294,-0.01189709853751338,0.7765727791905945,0.00014892846306546726,0.9068448470905924,-0.6718317989292367
-535050.0000,537,24.226236780833357,0.01240760869566045,181.89692410695727,-0.0004107107495104611,-0.012400809256853577,0.7762367808333579,0.00015394875354462882,0.9231185528543356,-0.6555580931654935
-536050.0000,538,24.20561786150461,0.01272798170530475,170.66800966700248,0.0020639032462415833,-0.012559531109110955,0.7556178615046107,0.0001620015182905724,0.9411555921742932,-0.6375210538455359
-537050.0000,539,24.16494312013091,0.013151576783784117,159.08446984885222,0.004694997236539797,-0.01228498973742563,0.7149431201309113,0.0001729639718997694,0.9608989674524364,-0.6177776785673927
-538050.0000,540,24.104900244698435,0.013662332636307423,147.0993297914115,0.007421164196464213,-0.011471079070175944,0.6549002446984353,0.00018665933306511094,0.982286289020845,-0.5963903569989841
-539050.0000,541,24.026608312265818,0.014247198391953661,134.71144992757587,0.010124898252284712,-0.010023427427809758,0.5766083122658188,0.000202982662019687,1.005249972289834,-0.5734266737299951
-540050.0000,542,23.93156864802337,0.014895622210573303,121.90784326091443,0.012644883883808166,-0.00787314883671922,0.4815686480233694,0.00022187956104012467,1.0297174544128516,-0.5489591916069776
-541050.0000,543,23.821774089317856,0.015602827314961354,108.69961174353779,0.014779192292788262,-0.005002368978123476,0.3717740893178565,0.0002434482202205041,1.0556114766827942,-0.523065169337035
-542050.0000,544,23.699654439596895,0.016356308113995594,95.10276623586333,0.016291484342899003,-0.0014547690624407664,0.24965443959689537,0.00026752881511995813,1.082850157422051,-0.4958264885977781
-543050.0000,545,23.5679937833655,0.017148201091791923,81.12892659171445,0.016943071696985453,0.0026444512011652185,0.11799378336550248,0.0002940608006845337,1.111347421146245,-0.4673292248735841
-544050.0000,546,23.430000037413482,0.017970972143947387,66.8074980221686,0.016518681899330128,0.007077357424016121,-0.019999962586517483,0.00032295583979853295,1.1410132151889407,-0.43766343083088843
-545050.0000,547,23.28916285202445,0.018814355514630336,52.1727196789322,0.014860765143333432,0.011538528189747035,-0.16083714797554904,0.00035397997343090097,1.1717537942740541,-0.406922851745775
-546050.0000,548,23.149070844363028,0.019672480981721658,37.250709814338165,0.011907828464396272,0.015659186736185066,-0.30092915563697176,0.00038700650797620034,1.2034720167575879,-0.3752046292622413
-547050.0000,549,23.013368892927534,0.02053864865773196,22.079402923842792,0.0077202965515266045,0.019032422595198994,-0.4366311070724649,0.0004218360886857548,1.236067651590397,-0.34260899442943216
-548050.0000,550,22.885594733803806,0.021412173775264144,6.698405747022434,0.002497582372215757,0.021266012039780912,-0.5644052661961929,0.00045848118578210953,1.2694376950667783,-0.3092389509530509
-549050.0000,551,22.769033496302875,0.022292366418557565,351.1245109886206,-0.003439438509393393,0.022025436732998845,-0.6809665036971246,0.000496949600539233,1.3034766963117568,-0.2751999497080724
-550050.0000,552,22.666641960977092,0.023179396851462048,335.3763601157948,-0.00965783250322778,0.0210715616349896,-0.7833580390229073,0.0005372844383975688,1.338077094792534,-0.24059955122729515
-551050.0000,553,22.5809110812431,0.024063342410347535,319.4728724039892,-0.0156365524481604,0.01829050779758614,-0.8690889187568978,0.0005790444479576303,1.37312962972721,-0.20554701629261918
-552050.0000,554,22.513838779024137,0.02494333613466425,303.4359221163786,-0.02081527811470519,0.013743879166171476,-0.9361612209758619,0.0006221700175268472,1.4085234528128152,-0.17015319320701394
-553050.0000,555,22.466902196431104,0.025814315364772245,287.2952975763184,-0.024647126327305542,0.007674505948773398,-0.9830978035688958,0.0006663788777519164,1.444146717390771,-0.13452992862905822
-554050.0000,556,22.441025393864294,0.026670949374811473,271.06726134979,-0.026666322452354882,0.0004967770332758236,-1.0089746061357054,0.0007113395405537564,1.4798868517507164,-0.09878979426911272
-555050.0000,557,22.436527183113352,0.02751880009736887,254.7773186281712,-0.026553237706027553,-0.007225643647879783,-1.0134728168866474,0.0007572843587989489,1.5156309148665814,-0.06304573115324774
-556050.0000,558,22.453145448401756,0.028351246305728574,238.4485123667796,-0.024160089727559696,-0.014835202440288865,-0.9968545515982434,0.0008037931670880882,1.551265953299772,-0.02741069272005725
-557050.0000,559,22.49008622070694,0.02917313565751858,222.07885635385207,-0.01955045751760221,-0.0216529779694252,-0.9599137792930605,0.0008510718440919821,1.5866793581286327,0.008002712108803545
-558050.0000,560,22.546057439827234,0.029984290466088283,205.6949405454959,-0.013000574089898733,-0.02701930324948825,-0.9039425601727658,0.0008990576747547527,1.6217592208151352,0.04308257479530608
-559050.0000,561,22.619225972089925,0.030777574697649454,189.30455337201647,-0.004976187444574184,-0.030372630159172156,-0.8307740279100742,0.0009472591042693918,1.6563946868323705,0.0777180408125413
-560050.0000,562,22.70733711277448,0.03156044688743194,172.9084095676278,0.0038963210470851477,-0.03131901163881858,-0.7426628872255208,0.0009960618077344125,1.6904763101216433,0.11179966410181419
-561050.0000,563,22.807878089293716,0.0323294049569469,156.52617908580953,0.01287777227281899,-0.02965389360876034,-0.6421219107062832,0.001045190424870263,1.7238964634788225,0.14521981745899337
-562050.0000,564,22.91809332618267,0.0330793344529059,140.15916899312174,0.02119250859557801,-0.02539921154826582,-0.5319066738173284,0.0010942423678472074,1.756549456418274,0.17787281039844482
-563050.0000,565,23.035018805412623,0.033814661388293754,123.81326213905345,0.02809510356239542,-0.018817451491188724,-0.4149811945873765,0.0011434313248049645,1.7883321029666446,0.20965545694681542
-564050.0000,566,23.15568168570656,0.03453628020648164,107.50532075056088,0.03293687128352963,-0.010388318466085678,-0.294318314293438,0.0011927546505006155,1.8191439675098404,0.24046732149001127
-565050.0000,567,23.277197975536065,0.035242477926685375,91.23112962877303,0.03523434246820642,-0.0007572062110492472,-0.1728020244639339,0.001242032250412906,1.8488876821797753,0.2702110361599461
-566050.0000,568,23.396791436348334,0.035943655146189586,74.98380879115615,0.0347162745043658,0.009312713342829924,-0.053208563651665486,0.0012919463452682012,1.8774692545463574,0.2987926085265282
-567050.0000,569,23.511894677626813,0.03663473993231861,58.769568726382886,0.03132596320558994,0.018994425475666408,0.06189467762681389,0.0013421041699086197,1.9047983646326117,0.3261217186127825
-568050.0000,570,23.62016841985045,0.03730882168973061,42.57167617402331,0.02523986564605031,0.0274753955029849,0.1701684198504516,0.0013919481758761134,1.9307886503452363,0.3521120043254071
-569050.0000,571,23.719614482363646,0.03797194490348464,26.397254388106433,0.016882032656789253,0.03401272663472269,0.2696144823636466,0.0014418685997532733,1.955357980377071,0.37668133435724194
-570050.0000,572,23.808564980190404,0.03861422388760548,10.248556501471228,0.006870194588820343,0.037998140911811265,0.3585649801904047,0.0014910582864421215,1.978428716488905,0.3997520704690758
-571050.0000,573,23.885604986045763,0.03923962586624175,354.1120274290761,-0.0040253471169391505,0.03903261224554127,0.4356049860457638,0.0015397482381226287,1.9999279985341927,0.4212513525143635
-572050.0000,574,23.9496603260516,0.03985019181215217,337.9957417528543,-0.014930890585625915,0.03694734488140369,0.4996603260516004,0.00158803778746532,2.0197878311729913,0.44111118515316217
-573050.0000,575,23.99996301973183,0.040441534126857775,321.88731944968174,-0.024960920184511858,0.03181933604078235,0.5499630197318304,0.001635517682533802,2.037945455496012,0.459268809476183
-574050.0000,576,24.035962515023314,0.0410212778640718,305.7770566975255,-0.03328048036724808,0.02398238653942936,0.585962515023315,0.0016827452376013872,2.0543434917283068,0.4756668457084776
-575050.0000,577,24.05739801496193,0.04158104733781535,289.6601409676707,-0.03915707288538908,0.013989536831431131,0.6073980149619302,0.0017289834977096408,2.0689301205563035,0.4902534745364744
-576050.0000,578,24.06426862323479,0.04212026204527498,273.52490570433747,-0.0420405775496389,0.0025896552001046565,0.6142686232347891,0.0017741164747626318,2.081659246882487,0.5029826008626579
-577050.0000,579,24.056770024387497,0.042636379278373875,257.3666699304308,-0.04160413968777382,-0.009325041491036502,0.6067700243874974,0.0018178608379693492,2.0924906454866132,0.5138139994667841
-578050.0000,580,24.03536400314367,0.04312450030548824,241.1844836100512,-0.03778466007968318,-0.02078561977091017,0.5853640031436704,0.0018597225265980554,2.101390088146691,0.522713442126862
-579050.0000,581,24.000769184944033,0.0435864571695166,224.9731936813572,-0.030805856529496783,-0.030834695589127603,0.5507691849440342,0.0018997792485901048,2.108329451799488,0.5296528057796588
-580050.0000,582,23.95393481152019,0.044026223056346535,208.7306567396671,-0.021163086471787596,-0.038606114639974064,0.5039348115201925,0.0019383083166071792,2.1132868078994407,0.5346101618796115
-581050.0000,583,23.896012715415278,0.044442872614529866,192.45104275534436,-0.00958211995622052,-0.04339760250723453,0.44601271541527865,0.001975168926231329,2.116246494332338,0.5375698483125089
-582050.0000,584,23.828323170594203,0.04483679547343051,176.12214809445504,0.0030322956004262525,-0.04473414145502151,0.3783231705942036,0.0020103382283262385,2.1171991442805744,0.5385224982607453
-583050.0000,585,23.752349384236798,0.04520915734892457,159.74598866893325,0.015650629958778126,-0.0424137441178354,0.30234938423679836,0.0020438679081998205,2.1161417472675654,0.5374651012477363
-584050.0000,586,23.6696992436369,0.045551008294995546,143.31666098518383,0.027211806769203838,-0.036529603461388206,0.2196992436368994,0.002074894356690753,2.1130776447822384,0.5344009987624092
-585050.0000,587,23.581977190862265,0.04586546998822632,126.83274384794726,0.03671021332120083,-0.027495482813597195,0.13197719086226556,0.002103641337240889,2.1080165197198553,0.5293398737000261
-586050.0000,588,23.49080396626774,0.04615176099229978,110.30529296606795,0.043283746607837625,-0.016015689878330814,0.04080396626774174,0.0021299850426903634,2.100974365782432,0.5222977197626026
-587050.0000,589,23.39783802028488,0.04640751988480181,93.72483381134396,0.046309486513611685,-0.0030148566639050306,-0.0521619797151196,0.0021536579018582754,2.091973436939103,0.5132967909192738
-588050.0000,590,23.304741224483646,0.046636772630445994,77.0930662180341,0.045458455857763765,0.010417166237113628,-0.14525877551635347,0.0021749885613839164,2.081042177098099,0.5023655310782698
-589050.0000,591,23.213124079170928,0.04683141549471407,60.41634662616542,0.04072627627219058,0.023120378419043044,-0.23687592082907116,0.002193181477238545,2.0682151302228244,0.4895384842029953
-590050.0000,592,23.124592311239482,0.04699566066218422,43.6926574166161,0.03246412093996184,0.033980479288419414,-0.3254076887605173,0.002208592121075169,2.0535328292534416,0.47485618323361245
-591050.0000,593,23.04079357557579,0.047130104272600434,26.924660905527674,0.021341383570800513,0.04202132882275566,-0.40920642442420885,0.0022212467287461898,2.0370416327654794,0.4583649867456503
-592050.0000,594,22.96339459687718,0.0472311061272369,10.109553582714454,0.008290517676888392,0.046497792449228345,-0.4866054031228195,0.0022307773860023154,2.01879368709549,0.44011704107566074
-593050.0000,595,22.893954758922394,0.047294379957919006,353.2504561061935,-0.00555848445460888,0.04696660117755896,-0.5560452410776051,0.0022367583756040107,1.99884665800754,0.42017001198771076
-594050.0000,596,22.833937825636532,0.04731339887221258,336.3489163233244,-0.01898052141263702,0.043339329941122925,-0.6160621743634671,0.0022385577128410865,1.9772635805805736,0.39858693456074445
-595050.0000,597,22.78475081971889,0.047290716639902766,319.41979880599,-0.030763169626184098,0.035917116739323615,-0.6652491802811085,0.0022364118803155763,1.9541126600086327,0.37543601398880355
-596050.0000,598,22.7475323233263,0.04722478897671778,302.46936220606244,-0.039842545532480435,0.025352559227575996,-0.7024676766736988,0.0022301806938955252,1.9294670560621512,0.35079041004232203
-597050.0000,599,22.723108815372512,0.04712324009941387,285.4951516872402,-0.04541045467010165,0.012589295616580396,-0.7268911846274868,0.0022205997574670073,1.90340465190133,0.32472800588150075
-598050.0000,600,22.71206073436062,0.04698339975343466,268.5068173058228,-0.0469674457201257,-0.0012242936404678678,-0.7379392656393797,0.002207439852391044,1.8760078079449463,0.2973311619251171
-600050.0000,602,22.730641015591186,0.0465754535812974,234.49528910852598,-0.037915575627998827,-0.02704962108978775,-0.7193589844088137,0.002169272876303589,1.8175610499787602,0.23888440395893107
-602050.0000,604,22.801211372132617,0.045997211985647324,200.49107362126267,-0.01610185065226203,-0.04308681835578982,-0.6487886278673827,0.002115743510452578,1.7548648430132736,0.17618819699344446
-604050.0000,606,22.917223734887106,0.045244317583703515,166.55890264641823,0.010516842570898723,-0.044005048528026364,-0.5327762651128936,0.002047048273615023,1.6887112101894135,0.11003456416958435
-606050.0000,608,23.068439256850915,0.04432970817827336,132.7642423498183,0.03254482163937749,-0.030099129748748257,-0.38156074314908395,0.001965123027170876,1.619935709613584,0.04125906359375486
-608050.0000,610,23.24145467861584,0.04325906721832289,99.13673076893247,0.042710205388213476,-0.006869152225420492,-0.20854532138416104,0.0018713468965993784,1.5494070150869366,-0.029269630932892587
-610050.0000,612,23.420365067863322,0.04201054661235859,65.72021684542756,0.03829464751177169,0.01727443193330282,-0.029634932136676895,0.0017648860266691539,1.4780159398506245,-0.10066070616920464
-612050.0000,614,23.587934431720257,0.04058893305940203,32.55575082176273,0.021841716803781438,0.03421112237217643,0.13793443172025732,0.0016474614869006192,1.4066640281815201,-0.172012617838309
-614050.0000,616,23.727463416410394,0.03899978179276515,359.64551038574587,-0.00024129053692647536,0.03899903535678909,0.27746341641039507,0.001520982979883296,1.3362526701465574,-0.2424239758732718
-616050.0000,618,23.824977822733587,0.03724592223531223,326.9784247611806,-0.0202973443001736,0.03122941782228955,0.3749778227335874,0.001387258723158926,1.2676712057139023,-0.3110054403059268
-618050.0000,620,23.87105393853845,0.03533882530926594,294.53690692201235,-0.032147515887040554,0.01467548283809736,0.4210539385384493,0.0012488325742388148,1.2017858621485,-0.3768907838713291
-620050.0000,622,23.86192059745192,0.03328885867525005,262.30297509102195,-0.032988931239314304,-0.004458534242165608,0.4119205974519211,0.0011081481119007703,1.1394288092919784,-0.4392478367278507
-622050.0000,624,23.799416901625843,0.031128664711998356,230.31019946989386,-0.023953920034164487,-0.019879725394201624,0.34941690162584393,0.0009689937667520117,1.0813875271444946,-0.49728911887533456
-624050.0000,626,23.690253051851016,0.02890768495164709,198.56398836313065,-0.009203153301436999,-0.0274035803969834,0.24025305185101686,0.0008356542492636836,1.0283952712895559,-0.5502813747302733
-626050.0000,628,23.545328158473833,0.026640806881360658,167.10033899735674,0.005947409581483101,-0.025968459918910024,0.09532815847383347,0.0007097325912899533,0.9811213707065967,-0.5975552753132325
-628050.0000,630,23.379401774350843,0.024359650170772164,136.0726711467505,0.01689939614685304,-0.0175443143586214,-0.07059822564915663,0.0005933925564424003,0.940162927585037,-0.6385137184347922
-630050.0000,632,23.21050069726432,0.022121008344483013,105.6602985917882,0.02129985483257612,-0.005971197056526505,-0.23949930273568043,0.0004893390101766871,0.9060372736200477,-0.6726393723997814
-632050.0000,634,23.058194927983017,0.019979779706237228,76.07097671708527,0.019392267672356286,0.004809527173585178,-0.39180507201698234,0.000399191597109769,0.8791753869373308,-0.6995012590824984
-634050.0000,636,22.940648239004414,0.017980599105780953,47.597821828363806,0.013277408504784096,0.012124865673478523,-0.5093517609955853,0.00032330194420281084,0.8599166435818689,-0.7187600024379602
-636050.0000,638,22.871286910438396,0.016214363348414057,20.62904217218602,0.005712580844970839,0.015174715776055425,-0.5787130895616031,0.00026290557879439313,0.8485042960456828,-0.7301723499741464
-638050.0000,640,22.85667961768975,0.014811343062455,355.4108481186739,-0.0011850584818350726,0.014763858564357918,-0.5933203823102495,0.00021937588331373388,0.8450824909098077,-0.7335941551100215
-640050.0000,642,22.896311841522703,0.013891612671099549,331.79491138272704,-0.006565579481883831,0.012242143140435811,-0.5536881584772964,0.00019297690260385353,0.849694448689565,-0.7289821973302641
-642050.0000,644,22.98374101487706,0.013540072325067406,309.2350579231327,-0.010487566194481235,0.008564141164438535,-0.46625898512293773,0.00018333355856805624,0.8622819569091934,-0.7163946891106358
-644050.0000,646,23.10799263966857,0.013800653513200551,286.7252897600147,-0.013216824644465433,0.003971597123181796,-0.3420073603314293,0.0001904580373914147,0.8826860236110372,-0.695990622408792
-646050.0000,648,23.25459465929451,0.01461693080123158,263.2162203262177,-0.014514597497001151,-0.0017265936256225323,-0.19540534070548787,0.00021365466604799247,0.9106489287383751,-0.668027717281454
-648050.0000,650,23.406760465395436,0.01586646777675417,238.1479384415254,-0.013477192341506922,-0.008373176595582205,-0.04323953460456309,0.00025174479971077843,0.9458174779166217,-0.6328591681032074
-650050.0000,652,23.54721152645902,0.01740577161790943,211.4864153035527,-0.00909097169905743,-0.014843015838493142,0.09721152645902009,0.0003029608856148214,0.9877474663656749,-0.5909291796541543
-652050.0000,654,23.66059679223759,0.019130405053588907,183.46803605641446,-0.001157230619265196,-0.019095371554599692,0.21059679223759176,0.00036597239751438,1.035909404350368,-0.5427672416694611
-654050.0000,656,23.735757823656183,0.02095963691113365,154.33895296334242,0.009076494900466867,-0.018892422284301057,0.2857578236561835,0.0004393063794465562,1.089694871680118,-0.48898177433971113
-656050.0000,658,23.76678916989159,0.02281484442038212,124.31202124761234,0.01884460616890397,-0.012860713209816462,0.31678916989159234,0.0005205171259262411,1.1484245105622788,-0.43025213545755037
-658050.0000,660,23.752898445495187,0.02463478614620115,93.62364270386502,0.02458553464081106,-0.0015569762023048461,0.3028984454951882,0.0006068726884690641,1.2113565139573041,-0.367320132062525
-660050.0000,662,23.69742822314888,0.0263957089425059,62.40722315057661,0.023393513241382263,0.012226078226592479,0.24742822314888002,0.000696733450577486,1.277695999430471,-0.3009806465893581
-662050.0000,664,23.606767396340526,0.02807400682386023,30.724451613040628,0.014343285856090938,0.024133379580916808,0.15676739634052694,0.0007881498591461506,1.3466052044587566,-0.2320714415610725
-664050.0000,666,23.48950556817106,0.029638322370234466,358.6246377360537,-0.000711387746608299,0.02962978367109548,0.03950556817106232,0.0008784301529219408,1.4172135857274788,-0.16146306029235036
-666050.0000,668,23.356033309071663,0.031070333977844432,326.17602133515925,-0.017295094458625447,0.02581172913932768,-0.09396669092833676,0.0009653656534947942,1.4886292928572646,-0.09004735316256451
-668050.0000,670,23.218253501262453,0.0323864006854795,293.43360269221967,-0.029715220540165555,0.012879620243227294,-0.2317464987375466,0.0010488789493604271,1.5599502781721901,-0.018726367847639036
-670050.0000,672,23.088764127553354,0.033589658437269194,260.3947083209439,-0.033118752606511516,-0.005604764020107906,-0.36123587244664535,0.0011282651539324096,1.6302756946995114,0.051599048679682236
-672050.0000,674,22.979424630132577,0.03466370621979601,227.1184160493906,-0.02540023486699565,-0.02358814527668047,-0.4705753698674222,0.0012015725288923246,1.698717422625463,0.12004077660563395
-674050.0000,676,22.89967596174794,0.035617050770867,193.68172059467736,-0.008424436019818224,-0.03460640379124227,-0.5503240382520609,0.0012685743056145176,1.7644108042200661,0.18573415820023698
-676050.0000,678,22.855894102670057,0.03645593214810458,160.1266464816066,0.01239291031381414,-0.034284847421870844,-0.5941058973299427,0.001329034988787205,1.826526066108493,0.24784942008866384
-678050.0000,680,22.851543763262534,0.0371815348651374,126.50112734303502,0.029888196724438206,-0.022117012264062916,-0.5984562367374657,0.0013824665349274283,1.8842786301517689,0.30560198413193973
-680050.0000,682,22.887706511047966,0.037785584036427046,92.82360821592522,0.03773970948238905,-0.0018613675506908007,-0.562293488952033,0.0014277503609738905,1.93693902653603,0.35826238051620085
-682050.0000,684,22.96300972286003,0.038248470365110296,59.158755958614336,0.03283979560416252,0.01960850096125527,-0.4869902771399701,0.0014629454852707205,1.9838422027494522,0.40516555672962307
-684050.0000,686,23.072992591854593,0.03859659968109171,25.546835885619373,0.016644735852162695,0.03482312845443641,-0.37700740814540623,0.0014896975069424489,2.0243955891730896,0.44571894315326044
-686050.0000,688,23.209691681834023,0.038838500822034085,351.9790803771267,-0.0054193168007307425,0.03845855108446573,-0.24030831816597598,0.0015084291461031423,2.0580869533014683,0.47941030728163914
-688050.0000,690,23.362288039295795,0.03895885836175995,318.47471660042186,-0.025827793921252024,0.02916706543368753,-0.08771196070420473,0.001517792644851673,2.08449073728159,0.505814091261761
-690050.0000,692,23.51842478770491,0.038973473368249446,285.06256845658083,-0.03763444667603939,0.010128180970638126,0.06842478770490956,0.001518931626385649,2.1032734340855703,0.5245967880657412
-692050.0000,694,23.66556514695499,0.03889755946821349,251.73883521298842,-0.03693860385943953,-0.012188505958426746,0.21556514695499018,0.0015130201325832047,2.114197812971229,0.5355211669513997
-694050.0000,696,23.791786319752383,0.038735049232163,218.48494228870686,-0.024105167448743782,-0.030320701530243566,0.3417863197523836,0.0015004040390180912,2.117125832485541,0.5384491864657119
-696050.0000,698,23.88600214525464,0.038472572825165016,185.26971720737743,-0.003533486511690915,-0.03830996388486061,0.43600214525464054,0.0014801388597876256,2.112020508438913,0.5333438624190838
-698050.0000,700,23.938506707382427,0.038098646058044444,152.0987324214807,0.01782823727072495,-0.033669879525695945,0.4885067073824274,0.0014515068314561454,2.098946326834157,0.5202696808143277
-700050.0000,702,23.94185311949338,0.03762915181823454,118.9169982956737,0.03293759094092189,-0.01819527877138034,0.4918531194933813,0.001415953066559744,2.0780684278182093,0.4993917817983802
-702050.0000,704,23.89226866721396,0.03705144725006389,85.65723146053779,0.03694506838455845,0.0028056488348626677,0.4422686672139591,0.0013728097433242667,2.0496504465823713,0.4709738005625421
-704050.0000,706,23.79081470488228,0.03636352196790578,52.251208851663534,0.028752727379681684,0.02226176987887687,0.3408147048822805,0.0013223057299103663,2.014051376795084,0.4353747307752547
-706050.0000,708,23.643776828406256,0.03556096574040038,18.63905002593134,0.011365469147089491,0.03369582163201376,0.1937768284062571,0.0012645822843899296,1.9717208770740648,0.3930442310542357
-708050.0000,710,23.462418148820895,0.03465630118457679,344.7796758446542,-0.009098369906072495,0.03344067697951662,0.012418148820895425,0.0012010592117960987,1.9231936320142535,0.3445169859944244
-710050.0000,712,23.26196518789706,0.033669676834596075,310.6199175731804,-0.0255568010186722,0.021920243151893438,-0.18803481210293782,0.0011336471381461356,1.869082594994305,0.2904059489744759
-712050.0000,714,23.060259731577123,0.03259269395217292,276.1181911832507,-0.032407051038686976,0.003473721640538686,-0.38974026842287657,0.0010622836990600093,1.8100711090818629,0.2313944630620337
-714050.0000,716,22.876281877200032,0.031416734876724195,241.298734312811,-0.02755673518735418,-0.015087663043971206,-0.573718122799967,0.0009870112303143783,1.7469046864015767,0.16822804038174755
-716050.0000,718,22.728595842905897,0.03015512926341605,206.20739229070716,-0.013317156832258214,-0.02705522416832596,-0.7214041570941028,0.0009093318208933309,1.680381197961426,0.10170455194159689
-718050.0000,720,22.6335260695184,0.028808691198948872,170.84192745574364,0.00458515632099198,-0.02844146673623675,-0.8164739304815996,0.0008299406885963942,1.6113409187228696,0.0326642727030404
-720050.0000,722,22.602627873200873,0.027355665561221588,135.22091841408366,0.019268649723722202,-0.019417815946236205,-0.8473721267991259,0.0007483324382974048,1.5406559094865189,-0.038020736533310284
-722050.0000,724,22.64031827313396,0.025782624469030166,99.41087029224707,0.025435620180865728,-0.004215797733023879,-0.8096817268660388,0.0006647437245110331,1.4692188434434779,-0.10945780257635129
-724050.0000,726,22.742548720454568,0.024110741443417422,63.44727341338751,0.02156762164203025,0.010778012324058398,-0.7074512795454311,0.0005813278529513264,1.397932232285839,-0.1807444137339902
-726050.0000,728,22.897753065976428,0.022361357608839443,27.2914139503485,0.010253048871160561,0.019872224408857577,-0.5522469340235716,0.0005000303141104016,1.3276965195879646,-0.2509801264318645
-728050.0000,730,23.089350441961177,0.020537481021341383,350.8767736038151,-0.003256388676327591,0.02027767391715931,-0.3606495580388227,0.0004217881267019575,1.259398874705874,-0.3192777713139552
-730050.0000,732,23.29850796140347,0.018663040195587663,314.1867613992516,-0.01338273746581061,0.013008128507333783,-0.1514920385965297,0.0003483090693421208,1.1939019827256883,-0.3847746632941409
-732050.0000,734,23.506036322488793,0.01677838781527456,277.10121941274724,-0.016649685954638675,0.002074187863155473,0.056036322488793644,0.00028151429767975375,1.1320330166385022,-0.44664362938132696
-734050.0000,736,23.693796039221752,0.014906970108033045,239.43744093258044,-0.012836011612402368,-0.007579878870276377,0.24379603922175264,0.00022221775780179072,1.0745736271775226,-0.5041030188423066
-736050.0000,738,23.84601149013149,0.013074841529705334,200.9023873529634,-0.0046648017514665475,-0.012214381099606396,0.3960114901314924,0.00017095148102690732,1.0222496054988797,-0.5564270405209495
-738050.0000,740,23.95095348620123,0.011306728026027769,161.0426531341859,0.003673150981843071,-0.010693458772499526,0.5009534862012295,0.00012784209865456181,0.9757218760046247,-0.6029547700152045
-740050.0000,742,24.00202455914782,0.00965757871031261,119.25874727173084,0.00842547833654225,-0.00472018446105029,0.5520245591478208,0.00009326882654588339,0.9355781456860275,-0.6430985003338017
-742050.0000,744,23.998248338417547,0.008240223981356683,74.6336229301462,0.007945644830124955,0.002183579514566472,0.5482483384175474,0.00006790129126292579,0.9023254171721723,-0.6763512288476569
-744050.0000,746,23.943333325469002,0.007207490164629658,26.299253396897427,0.003193347053150789,0.006461458741752239,0.49333332546900266,0.00005194791447323326,0.8763838242495013,-0.7022928217703278
-746050.0000,748,23.844404100992417,0.006730266294658142,334.698485893472,-0.00287639301829792,0.006084640301718617,0.39440410099241774,0.000045296484397011436,0.8580810465417028,-0.7205955994781263
-748050.0000,750,23.71084758457912,0.006905585906736016,282.57803780735526,-0.006739853966983216,0.0015038235332151446,0.26084758457912116,0.00004768711671531108,0.8476482744540073,-0.7310283715658219
-750050.0000,752,23.553676022532088,0.007640200201632046,232.9889076849763,-0.006100844912087406,-0.004599168455240096,0.1036760225320883,0.000058372659121018354,0.8452172889981293,-0.7334593570216998
-752050.0000,754,23.385217934151594,0.008739263643878325,186.92931370924066,-0.0010543461755768788,-0.008675429855589858,-0.06478206584840507,0.00007637472903721345,0.8508188209014507,-0.7278578251183785
-754050.0000,756,23.218493850153177,0.010025129922998664,143.6980107603291,0.005935289541651436,-0.008079329677007016,-0.2315061498468225,0.0001005032299730032,0.8643821298486747,-0.7142945161711545
-756050.0000,758,23.066104018751158,0.011365101611713722,102.39619052778102,0.011100141922889774,-0.0024397507938891533,-0.38389598124884117,0.00012916553464457784,0.88573589090246,-0.6929407551173692
-758050.0000,760,22.938843158029286,0.012689388918961104,62.45738700155198,0.01125126454023383,0.005867677341361715,-0.5111568419707133,0.00016102059113665287,0.9146103740263873,-0.6640662719934418
-760050.0000,762,22.844646831081022,0.013981323253850375,23.436452189947772,0.00556081540398183,0.012827888835326554,-0.6053531689189775,0.00019547739992865725,0.9506408536079801,-0.628035792411849
-762050.0000,764,22.788352780403127,0.015212629441700872,345.0307760430485,-0.003929424728668898,0.014696384447619405,-0.6616472195968726,0.00023142409453050418,0.9933723189851531,-0.585304327034676
-764050.0000,766,22.772404570568497,0.01634999901374118,307.12425175253713,-0.013036320773503635,0.009867968810229142,-0.6775954294315021,0.00026732246774933754,1.0422649271142441,-0.536411718905585
-766050.0000,768,22.79733880967247,0.01737415558810397,269.64902186235076,-0.01737382961090908,-0.00010642861806505022,-0.6526611903275281,0.0003018612823996444,1.0967010879836296,-0.4819755580361995
-768050.0000,770,22.86189914682237,0.01826127497800528,232.55726849050836,-0.01449874772813212,-0.011102273557173114,-0.5881008531776288,0.0003334741638223217,1.155993187843589,-0.4226834581762402
-770050.0000,772,22.96212474317016,0.019012531259218802,195.7929985783087,-0.005174501157415385,-0.018294832129721196,-0.4878752568298381,0.0003614763448827721,1.2193922788584368,-0.35928436716139234
-772050.0000,774,23.09074599463239,0.01960731603581771,159.24811156386863,0.006947300674224591,-0.018335262623435555,-0.3592540053676103,0.0003844468421284343,1.2860976909204729,-0.2925789550993563
-774050.0000,776,23.23741844100127,0.020029110050585892,122.92186741476382,0.016812685266318832,-0.01088571832972847,-0.21258155899872833,0.0004011652494184808,1.3552666791131736,-0.2234099669066556
-776050.0000,778,23.39030514581404,0.0203041172161674,86.81351936092358,0.02027272518058314,0.001128622913295498,-0.059694854185959656,0.0004122571759278654,1.4260255267851303,-0.15265111923469887
-778050.0000,780,23.53745892852695,0.02045089741745009,50.84490204487622,0.015858434992990528,0.012913142326798705,0.08745892852694936,0.0004182392051790668,1.4974804347675514,-0.08119621125227772
-780050.0000,782,23.667509618179984,0.020472488053549228,14.973588564531212,0.005289553677359888,0.019777345347569888,0.21750961817998515,0.00041912276710271584,1.5687288158774233,-0.009947830142405856
-782050.0000,784,23.769791553974034,0.0203660856901699,339.1902549342798,-0.007235376896132903,0.019037509488119747,0.319791553974035,0.00041477744633934316,1.6388708488069557,0.060194202787126505
-784050.0000,786,23.834779379560764,0.02014326451856242,303.48629174136136,-0.016799842195310055,0.011113793577237954,0.384779379560765,0.00040575110546477573,1.707020350175475,0.1283437041556459
-786050.0000,788,23.85525914588423,0.019817868979687712,267.7925812816484,-0.019803162883078138,-0.0007633287118567414,0.40525914588423007,0.0003927479308960685,1.7723164768813882,0.193639830861559
-788050.0000,790,23.82785533866875,0.01937827172004451,231.98583676306362,-0.015267336884878422,-0.011934229732140558,0.377855338668752,0.0003755174148558768,1.8339344287464443,0.25525778272661515
-790050.0000,792,23.754149822651787,0.018824993036989257,196.01638438814825,-0.005194045778414496,-0.018094260175382373,0.30414982265178736,0.000354380362842694,1.8910958705075451,0.312419224487716
-792050.0000,794,23.640835561588005,0.01817782537824596,159.76382398620763,0.006287540485681315,-0.017055795792718712,0.1908355615880062,0.0003304333354820029,1.9430788705368909,0.3644022245170617
-794050.0000,796,23.499044879771166,0.017453980634344505,123.13521459351745,0.014615665240660273,-0.009540637796134392,0.04904487977116645,0.000304641439984073,1.989226650143182,0.41055000412335274
-796050.0000,798,23.343024626695954,0.016685871112175416,86.01334280131204,0.01664549577265677,0.0011600712282422965,-0.10697537330404572,0.00027841829477213005,2.0289562822047813,0.45027963618495215
-798050.0000,800,23.188829213142977,0.015892078511605477,48.282170531845,0.011862342245616844,0.010575584894788869,-0.2611707868570221,0.00025255815941903256,2.061765912016553,0.48308926599672364
-800050.0000,802,23.05266679876101,0.015088152934424752,9.951440714275236,0.0026074360902602046,0.014861145178208805,-0.39733320123898963,0.00022765235897259024,2.087241097934795,0.5085644519149659
-802050.0000,804,22.949442079791677,0.014318571523099791,331.0170089358928,-0.006938063224272008,0.012525365030933374,-0.5005579202083226,0.00020502149046212428,2.105060074864839,0.52638342884501
-804050.0000,806,22.89082166832135,0.013608241231240702,291.40039605177503,-0.012669997819310976,0.004965418881252073,-0.5591783316786483,0.00018518422940763944,2.114997686935514,0.5363210409156849
-806050.0000,808,22.88343142489131,0.012970251085837135,251.08502543613588,-0.01226986620347054,-0.0042044971849902356,-0.5665685751086897,0.00016822741322965938,2.1169284041196477,0.5382517580998185
-808050.0000,810,22.927388156171396,0.01243506193979982,210.11550130821774,-0.006239227473708449,-0.010756523879859132,-0.5226118438286029,0.00015463076544665807,2.1108278379643974,0.5321511919445683
-810050.0000,812,23.015903507559685,0.012044969193185989,168.59815736536575,0.0023811562988587547,-0.01180725952730797,-0.43409649244031456,0.00014508128286479954,2.096773048558628,0.5180964025387989
-812050.0000,814,23.136518298650138,0.011861956006175593,126.64332893964911,0.009517634474438378,-0.007079592806329141,-0.3134817013498612,0.00014070600029244523,2.0749415120879116,0.4962648660680824
-814050.0000,816,23.273370075653173,0.01190968185944055,84.47427003222242,0.011854338238274371,0.0011468159946885154,-0.17662992434682678,0.00014184052199308733,2.0456090259137394,0.46693237989391023
-816050.0000,818,23.409961120098277,0.012199401190770705,42.5380693988057,0.0082477703313572,0.008988863886752409,-0.04003887990172217,0.0001488253894133777,2.009146114245489,0.4304694682256598
-818050.0000,820,23.531133135727842,0.012740987750516132,1.2366917510564122,0.00027498449537449287,0.012738019955476038,0.08113313572784264,0.00016233276885880212,1.96601337191961,0.38733672589978085
-820050.0000,822,23.624273308404845,0.013512917001074147,320.74163832129466,-0.008551221648105642,0.010463055681916644,0.174273308404846,0.00018259892587791873,1.9167556430155934,0.33807899699576427
-822050.0000,824,23.67998816490339,0.014470235305559135,281.12197844130446,-0.014198466070076422,0.0027912848394849835,0.22998816490338925,0.00020938770979825008,1.8619950101933487,0.2833183641735195
-824050.0000,826,23.693214598397066,0.015574039270200062,242.31880761073796,-0.013791530743859548,-0.007234941529197771,0.24321459839706705,0.00024255069918973366,1.8024233170196156,0.2237466709997864
-826050.0000,828,23.66399710592633,0.016790186484321325,204.19095312224658,-0.00688026594436889,-0.015315753416435122,0.2139971059263317,0.0002819103621782865,1.7387930691872313,0.16011642316740216
-828050.0000,830,23.597648612046477,0.01810101543426247,166.63590703869818,0.004183836546034194,-0.017610856637525527,0.14764861204647772,0.0003276467597514082,1.671908039792571,0.09323139377274181
-830050.0000,832,23.503583446627385,0.019506523435590156,129.48634297612045,0.015054670085466754,-0.012404086631468695,0.053583446627385456,0.00038050445654322796,1.6026131117997846,0.02393646577995545
-832050.0000,834,23.39360853497844,0.020976171924188235,92.64128633656117,0.020953887314570003,-0.000966641092342499,-0.05639146502155867,0.00043999978859310277,1.5317834475380347,-0.04689319848179441
-834050.0000,836,23.280012944902435,0.022491073181925003,56.07456050135369,0.01866229550529222,0.012552573415354153,-0.16998705509756462,0.0005058483728747061,1.4603139304548198,-0.11836271556500932
-836050.0000,838,23.174339027015346,0.02404148108958411,19.753289661648637,0.008125317526444301,0.022626798891475734,-0.2756609729846531,0.0005779928129808304,1.3891073631988937,-0.18956928282093544
-838050.0000,840,23.086428367237733,0.025606618047517085,343.6272915412575,-0.007218108147332914,0.0245682275023013,-0.363571632762266,0.0006556988878314276,1.3190632268481624,-0.2596134191716668
-840050.0000,842,23.023879442491754,0.02715782817613171,307.6450239025337,-0.02150383822677616,0.01658712068928582,-0.42612055750824496,0.0007375476312442933,1.2510663145554324,-0.3276103314643968
-842050.0000,844,22.99164319829773,0.028659635305874544,271.80311382987236,-0.028645444539677593,0.0009017776832377998,-0.4583568017022692,0.0008213746958657306,1.1859754157588969,-0.3927012302609323
-844050.0000,846,22.991635237157098,0.03010463589659409,236.1060087254201,-0.024988978371497467,-0.016788092876063473,-0.4583647628429013,0.0009062891024665013,1.1246129281109951,-0.45406371790883404
-846050.0000,848,23.022733372589546,0.031491370404618524,200.52907661017525,-0.011043478200754093,-0.029491490284323588,-0.42726662741045374,0.0009917064099608834,1.0677539861095737,-0.5109226599102554
-848050.0000,850,23.08096890148586,0.032799388723862226,165.05894618760476,0.008456507610622126,-0.03169049352235636,-0.36903109851413873,0.0010757999006590206,1.0161168352112604,-0.5625598108085688
-850050.0000,852,23.160598311565867,0.03401623833884008,129.72696434648378,0.026161849961180067,-0.02174079293249159,-0.2894016884341326,0.0011571044707247736,0.9703537562808796,-0.6083228897389495
-852050.0000,854,23.255089591003927,0.0351394598692443,94.55086973783995,0.03502867503888636,-0.002788111354004735,-0.1949104089960727,0.0012347816399022305,0.9310427485904107,-0.6476338974294185
-854050.0000,856,23.35805502261692,0.03616378158464942,59.53531633964201,0.031171076313463348,0.01833529656052698,-0.09194497738307916,0.0013078190985022283,0.8986805103815153,-0.6799961356383138
-856050.0000,858,23.463097609464953,0.0370702864467572,24.6756118257656,0.015476115266019384,0.03368524890092862,0.013097609464953308,0.0013742061372446306,0.8736758453276321,-0.7050008006921971
-858050.0000,860,23.56358242082624,0.03782949993373412,349.9600323554364,-0.006595009833380091,0.03725019342948449,0.1135824208262406,0.0014310710652363898,0.8563446153595083,-0.7223320306603208
-860050.0000,862,23.652218495913754,0.03842398341310469,315.4088628996667,-0.026975284882383762,0.02736305002818185,0.20221849591375474,0.0014764025013305445,0.8469057503180792,-0.7317708957017499
-862050.0000,864,23.72166695786435,0.03885946985832042,280.98326564355693,-0.03814767593949693,0.007403594943325881,0.27166695786435113,0.0015100583976697135,0.8454784906060253,-0.7331981554138038
-864050.0000,866,23.765287523992544,0.03911267315256357,246.63647307649103,-0.03590571768692332,-0.015510662091807325,0.315287523992545,0.0015298012011392673,0.8520808977499846,-0.7265957482698445
-866050.0000,868,23.7779212726823,0.03917730551443432,212.35662587266438,-0.020967202912064397,-0.03309437519300892,0.32792127268229976,0.0015348612673713256,0.8666295689419793,-0.7120470770778499
-868050.0000,870,23.755946889216847,0.03905181223792921,178.11939178786838,0.001281559886613522,-0.03903077815421441,0.3059468892168482,0.0015250440390664776,0.8889407227191043,-0.6897359233007249
-870050.0000,872,23.69723845216396,0.03874759451177611,143.92100514425397,0.022818462339351874,-0.03131603194717687,0.247238452163959,0.0015013760804490222,0.9187325225791776,-0.6599441234406516
-872050.0000,874,23.601834098291935,0.03826197648911864,109.71100800267664,0.036020045159518836,-0.012904851473771062,0.1518340982919355,0.0014639788448538673,0.9556287284168846,-0.6230479176029445
-874050.0000,876,23.473093111048218,0.03756954510881177,75.49101725704907,0.03637139123823637,0.009412365222311807,0.023093111048218873,0.0014114707196830423,0.9991631958369125,-0.5795134501829167
-876050.0000,878,23.318895181722233,0.03667942356444202,41.26671494531223,0.024192468474157448,0.027569994235520656,-0.1311048182777661,0.0013453801130197444,1.0487859868295102,-0.529890659190319
-878050.0000,880,23.151442259985515,0.035592989537966475,7.006746404444129,0.004341853962588101,0.03532717379606454,-0.2985577400144841,0.001266860904249791,1.1038702541895735,-0.47480639183025564
-880050.0000,882,22.986097076285418,0.034297037375968405,332.7226089737276,-0.015718293456885545,0.030483143269220168,-0.4639029237145813,0.0011762867727685737,1.1637201638216599,-0.4149564821981693
-882050.0000,884,22.8393576038296,0.03281105831556106,298.4237287541139,-0.02885573511174872,0.015617685454245158,-0.6106423961703982,0.0010765655477871486,1.227579830850701,-0.35109681516912805
-884050.0000,886,22.727429792794833,0.031134842901933427,264.14636698184086,-0.03097249577208793,-0.0031753658334229325,-0.7225702072051661,0.0009693784425280743,1.2946424225088216,-0.2840342235110076
-886050.0000,888,22.664667586035392,0.0292963478812007,229.99615671020683,-0.02244104127852198,-0.0188328347710058,-0.785332413964607,0.0008582759991763327,1.3640607836256624,-0.21461586239416675
-888050.0000,890,22.662015670849566,0.027334992444353164,196.03782934056608,-0.007551892086999693,-0.026271100811331754,-0.7879843291504329,0.0007472018119328446,1.4349580002204738,-0.14371864579935534
-890050.0000,892,22.724859487623974,0.0252466665367231,162.4027156293771,0.007632691198349418,-0.024065248726891093,-0.7251405123760257,0.000637394171216494,1.5064384813538434,-0.07223816466598576
-892050.0000,894,22.851150530619023,0.02305952510202261,129.31175415941902,0.017841391072887618,-0.014609122578549915,-0.5988494693809763,0.0005317416979308109,1.5775994286058115,-0.0010772174140176727
-894050.0000,896,23.030457033473564,0.020805863715413056,96.98529788722618,0.020651429917312426,-0.002530297870740698,-0.41954296652643563,0.00043288396494434156,1.6475417398614771,0.06886509384164796
-896050.0000,898,23.245197070727265,0.018515293360496208,65.67743262227776,0.016871896672033218,0.007625955082051653,-0.20480292927273425,0.00034281608822523497,1.7153818781160242,0.136705232096195
-898050.0000,900,23.473449153667683,0.016217026666260324,35.7261492873335,0.00946931287964852,0.013165259871400986,0.023449153667684186,0.0002629919538941984,1.7802628617774947,0.20158621575766555
-900050.0000,902,23.692572222266705,0.013970717184452395,7.728201611447389,0.001878697411999219,0.013843822979296611,0.2425722222667055,0.00019518093864795346,1.8413650940108282,0.262688447990999
-902050.0000,904,23.882129534967895,0.01191079119736894,342.452645189746,-0.0035910313814596544,0.011356559362971402,0.4321295349678955,0.0001418669469473214,1.8979168341575818,0.3192401881377527
-904050.0000,906,24.025059599320798,0.010201022859442433,320.7634341212681,-0.006452389126815042,0.007901110171047237,0.5750595993207988,0.00010406086737886707,1.9492035451499776,0.37052689913014847
-906050.0000,908,24.108458095418893,0.009086522561857005,303.2662464229634,-0.007597520031569383,0.004984233304836195,0.6584580954188937,0.00008256489226713639,1.9945773512091598,0.41590070518933064
-908050.0000,910,24.12392803093885,0.008857934858019542,288.5303816675423,-0.008398697598192364,0.0028151178666328534,0.6739280309388498,0.00007846300994891769,2.0334650709064848,0.4547884248866556
-910050.0000,912,24.06914337647706,0.00958687936498001,272.81244057904007,-0.009575332036777897,0.0004703959440028733,0.6191433764770622,0.0000919082559586795,2.065375459586323,0.486698813566494
-912050.0000,914,23.9488377932971,0.011087000973423359,253.3153610922276,-0.010620232713848597,-0.0031831191759641333,0.4988377932970991,0.0001229215905846905,2.089905458498624,0.5112288124787947
-914050.0000,916,23.775219236911735,0.013076589558292738,229.82956990533455,-0.009992201859440058,-0.00843522948568996,0.32521923691173527,0.00017099719447605068,2.106745107677111,0.5280684616572817
-916050.0000,918,23.5660128174491,0.01535386168992758,203.30524796178315,-0.006074442546930494,-0.014101142384128542,0.11601281744909997,0.00023574106879342582,2.1156816803909493,0.5370050343711201
-918050.0000,920,23.341711797099656,0.017792656783239907,174.60361466371967,0.0016733193984112289,-0.01771379794389317,-0.10828820290034358,0.0003165786354061731,2.1166022854569673,0.5379256394371381
-920050.0000,922,23.122650373574764,0.020287858562742952,144.3914449651777,0.011812491439864481,-0.016494309656514602,-0.32734962642523513,0.0004115972050618625,2.109495292658039,0.5308186466382099
-922050.0000,924,22.927433690489497,0.022788723332928085,113.14773283097577,0.02095410175686608,-0.008958321868946371,-0.522566309510502,0.0005193259111447409,2.0944504353287257,0.5157737893088965
-924050.0000,926,22.772136914199525,0.025268675960041502,81.15984346918003,0.024968507249022318,0.0038832499956993993,-0.6778630858004746,0.0006385059847735793,2.0716577758643684,0.49298112984453923
-926050.0000,928,22.669427446814133,0.027704483715104297,48.61667369053788,0.020786770730305982,0.018315255404339127,-0.7805725531858663,0.0007675384179204792,2.0414052437625716,0.46272859774274244
-928050.0000,930,22.62706348695004,0.030070666988958425,15.68677759655776,0.00813045504120105,0.0289506599921978,-0.8229365130499602,0.000904245013160834,2.0040750057679633,0.4253983597481341
-930050.0000,932,22.646271687924074,0.03236008241799311,342.54892370533616,-0.009704508168089604,0.030870656865618993,-0.8037283120759255,0.001047174934099307,1.9601386352334564,0.3814619892136273
-932050.0000,934,22.721628790302603,0.03459225116479338,309.3008130261626,-0.026768563990046897,0.021910450076593892,-0.7283712096973964,0.0011966238406481487,1.9101510364096241,0.331474390389795
-934050.0000,936,22.842291462715412,0.0367561447041367,276.01031607389586,-0.03655409834367072,0.003848644929411666,-0.6077085372845872,0.0013510141735114363,1.8547437809478937,0.27606713492806456
-936050.0000,938,22.99464800540291,0.038841312052379444,242.76319041200964,-0.034534685558262876,-0.01777647364755524,-0.45535199459708764,0.0015086475219503166,1.7946168074201418,0.2159401614003127
-938050.0000,940,23.16442189519938,0.040855605202216976,209.60132508112974,-0.020181115447200682,-0.0355232748454612,-0.28557810480062074,0.0016691804764394189,1.7305296767920204,0.15185303077219126
-940050.0000,942,23.33859804592506,0.0427890165058883,176.53957622389976,0.002582705583722802,-0.04271100051987765,-0.11140195407493891,0.0018308999335411816,1.6632919729580642,0.08461532693823504
-942050.0000,944,23.505497392804255,0.04464702406041785,143.5721564027379,0.026511847780274614,-0.035923233216500414,0.055497392804255696,0.0019933567574515307,1.5937529193400586,0.015076273320229427
-944050.0000,946,23.6549462184477,0.046399605820611915,110.67789200061401,0.04341055954939445,-0.016384344354188896,0.20494621844770222,0.002152923420308163,1.5227911379851455,-0.05588550803468362
-946050.0000,948,23.77774825430818,0.04804083164144094,77.86420820806109,0.046967219963798885,0.01009959175775955,0.32774825430817955,0.002307921504801273,1.4513030662139943,-0.12737357980583486
-948050.0000,950,23.86647951467495,0.049584161815309155,45.093594378857574,0.03511852393757714,0.03500397662227227,0.4164795146749505,0.0024585891029267623,1.3801917898148772,-0.19848485620495193
-950050.0000,952,23.915979673286706,0.05101584711655886,12.31817971278224,0.010883740620415534,0.049841356794610076,0.4659796732867072,0.002602616657020107,1.3103556304028061,-0.26832101561702304
-952050.0000,954,23.923847483759623,0.05232315206382496,339.5137365952221,-0.01831220353357018,0.04901403312969919,0.4738474837596236,0.00273771224189415,1.2426766513755167,-0.3359999946443124
-954050.0000,956,23.889896726592873,0.05350919884293879,306.663832163185,-0.04292255014901028,0.03195135442385595,0.43989672659287393,0.002863234360813162,1.1780099927982466,-0.40066665322158257
-956050.0000,958,23.815720319090367,0.05457231583682703,273.7341569906746,-0.05445645716685404,0.0035541424604246317,0.36572031909036795,0.002978137655794402,1.1171725717425436,-0.46150407427728557
-958050.0000,960,23.704526744826317,0.05551179953985512,240.69090018635643,-0.048405819395523304,-0.02717418879747911,0.2545267448263182,0.003081559888153059,1.0609329315275136,-0.5177437144923156
-960050.0000,962,23.561967367256003,0.05629653595368614,207.50487118719047,-0.025999092753338962,-0.04993342704429522,0.11196736725600331,0.0031692999603846763,1.01000152994534,-0.5686751160744892
-962050.0000,964,23.397264726608586,0.05692498026208767,174.17713616779417,0.005775226839825976,-0.05663126462288852,-0.05273527339141282,0.003240453377839071,0.9650216737036176,-0.6136549723162116
-964050.0000,966,23.22301286876423,0.05740158275773229,140.6703189090756,0.036380070533369654,-0.04440081272994716,-0.22698713123577008,0.0032949417030927893,0.926561713012099,-0.6521149330077302
-966050.0000,968,23.054452197866237,0.0577011511204991,106.9762347439015,0.05518687794224878,-0.016847294845701785,-0.3955478021337626,0.0033294228406306747,0.8951075049310847,-0.6835691410887444
-968050.0000,970,22.90730367540404,0.05782190663398461,73.11296033809617,0.055328586503338134,0.01679644016843636,-0.5426963245959584,0.003343372886789233,0.8710564042412855,-0.7076202417785437
-970050.0000,972,22.79646501269253,0.057749713549680955,39.09471904236875,0.03641721632985716,0.04481981447813667,-0.6535349873074701,0.003335029415070204,0.8547122429687815,-0.7239644030510477
-972050.0000,974,22.734319515009943,0.05748149805726679,4.986067170829074,0.0049959177088732135,0.05726398017212681,-0.715680484990056,0.0033041226189075654,0.8462814847884343,-0.7323951612313948
-974050.0000,976,22.729794401024442,0.05703005238719525,330.82266257319657,-0.027802968830192863,0.04979379278096376,-0.7202055989755571,0.003252426875286235,0.8458706827914175,-0.7328059632284116
-976050.0000,978,22.78625625090801,0.05636521443447845,296.6648115452981,-0.05037061442578968,0.02529503114473604,-0.6637437490919886,0.0031770373982447377,0.8534850265833995,-0.7251916194364296
-978050.0000,980,22.90011635229548,0.0554819416868209,262.6077707625943,-0.05502081025378292,-0.0071383676255157135,-0.5498836477045188,0.0030782458533397945,0.8690283251953718,-0.7096483208244574
-980050.0000,982,23.060194625177953,0.054392946644772004,228.70912711346955,-0.04086918812607395,-0.03589292557895762,-0.38980537482204625,0.002958592644701014,0.8923042239133644,-0.6863724221064648
-982050.0000,984,23.24924808715532,0.05309492550727007,195.00409594231996,-0.013745644184420534,-0.051284777279206974,-0.2007519128446802,0.002819071114622558,0.9230187628988539,-0.6556578831209753
-984050.0000,986,23.446570162007845,0.05157147147602358,161.51878680642164,0.016347831143320474,-0.048911809280702295,-0.003429837992154461,0.002659616670202314,0.9607838810772278,-0.6178927649426014
-986050.0000,988,23.630882488506927,0.049824015903090706,128.28324758486394,0.03910973750203502,-0.030868446563333093,0.18088248850692779,0.0024824325607114357,1.0051224945137531,-0.573554151506076
-988050.0000,990,23.78274203615956,0.047881215222435124,95.30213400139854,0.047676343813669524,-0.0044245917029629945,0.3327420361595621,0.002292610771177153,1.0554744767896294,-0.5232021692301998
-990050.0000,992,23.885984500362692,0.04575635859611462,62.53559151208481,0.04059950237245217,0.021102719234389753,0.435984500362693,0.0020936443519762324,1.1112037386211204,-0.4674729073987087
-992050.0000,994,23.929046017509116,0.04343963764417603,29.986903441412437,0.02171121918675541,0.037624793422449225,0.47904601750911624,0.0018870021186573151,1.171606403023948,-0.40707024299588124
-994050.0000,996,23.905997867677325,0.04096777517650263,357.66123653975126,-0.001671804295510437,0.04093364964561526,0.45599786767732553,0.001678358602912465,1.235919276582748,-0.3427573694370811
-996050.0000,998,23.818215346281605,0.03836073308990515,325.53902803414303,-0.021706218942786407,0.03162887766587307,0.36821534628160535,0.0014715458431949437,1.3033298955528183,-0.27534675046701085
-998050.0000,1000,23.675019274585456,0.03563931897454397,293.64385002746224,-0.03264761423340864,0.014293157168233463,0.22501927458545623,0.0012701610569692899,1.3729866623998408,-0.20568998361998836
-1000050.0000,1002,23.493412287469905,0.032832322611420085,262.0070613588564,-0.03251336360580927,-0.004565369108495365,0.043412287469905664,0.0010779614080603666,1.444009608422669,-0.13466703759716014
-1002050.0000,1004,23.295186560955155,0.02996233344779543,230.75458681207022,-0.023204128175537964,-0.018955470483480116,-0.1548134390448439,0.0008977414256368807,1.5155016683277838,-0.06317497769204539
-1004050.0000,1006,23.103710724335087,0.02710020579775068,200.06760347077045,-0.009298857064713239,-0.02545490938051975,-0.34628927566491186,0.0007344211542804396,1.5865595105544503,0.00788286453462117
-1006050.0000,1008,22.94040837777985,0.02431332299475071,170.16363026693034,0.00415356589609412,-0.023955908778292623,-0.5095916222201495,0.0005911376750470736,1.6562854578463404,0.07760881182651125
-1008050.0000,1010,22.823237692495663,0.02166974585454137,141.39511030614437,0.01352075753935448,-0.016934196200658648,-0.626762307504336,0.00046957788540041287,1.7237986588320424,0.14512201281221326
-1010050.0000,1012,22.765549983171184,0.01929503431336691,114.21723196167011,0.017597009332383385,-0.007914771740866475,-0.6844500168288157,0.0003722983491540065,1.7882462197283988,0.20956957370856966
-1012050.0000,1014,22.77469892675555,0.01735164869441445,89.04267678132368,0.01734922670318126,0.0002899055294351148,-0.675301073244448,0.0003010797124143747,1.8488141067431139,0.2701374607232847
-1014050.0000,1016,22.850013988967124,0.01602879452922275,65.95537632095818,0.01463795041161772,0.006530900535688924,-0.5999860110328754,0.0002569222540600412,1.9047370006441016,0.3260603546242724
-1016050.0000,1018,22.981420504816885,0.015472674065649837,44.42269057909181,0.01083003995619926,0.011050514797463537,-0.46857949518311415,0.00023940364274183305,1.9553084212635172,0.37663177524368807
-1018050.0000,1020,23.15070388768715,0.015779153169835025,23.30195544706254,0.006241867674710387,0.01449209310929654,-0.2992961123128488,0.0002489816747571147,1.9998894941862186,0.4212128481663895
-1020050.0000,1022,23.335156198892182,0.01690063259132284,1.099535279429574,0.00032431186653221245,0.016897520640617964,-0.114843801107817,0.0002856313819868838,2.0379170238584607,0.4592403778386316
-1022050.0000,1024,23.512851936962583,0.018632329892518326,337.0725477071421,-0.0072585087313378465,0.017160354548223185,0.06285193696258418,0.000347163717223632,2.0689106667281547,0.49023402070832556
-1024050.0000,1026,23.665921771012755,0.020790627219258943,311.19622284644174,-0.01564408064850171,0.013693535731627723,0.21592177101275567,0.00043225018017019085,2.0924787755945817,0.5138021295747526
-1026050.0000,1028,23.781967332496823,0.0232120514386255,283.7128110852018,-0.02255041836807715,0.005502541541332051,0.33196733249682353,0.0005387993319893962,2.108323610443757,0.5296469644239277
-1028050.0000,1030,23.85304357719742,0.02576728891104607,254.95779076727467,-0.02488437004506568,-0.006687398992549776,0.403043577197419,0.0006639531778253178,2.116245000721894,0.5375683547020647
-1030050.0000,1032,23.874894305865453,0.028361824010645763,225.19163815368597,-0.020121803534687815,-0.019987648278931354,0.42489430586545396,0.0008043930612108425,2.1161428738764134,0.5374662278565843
-1032050.0000,1034,23.846481366869998,0.030917879410036125,194.66386247629498,-0.0078267937785567,-0.029910810192328156,0.3964813668699989,0.0009559152672135358,2.108018490362804,0.5293418443429749
-1034050.0000,1036,23.771001466335893,0.0334197465552312,163.5262829177558,0.009477020728980655,-0.032047863234829846,0.3210014663358933,0.0011168794598158877,2.091974478052079,0.5132978320322497
-1036050.0000,1038,23.65608059987429,0.035840859883742686,131.83560225363652,0.02670365156962884,-0.023905694511014212,0.20608059987429073,0.0012845672372060759,2.0682135247338143,0.4895368787139851
-1038050.0000,1040,23.51360009865363,0.0381407993473829,99.69723222406634,0.037595828621627435,-0.006424503491363606,0.06360009865363025,0.0014547205748573241,2.0370358081358737,0.45835916211604455
-1040050.0000,1042,23.357371377333347,0.040325389816429434,67.20206535420607,0.037175054220938315,0.015625377036004185,-0.09262862266665195,0.0016261370638469908,1.9988352011512687,0.4201585551314395
-1042050.0000,1044,23.20078934355932,0.04239219112669915,34.40152767635078,0.02395112180858923,0.034977730524330924,-0.24921065644067752,0.0017970978685225899,1.9540941882664027,0.37541754224657353
-1044050.0000,1046,23.055000953570985,0.04433261543799753,1.337554085123486,0.0010348386146690812,0.04432053587914937,-0.39499904642901384,0.0019653807915733772,1.90337807926976,0.32470143324993095
-1046050.0000,1048,22.928807187818556,0.04611760130831675,328.0572855055153,-0.024399490214112706,0.039134358659933054,-0.5211928121814431,0.0021268331504328587,1.8473275858655884,0.2686509398457593
-1048050.0000,1050,22.830127666371595,0.04774045073054231,294.62473044132116,-0.043398759700644926,0.01989216660902014,-0.619872333628404,0.002279150635955338,1.786650810632615,0.20797416461278595
-1050050.0000,1052,22.766544672767417,0.04921624800225621,261.05369520369936,-0.04861750826247409,-0.007653558503588569,-0.6834553272325827,0.0024222390674195887,1.7221142972748198,0.14343765125499064
-1052050.0000,1054,22.744972671152635,0.05052361137490639,227.36767011699203,-0.0371709804582134,-0.034219198093141924,-0.7050273288473647,0.00255263530636257,1.6545331936660645,0.0758565476462354
-1054050.0000,1056,22.76956466965145,0.051663695367174176,193.6189080644774,-0.012164881220273685,-0.050211085268980264,-0.6804353303485478,0.0026691374189921745,1.5847614264489245,0.006084780429095327
-1056050.0000,1058,22.840941176964638,0.052648363245168875,159.8504410656691,0.018135879142784892,-0.04942610686786436,-0.6090588230353617,0.002771850152395249,1.5136804474565249,-0.0649961985633043
-1058050.0000,1060,22.95573826382189,0.05348207929704197,126.10716585815726,0.04320903763603508,-0.031516850612058146,-0.4942617361781103,0.0028603328059350853,1.442188248275575,-0.13648839774425414
-1060050.0000,1062,23.107829067239866,0.054185936354819705,92.43160078646076,0.05413714636952169,-0.002298930536914039,-0.34217093276013344,0.0029361156986485717,1.3711880112515746,-0.20748863476825452
-1062050.0000,1064,23.288332218783157,0.05474268676270963,58.841191741959335,0.04684531325611455,0.028324519059229277,-0.1616677812168419,0.002996761754000144,1.3015765480892136,-0.2771000979306155
-1064050.0000,1066,23.48591072487255,0.05514265249740555,25.401167695301126,0.02365363618138355,0.04981182208922265,0.03591072487255076,0.0030407121244496265,1.234233460741915,-0.3444431852779142
-1066050.0000,1068,23.68591668565824,0.055409941894891575,352.1230842411833,-0.007593681118408047,0.05488713572292868,0.2359166856582391,0.0030702616607952604,1.1700095228311587,-0.4086671231886705
-1068050.0000,1070,23.87117260484431,0.05552646981233301,318.98613055390365,-0.03643878496843448,0.041897539305359235,0.42117260484431185,0.003083188849819929,1.1097161024574946,-0.4689605435623345
-1070050.0000,1072,24.023479921727304,0.05548026528519281,285.9747110066272,-0.05333779842036737,0.0152688930765667,0.573479921727305,0.0030780598361153703,1.0541149085732568,-0.5245617374465723
-1072050.0000,1074,24.125942582471797,0.05526483312762071,253.05549012856636,-0.05286564663458594,-0.016106681425137076,0.675942582471798,0.003054201780623764,1.0039082651782678,-0.5747683808415613
-1074050.0000,1076,24.165214758171903,0.05490527572530394,220.1825988845676,-0.03542629430162694,-0.04194719268945377,0.7152147581719035,0.00301458930247165,0.9597305961499089,-0.6189460498699203
-1076050.0000,1078,24.13281379223471,0.054408547182710605,187.26266104006618,-0.006878229302778455,-0.05397202949854347,0.6828137922347111,0.002960290006533246,0.9221400193497193,-0.6565366266701098
-1078050.0000,1080,24.02618926753708,0.0537437077982814,154.2483377638805,0.02335010331384396,-0.04840618558758649,0.5761892675370817,0.002888386127907053,0.8916114347223592,-0.68706521129747
-1080050.0000,1082,23.84891922185708,0.05294478350863152,121.10275152706487,0.04533356204103061,-0.02734992236639601,0.3989192218570814,0.0028031501007758602,0.8685305234626634,-0.7101461225571658
-1082050.0000,1084,23.61191781569789,0.052007880519260814,87.74347176156238,0.051967551347429405,0.0020477409645745363,0.16191781569789043,0.0027048196361057087,0.8531888527222062,-0.7254877932976229
-1084050.0000,1086,23.333580885004974,0.05091928874690678,54.123820045724415,0.04125915359399992,0.029840512917803385,-0.11641911499502555,0.0025927739664908674,0.8457803065261528,-0.7328963394936764
-1086050.0000,1088,23.03983325618013,0.049665696059616474,20.197962963751934,0.017147818233389244,0.04661151890810732,-0.4101667438198682,0.0024666813650862035,0.8463984810813819,-0.7322781649384472
-1088050.0000,1090,22.761610933619306,0.04823270421495808,345.9472504655795,-0.011711628833120775,0.046789224250492215,-0.6883890663806937,0.002326393755887635,0.855035566651314,-0.7236410793685152
-1090050.0000,1092,22.531071039356345,0.04662139296663365,311.39648346659385,-0.03497311515248454,0.03082913392686104,-0.9189289606436546,0.0021735542821492778,0.871582447475097,-0.7070941985447321
-1092050.0000,1094,22.376060705461708,0.04484925254902851,276.5618343544645,-0.0445554498812098,0.00512516732307758,-1.0739392945382917,0.00201145545420654,0.8958301445276882,-0.682846501492141
-1094050.0000,1096,22.31600231351369,0.042897723051858266,241.5201211287225,-0.03770643909823835,-0.02045578386581102,-1.1339976864863104,0.001840214643033932,0.9274722916962606,-0.6512043543235686
-1096050.0000,1098,22.359133435802693,0.0407922650140995,206.402690788962,-0.018139391987866613,-0.03653725965765696,-1.0908665641973059,0.0016640088849805262,0.9661091345071852,-0.612567511512644
-1098050.0000,1100,22.502180634017265,0.038556872743146106,171.31134781181117,0.005824595502603924,-0.038114387348640526,-0.9478193659827348,0.001486632435731163,1.011252550240639,-0.5674240957791901
-1100050.0000,1102,22.730213013442253,0.03619891985664529,136.35818659897825,0.02498260661331869,-0.02619601430737115,-0.7197869865577466,0.0013103617987878288,1.0623322179965458,-0.5163444280232834
-1102050.0000,1104,23.017960254223972,0.03371068423436729,101.61527625453152,0.03302034346616394,-0.006787278462372334,-0.4320397457760272,0.0011364102315492193,1.1187029554021786,-0.4599736906176506
-1104050.0000,1106,23.33294322754567,0.031080319714717853,67.16840580435468,0.02864515573369678,0.01205990574429741,-0.11705677245432966,0.0009659862735690792,1.179652477718414,-0.39902416830141507
-1106050.0000,1108,23.64025475353602,0.028327906610523,33.03174485986307,0.015441644405701954,0.023749229692399842,0.19025475353602062,0.0008024702929345127,1.2444107688132864,-0.33426587720654277
-1108050.0000,1110,23.908733750163666,0.025459468774864866,359.1122098541142,-0.00039447514725118,0.02545641254490743,0.4587337501636668,0.0006481845502983191,1.3121596938188604,-0.2665169522009687
-1110050.0000,1112,24.114541717513806,0.02246515731260847,325.3369059871243,-0.012777054557811859,0.018477829144868316,0.6645417175138064,0.0005046832930802459,1.3820433395315903,-0.19663330648823885
-1112050.0000,1114,24.242998257846832,0.019387275163635826,291.63923297219935,-0.018020941371824913,0.007149273413695956,0.7929982578468326,0.0003758664382705305,1.453178985998169,-0.12549766002166018
-1114050.0000,1116,24.287161679416712,0.016255294419673102,257.8904142545025,-0.015893584100148076,-0.0034100705449852022,0.8371616794167132,0.0002642345966702555,1.5246677593978455,-0.054008886621983665
-1116050.0000,1118,24.247008887015724,0.013103350334175567,223.9924635318905,-0.009101112083278668,-0.0094269586202411,0.7970088870157248,0.00017169778998013895,1.5956064897499942,0.01692984373016504
-1118050.0000,1120,24.128618092385803,0.009952876033162101,189.7944692345916,-0.0016931273045767846,-0.009807806139090899,0.6786180923858041,0.00009905974133149256,1.6650989561600136,0.08642231014018442
-1120050.0000,1122,23.945109523360816,0.006797842956295981,155.16125038512644,0.0028555421824599195,-0.00616899892224459,0.49510952336081715,0.00004621066885846288,1.7322672134870771,0.15359056746724797
-1122050.0000,1124,23.716216661578965,0.0036622904421145727,119.72093364969282,0.003180517728049201,-0.0018156757045156775,0.26621666157896584,0.000013412371282403752,1.7962628203589261,0.217586174339097
-1124050.0000,1126,23.466872804712562,0.0006611682422275438,66.18400975025929,0.0006048677893679071,0.00026698015266203053,0.016872804712562584,4.3714344453025994e-7,1.856277105499278,0.2776004594794488
-1126050.0000,1128,23.22277028527227,0.0025564183752367743,236.54401732699648,-0.0021328443921635044,-0.0014093437153742591,-0.22722971472773068,0.000006535274909248229,1.911551860812736,0.3328752147929068
-1128050.0000,1130,23.006055665139847,0.005632831347036533,199.7006660128999,-0.0018988623828353325,-0.005303122724886755,-0.44394433486015217,0.0000317287889841574,1.961388756437826,0.3827121104179969
-1130050.0000,1132,22.832341664311848,0.008660565382316996,164.17802539426748,0.002361296792246538,-0.008332446831532366,-0.6176583356881515,0.00007500539274138754,2.0051581658063897,0.42648151978656057
-1132050.0000,1134,22.710713921957492,0.011598033654644345,128.91360817552214,0.009024360174185972,-0.007285280234886576,-0.7392860780425075,0.00013451438465426286,2.042307192568498,0.463630546548669
-1134050.0000,1136,22.645635310169002,0.014425527508741511,93.770180368909,0.014394308149302449,-0.0009485445737461172,-0.8043646898309973,0.00020809584390545807,2.0723663889621253,0.4936897429422962
-1136050.0000,1138,22.63837741897077,0.017124015321455834,58.583322007348045,0.014613619307672274,0.008926031114660213,-0.8116225810292299,0.00029323190072945416,2.0949559914388445,0.5162793454190153
-1138050.0000,1140,22.687151765770412,0.019648965121256877,23.366305391224728,0.007792938864015305,0.018037514634729728,-0.7628482342295868,0.0003860818303363693,2.1097906062183154,0.5311139601984862
-1140050.0000,1142,22.785329094735022,0.02200239486362402,348.2039905265365,-0.004497902834788349,0.021537740128055025,-0.6646709052649769,0.0004841053797348287,2.116682815095626,0.5380061690757969
-1142050.0000,1144,22.921753067801447,0.024196754022257672,313.0843257747973,-0.017672079225115288,0.016528173555323388,-0.5282469321985523,0.0005854829052136429,2.1155455293897316,0.5368688833699025
-1144050.0000,1146,23.08212957286926,0.0262320327374277,278.0633178120495,-0.025972694029357604,0.0036794981172505615,-0.3678704271307396,0.0006881195415374787,2.1063930914055806,0.5277164453857515
-1146050.0000,1148,23.252990235328497,0.028123415697892302,243.17532960044218,-0.025097099847728097,-0.012691023983494065,-0.19700976467150255,0.0007909265105164551,2.0893411322909823,0.5106644862711531
-1148050.0000,1150,23.423179409286682,0.02985484813334921,208.42516397672193,-0.0142112211807583,-0.02625553559950571,-0.026820590713317216,0.0008913119570653448,2.0646050850956548,0.4859284390758256
-1150050.0000,1152,23.5839327512281,0.0314136924039783,173.8879340723206,0.0033447247343107458,-0.031235122649086143,0.13393275122810167,0.000986820070451764,2.0324974608142687,0.4538208147944396
-1152050.0000,1154,23.726402905574293,0.03281350864821996,139.53324868806567,0.021296186179741394,-0.024963950088169096,0.2764029055742938,0.0010767263498068062,1.9934238043329144,0.4147471583130853
-1154050.0000,1156,23.840689943913254,0.03401698216442716,105.31889038664508,0.03280837128041974,-0.008986982224366792,0.3906899439132552,0.0011571550755749556,1.9478778396422127,0.36920119362238357
-1156050.0000,1158,23.916026039035263,0.03501009702580587,71.22720774738087,0.033147636396222674,0.011266813884153523,0.4660260390352633,0.0012257068937563409,1.8964349935330236,0.31775834751319443
-1158050.0000,1160,23.943486970085562,0.03580276337800892,37.207813487422925,0.02165020787339094,0.028515019981417818,0.49348697008556286,0.0012818378655016964,1.8397451938834575,0.2610685478636283
-1160050.0000,1162,23.917865496571636,0.03641314088200198,3.1843425170734463,0.0020227009778232153,0.03635691831889547,0.4678654965716369,0.0013259168288925242,1.7785246545881628,0.19984800856833362
-1162050.0000,1164,23.83880654246041,0.03685342500910195,329.0686691299902,-0.018943043294527114,0.031612276818400356,0.38880654246041146,0.001358174934901501,1.7135466786669675,0.13487003264713837
-1164050.0000,1166,23.71080144332307,0.03711653749982861,294.82137628309033,-0.03368774604047746,0.015581178475599283,0.2608014433230714,0.0013776373559761831,1.6456323420580872,0.06695569603825802
-1166050.0000,1168,23.54233889783072,0.037233225170958624,260.44378562097677,-0.036716546942001396,-0.006181281201103445,0.09233889783072158,0.0013863130566313068,1.5756396773182058,-0.0030369687016233993
-1168050.0000,1170,23.346088806767476,0.037232231786210955,225.86280702125077,-0.026720619671215633,-0.025927737428637725,-0.1039111932325234,0.0013862390837821373,1.5044529746982758,-0.07422367132155339
-1170050.0000,1172,23.138823174544196,0.03707718373930254,191.06489611571044,-0.007115879563321677,-0.0363879349795822,-0.31117682545580294,0.001374717554038001,1.4329716055864121,-0.14570504043341703
-1172050.0000,1174,22.941976871051278,0.036788103342840495,156.06039481455343,0.014927635967505992,-0.033623358428109665,-0.5080231289487216,0.001353364547563512,1.3620985047635021,-0.21657814125632702
-1174050.0000,1176,22.779443117859195,0.036352649040358086,120.83258725364232,0.03121487575468217,-0.018631871185450025,-0.6705568821408043,0.0013215150922514477,1.2927292615211945,-0.28594738449863466
-1176050.0000,1178,22.674332421134288,0.03577644444411999,85.4171921885839,0.03566206350546256,0.0028585317202296794,-0.7756675788657112,0.001279953977063204,1.2257402940676718,-0.35293635195215733
-1178050.0000,1180,22.643655765241608,0.03507473044275968,49.830886945236784,0.02680214026850342,0.022624809229244792,-0.8063442347583916,0.0012302367156322527,1.1619779479697971,-0.416698698050032
-1180050.0000,1182,22.694866801533237,0.03424082526257686,14.118516820089667,0.008352311151889943,0.03320652064104784,-0.755133198466762,0.0011724341146623215,1.1022477997902735,-0.4764288462295556
-1182050.0000,1184,22.824090121690773,0.033299353318908625,338.3794600299243,-0.01226940795358259,0.030956559239135012,-0.6259098783092263,0.0011088469314575109,1.0473043652577454,-0.5313722807620838
-1184050.0000,1186,23.017722207700704,0.03228782258304132,302.6548237098955,-0.027184295896185443,0.01742175489962444,-0.4322777922992955,0.001042503487153953,0.9978419570048468,-0.5808346890149824
-1186050.0000,1188,23.25453511538107,0.031213890652847066,266.9710735989231,-0.031170284382768695,-0.0016493456839666602,-0.19546488461892864,0.0009743069696878934,0.9544854912898574,-0.6241911547299718
-1188050.0000,1190,23.50810020855447,0.030083658979863672,231.35220032012467,-0.023495329287999907,-0.018788188823438672,0.05810020855447107,0.0009050265376167321,0.9177827408879865,-0.6608939051318427
-1190050.0000,1192,23.749080376144082,0.02889819294229656,195.7965314426192,-0.007866723764487885,-0.027806837514241713,0.299080376144083,0.0008351055553301986,0.8881974128378595,-0.6904792331819697
-1192050.0000,1194,23.948237092600664,0.027674307638983566,160.25187899070875,0.009350757024923806,-0.026046701256741557,0.4982370926006645,0.0007658673032971042,0.8661032518887073,-0.7125733941311219
-1194050.0000,1196,24.080628459369002,0.026414308143835715,124.5659699879659,0.021751482408357052,-0.014986283320304588,0.630628459369003,0.0006977156747175057,0.8517794802379787,-0.7268971657818505
-1196050.0000,1198,24.129407251356827,0.025111738951630633,88.59166209322899,0.025104153291176518,0.000617187741254208,0.6794072513568281,0.0006305994331748431,0.8454070676771407,-0.7332695783426885
-1198050.0000,1200,24.08836037234577,0.023795891642237155,52.18466076857902,0.018798537772120483,0.0145897031045615,0.6383603723457725,0.0005662444590490921,0.8470665247179224,-0.7316101213019067
-1200050.0000,1202,23.961676523693328,0.02251175216573719,15.13372874236319,0.005877206521768926,0.021731024574834244,0.5116765236933283,0.0005067789855715731,0.8567368862395637,-0.7219397597802655
-1202050.0000,1204,23.762790460699655,0.0212915935811097,337.28773538889993,-0.008220759015097659,0.0196405467958212,0.3127904606996559,0.0004533319572231518,0.8742960261589925,-0.7043806198608367
-1204050.0000,1206,23.512034862094875,0.020188700279408275,298.52008171174134,-0.017738797833493188,0.009639433095065143,0.062034862094876075,0.00040758361897177975,0.8995220836204514,-0.6791545623993778
-1206050.0000,1208,23.235719753143215,0.019230497331675245,258.7793833182492,-0.018862910234687526,-0.003742010836661134,-0.21428024685678437,0.00036981202762356876,0.932096345308039,-0.6465803007117902
-1208050.0000,1210,22.9641218254326,0.018455864873160303,218.14757335147306,-0.011399985892547303,-0.014514105892753947,-0.4858781745674001,0.0003406189482163524,0.9716072585607597,-0.6070693874590695
-1210050.0000,1212,22.72927301531438,0.01791019137641555,176.67689232933958,0.0010381939462740639,-0.017880075740045114,-0.7207269846856192,0.00032077495513982993,1.0175556340631096,-0.5611210119567196
-1212050.0000,1214,22.56029969434341,0.017595749574826614,134.5042911926256,0.012549252564998803,-0.012333963805682337,-0.8897003056565893,0.000309610403100011,1.0693610749998628,-0.5093155710199664
-1214050.0000,1216,22.478371223160778,0.01753182688513005,91.91066136806,0.01752207970231089,-0.0005845312960258077,-0.9716287768392213,0.0003073649539301688,1.126368950669462,-0.4523076953503671
-1216050.0000,1218,22.491998693808775,0.017744583984957936,49.22488642416084,0.013437597222291785,0.01158884125746322,-0.9580013061912247,0.00031487026079922567,1.1878590035259249,-0.39081764249390427
-1218050.0000,1220,22.59598344654452,0.01825024851429496,6.792107600049917,0.002158405568589049,0.018122164777835157,-0.8540165534554802,0.0003330715708335254,1.2530543466118134,-0.3256222994080158
-1220050.0000,1222,22.774100881728522,0.019045706646663933,324.9242848835356,-0.010944775816654267,0.015586879867181843,-0.6758991182714773,0.0003627389416707787,1.3211312832874442,-0.25754536273238493
-1222050.0000,1224,23.003646350731763,0.020078838846617444,283.8656827459788,-0.01949374533405975,0.004811825254439056,-0.44635364926823584,0.0004031597694284337,1.39122987116954,-0.18744677485028904
-1224050.0000,1226,23.259839881060962,0.021295176842088523,243.8073661580121,-0.019108484246309697,-0.009399488632067035,-0.19016011893903695,0.00045348455673582333,1.4624642957896372,-0.11621235023019194
-1226050.0000,1228,23.5176851288916,0.022647776557912294,204.7185672167318,-0.009470427360251511,-0.020572622308089972,0.0676851288916005,0.0005129217830171217,1.5339345519638694,-0.04474209405595975
-1228050.0000,1230,23.753532871638534,0.024062693928797688,166.45667381541693,0.005635015817330162,-0.023393585356875846,0.3035328716385344,0.0005790132391109971,1.6047376549046408,0.026061008884811665
-1230050.0000,1232,23.946292708478346,0.025484746353913013,128.91352457399023,0.019829551094539814,-0.01600816042249444,0.4962927084783466,0.0006494722967232826,1.6739790531075744,0.09530240708774529
-1232050.0000,1234,24.080549517144277,0.026898075031066164,91.89684316817772,0.026883335993591165,-0.0008903292832153767,0.6305495171442779,0.000723506440376865,1.74078407399591,0.1621074279760808
-1234050.0000,1236,24.148278167256368,0.028272989453618426,55.269983730887816,0.023236034597014173,0.01610740912905546,0.6982781672563689,0.0007993619326444188,1.8043085031224517,0.22563185710262257
-1236050.0000,1238,24.149588905824945,0.029619861337913764,18.95323571280653,0.009620422037114228,0.028013990531608406,0.699588905824946,0.0008773361856772385,1.8637497426370795,0.28507309661725033
-1238050.0000,1240,24.08988976767579,0.030939406287393927,342.83374437908947,-0.009131623045467541,0.029561128563908332,0.6398897676757898,0.0009572468614164308,1.9183567836406423,0.33968013762081317
-1240050.0000,1242,23.97725293703865,0.03218181373446966,306.8798765978214,-0.025742087618796913,0.019313571918893796,0.5272529370386501,0.0010356691352401003,1.9674396976351027,0.3887630516152736
-1242050.0000,1244,23.81992895700744,0.03333448375554935,271.09794450513914,-0.03332836355064652,0.0006387411720875645,0.369928957007442,0.0011111878072489836,2.010378439169796,0.4317017931499667
-1244050.0000,1246,23.627236562493174,0.03437118927554263,235.400796075549,-0.028292447098126953,-0.019517071742832334,0.17723656249317443,0.0011813786522151765,2.0466303726830546,0.46795372666322543
-1246050.0000,1248,23.410857585522365,0.03524738013942998,199.71641510436166,-0.011891231472094367,-0.03318096473538037,-0.039142414477634446,0.0012423778066934833,2.0757374717578143,0.49706082573798516
-1248050.0000,1250,23.185589775933632,0.03593257623821021,163.9686246330159,0.009923273373061243,-0.034535180333658065,-0.26441022406636705,0.001291150035114789,2.097331981652168,0.5186553356323389
-1250050.0000,1252,22.968210117497975,0.036414777117133264,128.12516565322125,0.028646191655271748,-0.022481808115450405,-0.48178988250202437,0.0013260359924904923,2.11114106632332,0.532464420303491
-1252050.0000,1254,22.77459747446464,0.03672425532600682,92.15761709251939,0.036698219272070336,-0.0013826176292764667,-0.6754025255353611,0.0013486709292497405,2.116990257186462,0.5383136111666327
-1254050.0000,1256,22.61848195423728,0.03686531892457096,56.03870362089128,0.03057665296852366,0.020594174726189036,-0.8315180457627207,0.0013590517394103298,2.114805609577756,0.5361289635579267
-1256050.0000,1258,22.511241810898998,0.03683467926443548,19.836815873498892,0.012499569236022575,0.03464901680318954,-0.9387581891010015,0.0013567935965138334,2.104614725644999,0.5259380796251698
-1258050.0000,1260,22.463285725341343,0.036661843044077894,343.64048872189755,-0.010326302153634689,0.03517752434752114,-0.9867142746586559,0.0013440907353886027,2.086546363127685,0.5078697171078559
-1260050.0000,1262,22.4834973040808,0.03633299121365775,307.49279992454944,-0.02882767918904057,0.022114501195041426,-0.9665026959191998,0.0013200862505317315,2.060828806744925,0.4821521607250958
-1262050.0000,1264,22.577538909008435,0.03583098774620291,271.5066144479064,-0.035818600842789365,0.0009420809590858293,-0.872461090991564,0.0012838596828685428,2.0277869008577065,0.44911025483787737
-1264050.0000,1266,22.743455437323018,0.03514265650437779,235.7175534993952,-0.029037354458618544,-0.01979490722961925,-0.7065445626769815,0.0012350063061846866,1.9878381713057771,0.40916152528594796
-1266050.0000,1268,22.970262029263832,0.034238857057671816,200.18246625472023,-0.011812781754638894,-0.03213654492681118,-0.4797379707361671,0.0011722993326156832,1.941487356768079,0.3628107107482499
-1268050.0000,1270,23.23838085668875,0.03314197447620585,164.93099955285675,0.00861632035812818,-0.03200233578455776,-0.21161914331124976,0.00109839047218148,1.8893200841075184,0.31064343808768924
-1270050.0000,1272,23.524054745681,0.03187226559955835,129.90147877184302,0.024450763809405408,-0.020445084093381992,0.0740547456809999,0.0010158413144487908,1.8319954654989759,0.2533188194791467
-1272050.0000,1274,23.802641226664875,0.03044079603767883,95.07582685735235,0.03032142188824463,-0.0026932207638147433,0.3526412266648755,0.0009266420634075633,1.7702376286408916,0.19156098262106247
-1274050.0000,1276,24.050690922268846,0.028884996961285943,60.43959408646333,0.025125211920934976,0.014250150012600047,0.6006909222688464,0.0008343430494534981,1.7048269981119402,0.126150352092111
-1276050.0000,1278,24.24586037120633,0.027226067991682472,25.974597213820743,0.011924272122579661,0.024475916992717277,0.7958603712063308,0.0007412587782877168,1.6365900191485916,0.057913373128762435
-1278050.0000,1280,24.36743399212901,0.025487286626988768,351.65227657017397,-0.003700253384629395,0.025217254103010883,0.9174339921290091,0.0006496017796062804,1.566388847128439,-0.01228779889139009
-1280050.0000,1282,24.398986868594392,0.023646771608914544,317.3820110107731,-0.01601139568522722,0.01740129350753139,0.9489868685943925,0.000559169807524167,1.4951104500669785,-0.08356619595285064
-1282050.0000,1284,24.331913821619935,0.02168723182581102,283.1322022201116,-0.021120076611253747,0.00492731044295394,0.8819138216199356,0.00047033602426647047,1.4236552445848192,-0.15502140143500998
-1284050.0000,1286,24.168943613595168,0.01962151072266355,248.74796171213723,-0.018287149395821163,-0.007112232421294902,0.7189436135951688,0.0003850036830396006,1.3529262216435536,-0.22575042437627557
-1286050.0000,1288,23.923987684022745,0.017443340892077785,214.00101702298764,-0.009754449129948066,-0.014461011847325497,0.47398768402274527,0.000304270141477233,1.2838170272826606,-0.2948596187371686
-1288050.0000,1290,23.620338900106198,0.015162186600029567,178.653966287309,0.0003561682422220454,-0.015158002727185024,0.17033890010619857,0.00022989190249411617,1.2172008413648345,-0.3614758046549946
-1290050.0000,1292,23.28692636487951,0.012818293723579946,142.3692992302026,0.007826460580015944,-0.01015160917162523,-0.16307363512049022,0.00016430865398396903,1.1539193413513882,-0.42475730466844097
-1292050.0000,1294,22.95611657606259,0.010443429341204834,104.67085830248175,0.010102939015163024,-0.0026449649639711348,-0.49388342393740814,0.00010906521640473803,1.0947719436268717,-0.48390470239295746
-1294050.0000,1296,22.66161045610016,0.008112702914170001,64.70640741650357,0.00733494080887546,0.0034662071351660227,-0.7883895438998394,0.00006581594857358243,1.040506122409451,-0.5381705236103782
-1296050.0000,1298,22.436526577397423,0.005907062186960284,20.262837327271427,0.002045776623822824,0.0055414963399821986,-1.0134734226025763,0.00003489338368061602,0.9918075180790821,-0.5868691279407471
-1298050.0000,1300,22.30843397794966,0.004015340100055984,325.7427622570135,-0.002260272445770338,0.00331875346930274,-1.1415660220503376,0.000016122956119117604,0.9492914300859574,-0.6293852159338718
-1300050.0000,1302,22.29379489889612,0.0031067622756010506,252.15087088331438,-0.0029572242377415327,-0.0009522587068711047,-1.156205101103879,0.000009651971837097817,0.9134950407409249,-0.6651816052789042
-1302050.0000,1304,22.392655161825605,0.003952937752744173,177.63055088447027,0.00016342591811163712,-0.003949558057094429,-1.0573448381743944,0.00001562571687707015,0.8848705751813019,-0.6938060708385273
-1304050.0000,1306,22.588529100847698,0.005879364669321923,122.80023404230462,0.004941984581055203,-0.003184920299706653,-0.8614708991523017,0.00003456692891487089,0.8637797949064099,-0.7148968511134193
-1306050.0000,1308,22.85251185041618,0.008191978398898077,78.64504160837498,0.008031630702325146,0.001612891301198185,-0.5974881495838176,0.0000671085100880127,0.8504891800179558,-0.7281874660018733
-1308050.0000,1310,23.15019474830466,0.010661552456188215,39.14062684902609,0.006729848277337878,0.008269089607693545,-0.29980525169533934,0.00011366870077605296,0.8451666562352174,-0.7335099897846118
-1310050.0000,1312,23.44822203754499,0.013188412690954646,2.0754797440066,0.0004776319969290017,0.013179760884873564,-0.0017779624550087192,0.00017393422930693357,0.8478794735777407,-0.7307971724420884
-1312050.0000,1314,23.717422080042407,0.015745880215865864,326.4656333459212,-0.008698607775250099,0.013125051106367339,0.2674220800424081,0.000247932743772396,0.8585933915593746,-0.7200832544604545
-1314050.0000,1316,23.93421946621929,0.018294867492182804,291.6729585323693,-0.017001547961761225,0.006756444587241125,0.48421946621929024,0.00033470217655652714,0.8771730432606183,-0.7015036027592109
-1316050.0000,1318,24.08060249251797,0.020802332338286596,257.39707627437724,-0.020301113227665937,-0.004538924148959905,0.6306024925179692,0.0004327370307125243,0.9033836753103476,-0.6752929707094816
-1318050.0000,1320,24.14585426541729,0.023271120055701575,223.40650948505117,-0.015991216823751358,-0.01690638971343816,0.6958542654172923,0.000541545028646876,0.9368941171138572,-0.641782528905972
-1320050.0000,1322,24.12787622419793,0.025698386651590896,189.5095553768616,-0.004245684146846149,-0.02534524102508959,0.6778762241979308,0.0006604070764946651,0.9772809678707178,-0.6013956781491113
-1322050.0000,1324,24.03459285609517,0.028097533011961683,155.61235515719522,0.011601697342711628,-0.025590466586727065,0.5845928560951705,0.0007894713613582766,1.0240340580881746,-0.5546425879316546
-1324050.0000,1326,23.88181718402588,0.030481673411177575,121.60710407831266,0.02596008168535156,-0.015975186159652863,0.4318171840258813,0.00092913241394569,1.0765625722316863,-0.5021140737881429
-1326050.0000,1328,23.690207080087436,0.032827262190543,87.4672381124899,0.03279519378210576,0.0014506576855983723,0.24020708008743696,0.001077629142926654,1.134202810761528,-0.4444738352583011
-1328050.0000,1330,23.480905909350117,0.03513172499699237,53.227048864686935,0.02814100622993736,0.02103144953708434,0.03090590935011761,0.0012342381012642983,1.1962264873204325,-0.3824501586993967
-1330050.0000,1332,23.273584881890514,0.0373929587764422,18.854783025530253,0.01208430795066376,0.03538647859578896,-0.1764151181094853,0.0013982333660567056,1.2618499347933354,-0.31682671122649375
-1332050.0000,1334,23.08554663712163,0.03956685780174284,344.34154119351024,-0.010679189641271843,0.038098440189974846,-0.3644533628783684,0.0015655362363033384,1.3302441613409144,-0.24843248467891477
-1334050.0000,1336,22.931895247995275,0.0416226639368032,309.7092954066526,-0.032020145302067926,0.02659241335476183,-0.5181047520047244,0.0017324461531960577,1.400544846211428,-0.1781317998084011
-1336050.0000,1338,22.82454703735857,0.04354597139591691,274.9803351365183,-0.04338156587645679,0.0037803924294514406,-0.6254529626414289,0.001896251624814014,1.471863733532913,-0.10681291248691616
-1338050.0000,1340,22.77070300623985,0.04534253512770165,240.17573774056723,-0.039337139834922936,-0.02255071886691369,-0.6792969937601505,0.0020559454918068583,1.5432997023378314,-0.03537694368199773
-1340050.0000,1342,22.771527929324627,0.04699708458251232,205.29992666746625,-0.02008451927085773,-0.042489269762074774,-0.6784720706753724,0.002208725959255817,1.6139501566260974,0.035273510606268266
-1342050.0000,1344,22.82213722123089,0.048493562858124006,170.43678069698842,0.008056514818586944,-0.04781964248771328,-0.62786277876911,0.002351625638674824,1.6829225791004085,0.10424593308057939
-1344050.0000,1346,22.91405767925111,0.04986412453484156,135.63007814607386,0.03486939252566014,-0.03564486471453673,-0.5359423207488909,0.002486430915626188,1.7493453218478243,0.17066867582799516
-1346050.0000,1348,23.037191163233338,0.05109656268469308,100.90076364858044,0.05017458613402803,-0.009662795892999636,-0.41280883676666136,0.002610858718190769,1.8123791230476947,0.2337024770278655
-1348050.0000,1350,23.181795275566685,0.05217219134706154,66.2943101816685,0.04777004129606113,0.020975240273403715,-0.2682047244333141,0.002721937549954403,1.871227540680703,0.2925508946608739
-1350050.0000,1352,23.337900013144306,0.053080453848657234,31.82594559810832,0.027991478569709686,0.04510001893858708,-0.11209998685569289,0.0028175345807794306,1.9251470188606095,0.3464703728407803
-1352050.0000,1354,23.494922805866366,0.053779011081187364,357.51402755810125,-0.002332653419974905,0.053728398086047124,0.0449228058663671,0.0028921820328704734,1.9734563811096046,0.3947797350897755
-1354050.0000,1356,23.64062648269979,0.054272034789572925,323.3592929019294,-0.03238928467317478,0.04354753722727222,0.1906264826997912,0.002945453760200614,2.015545092721468,0.43686844670163905
-1356050.0000,1358,23.76272242735564,0.054541909818865635,289.3113103787766,-0.051473146817547354,0.018037047524151126,0.3127224273556415,0.0029748199266892714,2.050881353583785,0.4722047075639557
-1358050.0000,1360,23.84997901899478,0.05456022906121848,255.34563810782834,-0.05278536151541738,-0.013803050564977458,0.39997901899478094,0.00297681859521263,2.079018682276855,0.5003420362570259
-1360050.0000,1362,23.89411722179764,0.05435153578987221,221.4387259031039,-0.03597086331318826,-0.04074538544696425,0.4441172217976401,0.0029540894427177596,2.0996015585000865,0.5209249124802573
-1362050.0000,1364,23.88952697197369,0.0539275932965696,187.54081753102378,-0.007077050981699149,-0.05346120713342198,0.4395269719736916,0.002908185318760218,2.1123699321769775,0.5336932861571484
-1364050.0000,1366,23.833143130051006,0.05329671864113279,153.62602483327805,0.02367590986512184,-0.04774925664312166,0.38314313005100686,0.0028405402179120715,2.1171624128542303,0.5384857668344012
-1366050.0000,1368,23.72439984784776,0.05245681889526149,119.65824578516788,0.04558457424801084,-0.025956972844263845,0.2743998478477607,0.002751717848610263,2.113918446189105,0.535241800169276
-1368050.0000,1370,23.566940176883175,0.05139732962420267,85.63891985598752,0.051248515639405814,0.003908342008642368,0.11694017688317615,0.002641685492498941,2.1026790206142607,0.5240023745944316
-1370050.0000,1372,23.37115663164212,0.050147037784516305,51.53040055661177,0.039262038849692774,0.031196437359527474,-0.0788433683578802,0.002514725398561706,2.0835861480283357,0.5049095020085066
-1372050.0000,1374,23.154612734325273,0.048675833530699146,17.278084260553044,0.01445719250419155,0.04647931104055957,-0.2953872656747265,0.002369336769908335,2.056880999917542,0.478204353897713
-1374050.0000,1376,22.94070114720738,0.04697788386007033,342.8905425275102,-0.013820803622904275,0.044898852537535665,-0.5092988527926181,0.0022069215719702565,2.0229010413998236,0.4442243953799945
-1376050.0000,1378,22.75433050748931,0.045069172264069625,308.3615520387069,-0.035339193082389184,0.02797090847387691,-0.6956694925106888,0.002031230288568383,1.9820756209252235,0.40339897490539434
-1378050.0000,1380,22.618590587995257,0.04296097899809097,273.7215938373299,-0.04287038401262416,0.0027885284801399675,-0.8314094120047422,0.0018456457164744131,1.9349205817133597,0.3562439356935305
-1380050.0000,1382,22.551792076100856,0.040690606761928115,239.0347397528319,-0.03489135799103943,-0.020936060187986636,-0.8982079238991432,0.00165572547865387,1.8820317404773081,0.303355094457479
-1382050.0000,1384,22.56645617801104,0.03827540879269935,204.3606685326988,-0.01578780928471161,-0.03486763536917611,-0.8835438219889582,0.0014650069182482466,1.824077224420007,0.24540057840017782
-1384050.0000,1386,22.667239002249055,0.035731874299252134,169.86174881345585,0.006289665665480574,-0.03517395267458621,-0.7827609977509447,0.0012767668409375552,1.7617894323972196,0.18311278637739048
-1386050.0000,1388,22.849214237345272,0.03311039837692714,135.69467505645207,0.023127010568328193,-0.02369472225731408,-0.600785762654727,0.0010962984806788196,1.6959553959225373,0.11727874990270815
-1388050.0000,1390,23.095964056519264,0.030419503836497698,101.96241975493263,0.02975890657209872,-0.006305052996747731,-0.35403594348073497,0.0009253462136586981,1.6274069547559091,0.048730308736079975
-1390050.0000,1392,23.380844196662874,0.027642701723133958,68.83046070619457,0.025777259522551693,0.009982577325579362,-0.06915580333712512,0.0007641189585541531,1.5570102418936234,-0.021666404126205796
-1392050.0000,1394,23.671109445315114,0.02480073250913806,36.45282474044279,0.014735621052418634,0.019948378510278326,0.22110944531511478,0.0006150763329898175,1.4856545813049566,-0.09302206471487251
-1394050.0000,1396,23.934019785977295,0.02191222742272194,4.957230252270961,0.001893481284248182,0.02183026429641403,0.48401978597729567,0.0004801457106250874,1.4142417518412684,-0.16443489417856072
-1396050.0000,1398,24.14181836716708,0.01900955753673996,334.49729250457574,-0.008184636240192255,0.01715736015121087,0.6918183671670803,0.0003613632777426271,1.34367408799244,-0.23500255802738912
-1398050.0000,1400,24.27435286282236,0.016121574583499027,305.36869858174737,-0.013146243566774938,0.009331744056410376,0.8243528628223622,0.00025990516705132183,1.2748432451958287,-0.30383340082400045
-1400050.0000,1402,24.319028890553014,0.0133402078503034,278.2572610482965,-0.01320191250575405,0.001915894485537055,0.8690288905530146,0.00017796114548929647,1.208618929366137,-0.37005771665369225
-1402050.0000,1404,24.269942402974873,0.010811751303033863,254.1745618077557,-0.010401953619421455,-0.0029484448677327023,0.8199424029748741,0.00011689396623865444,1.1458377745250563,-0.43283887149477285
-1404050.0000,1406,24.12854781702841,0.008743147423188916,234.83195107886763,-0.007147227671642543,-0.005035847840564892,0.6785478170284094,0.00007644262686361498,1.0872932158583013,-0.49138343016152786
-1406050.0000,1408,23.90499377977294,0.007499471519269219,221.5494441371618,-0.0049741453951967374,-0.005612481684226084,0.4549937797729413,0.000056242073068330176,1.0337249948672576,-0.5449516511525716
-1408050.0000,1410,23.619994404500993,0.007456813342744349,211.4155633671279,-0.0038868003059779567,-0.0063637134292785225,0.16999440450099357,0.00005560406522853015,0.9858099743992537,-0.5928666716205755
-1410050.0000,1412,23.303400429264137,0.008598727856425339,197.60307694759524,-0.0026004365596826195,-0.008196087508557428,-0.14659957073586227,0.00007393812074886511,0.9441535837586923,-0.6345230622611369
-1412050.0000,1414,22.990444512978186,0.010500575026037302,177.21751168997764,0.0005097451198209244,-0.01048819506827829,-0.45955548702181304,0.0001102620758774383,0.9092821016812004,-0.6693945443386288
-1414050.0000,1416,22.714952174551268,0.012782208479275624,151.91661252751425,0.006017302544682821,-0.011277274657177563,-0.7350478254487314,0.00016338485360766565,0.8816362574438028,-0.6970403885760263
-1416050.0000,1418,22.50446204258213,0.015257521950014648,123.49090804473371,0.012724367386694692,-0.008419171613858415,-0.9455379574178693,0.00023279197605517878,0.861565372642473,-0.7171112733773561
-1418050.0000,1420,22.37753685519076,0.01779136675823301,93.10408556142545,0.017765263471604453,-0.0009634027768462722,-1.072463144809241,0.00031653273112595856,0.8493230547825995,-0.7293535912372296
-1420050.0000,1422,22.34398243160218,0.02029956469348249,61.548156935752786,0.01784773968154003,0.009671117567523528,-1.1060175683978208,0.0004120723267448808,0.8450639927775548,-0.7336126532422743
-1422050.0000,1424,22.404900894128488,0.022749014845888035,29.30682422022835,0.011135331473766443,0.019837390691010266,-1.0450991058715111,0.0005175176764584342,0.848842022047775,-0.7298346239720541
-1424050.0000,1426,22.552195945560296,0.02513707659163808,356.6418599811568,-0.0014724557744880747,0.025093913476499752,-0.8978040544397032,0.0006318726195738791,0.86060942452203,-0.7180672214977991
-1426050.0000,1428,22.768379429509782,0.027446216794151324,323.7157468137168,-0.016242442201576758,0.022124147161868012,-0.6816205704902174,0.0007532948163115541,0.8802175113794305,-0.6984591346403987
-1428050.0000,1430,23.02814892575535,0.02966719507252817,290.70166251055844,-0.027751696248017373,0.010487412399120112,-0.42185107424464974,0.0008801424634714398,0.9074185216247582,-0.6712581243950709
-1430050.0000,1432,23.302909922480055,0.0318326364101317,257.72840716849237,-0.031105294872834505,-0.006765897700501955,-0.14709007751994463,0.0010133167408196422,0.9418687550441335,-0.6368078909756957
-1432050.0000,1434,23.565766361010496,0.03395844189683787,224.78604185116365,-0.02392240902507176,-0.02410174521685263,0.11576636101049687,0.0011531757760609134,0.9831330154955089,-0.5955436305243202
-1434050.0000,1436,23.795771329556526,0.03602085862958882,191.91852305365637,-0.007439046278386131,-0.03524433070553125,0.345771329556527,0.0012975022564128236,1.0306898255466903,-0.5479868204731388
-1436050.0000,1438,23.978753553064042,0.03801788344248451,159.13873814939996,0.013538407596526057,-0.03552563836437937,0.5287535530640426,0.0014453594614463377,1.0839382708732648,-0.4947383751465644
-1438050.0000,1440,24.106465701997756,0.03992727843813877,126.41330467980691,0.03213171599154627,-0.023701063075635898,0.6564657019977567,0.0015941875634766613,1.1422055192587541,-0.436471126761075
-1440050.0000,1442,24.174057632674458,0.041730919620260785,93.71686214096252,0.0416431421031032,-0.002705248257262148,0.7240576326744588,0.0017414696523526665,1.2047553262801594,-0.3739213197396698
-1442050.0000,1444,24.179527224091224,0.043416127568064726,60.96204625849509,0.037958649511215914,0.021073705423848413,0.7295272240912247,0.00188496013300647,1.270797488500175,-0.3078791575196542
-1444050.0000,1446,24.123580302063676,0.0449402898722131,28.099262646537397,0.021166900297520656,0.03964330946822375,0.6735803020636766,0.0020196296537985394,1.3394973668832884,-0.2391792791365408
-1446050.0000,1448,24.011424569112652,0.046325878707648434,355.09509853419183,-0.003960962549482677,0.046156232663827214,0.5614245691126527,0.0021460870380357543,1.4099868850484125,-0.16868976097141664
-1448050.0000,1450,23.852453604836484,0.04758910181523686,321.8678960267273,-0.02938516219757471,0.03743307166401399,0.4024536048364844,0.00226472261158098,1.4813753531140381,-0.09730129290579104
-1450050.0000,1452,23.65916326132995,0.0487255313954947,288.394129572931,-0.04623606347861125,0.015375429872857886,0.20916326132995167,0.0023741774097733397,1.5527607266396435,-0.02591591938018567
-1452050.0000,1454,23.445075883920303,0.04974210349502309,254.6662709811884,-0.04797137981230119,-0.013153842747027583,-0.004924116079696006,0.0024742768601095882,1.6232411584152098,0.04456451239538062
-1454050.0000,1456,23.223510869518705,0.0506353554044492,220.70322471396844,-0.0330213949555915,-0.03838654311242052,-0.22648913048129415,0.002563939216934883,1.6919258977047895,0.11324925168496036
-1456050.0000,1458,23.00802229628491,0.05141252627086611,186.51158200644477,-0.0058303890180073665,-0.05108086159660188,-0.4419777037150894,0.002643247857552498,1.7579470551630672,0.179270409143238
-1458050.0000,1460,22.81354961129926,0.05204253413345533,152.0772846201064,0.02437048587678005,-0.04598374470572756,-0.6364503887007409,0.0027084253590318632,1.8204703980278332,0.24179375200800401
-1460050.0000,1462,22.656628831673043,0.052487553714678906,117.44482066652245,0.04658034795849605,-0.024191206646563476,-0.7933711683269564,0.0027549432949513035,1.8787058947969288,0.3000292487770997
-1462050.0000,1464,22.55284905810642,0.05275605215959167,82.64133379825,0.05232154375825598,0.006757003642034075,-0.8971509418935781,0.002783201039465557,1.9319178078812034,0.3532411618613742
-1464050.0000,1466,22.514149514814427,0.0528330900747032,47.69321606953304,0.039072785932822755,0.03556195728991179,-0.935850485185572,0.002791335406841702,1.9794336118931781,0.40075696587334897
-1466050.0000,1468,22.54589523331684,0.05271889280209985,12.657797121568137,0.011552163734363768,0.05143762408328893,-0.9041047666831581,0.002779281658279295,2.0206529018112143,0.4419762557913851
-1468050.0000,1470,22.64710901819052,0.05241702901951734,337.5869702056432,-0.01998559732879708,0.04845741254590573,-0.8028909818094796,0.0027475449312329234,2.055054834739929,0.47637818872009974
-1470050.0000,1472,22.81057691665764,0.05191722297024288,302.5655794138354,-0.04375458498363894,0.027945202340499038,-0.6394230833423578,0.0026953980409419147,2.0822047126776173,0.5035280666577882
-1472050.0000,1474,23.023997173024398,0.05125771825160018,267.6658827951662,-0.05121519080916074,-0.0020875609552018846,-0.4260028269756013,0.0026273536803604262,2.1017595075836333,0.5230828615638041
-1474050.0000,1476,23.269520120414107,0.05041883260380319,232.9061782584223,-0.0402165298284439,-0.030408706149525823,-0.18047987958589218,0.0025420586811303277,2.113472051930619,0.53479540591079
-1476050.0000,1478,23.524653942610527,0.04937968513734366,198.34385043673478,-0.015540724732230338,-0.04687045102258183,0.07465394261052793,0.002438353304263198,2.117194346435117,0.5385177004152879
-1478050.0000,1480,23.764001494984264,0.048143916752719965,163.98790140916765,0.013280033880973513,-0.04627609988334178,0.31400149498426444,0.00231783672029283,2.112879356318902,0.5342027102990727
-1480050.0000,1482,23.962973471297804,0.046718398771672304,129.79699812143565,0.03589454277309283,-0.029903019628452272,0.5129734712978049,0.0021826087837889924,2.100581604642953,0.5219049586231239
-1482050.0000,1484,24.10139456700258,0.04510339992736722,95.68715614147175,0.04488139238862252,-0.004469597550845712,0.6513945670025798,0.0020343166850080295,2.0804564280090143,0.5017797819891852
-1484050.0000,1486,24.165867680402346,0.04329025580367636,61.59057726680419,0.03807682505484019,0.02059615598335838,0.7158676804023472,0.0018740462475477348,2.05275814859779,0.4740815025779608
-1486050.0000,1488,24.150619541841866,0.04131038621775908,27.44957133632181,0.019042755177380438,0.036659534704013494,0.700619541841867,0.0017065480094604192,2.017836762575649,0.43916011655581966
-1488050.0000,1490,24.056754814814454,0.03920264895885255,353.1781734866065,-0.004656577848755744,0.03892510716914599,0.6067548148144546,0.001536847685391023,1.9761335374737061,0.39745689145387697
-1490050.0000,1492,23.8919569899197,0.03697199164311421,318.68769397316964,-0.024407541280032086,0.027770489637779828,0.44195698991969934,0.0013669281660585071,1.9281754331872605,0.3494987871674313
-1492050.0000,1494,23.670629957120653,0.03462907288423058,283.9593533073378,-0.033606376145267486,0.008353692070225599,0.22062995712065359,0.0011991726888213538,1.8745683173827534,0.29589167136292427
-1494050.0000,1496,23.41476257714848,0.03219291501282335,248.93334925352224,-0.030041234398303626,-0.011571862980913915,-0.03523742285151954,0.001036383777022867,1.8159896818503312,0.237313035830502
-1496050.0000,1498,23.152609323670948,0.029660659031915903,213.5803265064476,-0.01640547420062503,-0.024710627480098536,-0.2973906763290515,0.0008797546942075744,1.7531797313572337,0.17450308533740455
-1498050.0000,1500,22.915381672149774,0.02705030623802283,177.87918241577256,0.001001045209283863,-0.027031777153191144,-0.5346183278502252,0.0007317190675708168,1.6869321379460696,0.1082554919262404
-1500550.0000,1502.5,22.698252063229432,0.02367245906992859,132.67883997761214,0.017403163314649694,-0.01604728092422749,-0.7517479367705668,0.0005603853184174444,1.6005669831719067,0.021890337152077555
-1503050.0000,1505,22.597268906660542,0.02020370551733426,86.91891316291236,0.020174500397835162,0.0010859329302087195,-0.8527310933394574,0.0004081897166311629,1.511844904741583,-0.0668317412782462
-1505550.0000,1507.5,22.632162133226306,0.016728600447179345,40.405441395866035,0.010843348688814548,0.012738440333657524,-0.8178378667736936,0.000279846072921369,1.4225167533685128,-0.15615989265131636
-1508050.0000,1510,22.783486553296072,0.01329243839477601,352.8309834217397,-0.001658852667513832,0.013188522521738274,-0.6665134467039273,0.00017668891847891544,1.3343451768807506,-0.24433146913907855
-1510550.0000,1512.5,23.02624003888453,0.00997517785351112,303.23846575555694,-0.008343204004241642,0.0054676430162168554,-0.42375996111546854,0.0000995041732091787,1.249069956265469,-0.32960668975436014
-1513050.0000,1515,23.308665295295853,0.0068950060834785075,249.34564734417074,-0.006451831953676503,-0.0024320718189898226,-0.14133470470414622,0.00004754110889120563,1.1683736665622018,-0.4103029794576274
-1515550.0000,1517.5,23.576927261152203,0.0044321663026759845,182.41533370589048,-0.0001867849667855564,-0.0044282287103038645,0.1269272611522041,0.000019644098134576508,1.0938488037968825,-0.4848278422229466
-1518050.0000,1520,23.785110952716643,0.003625706380485145,93.3960648039282,0.0036193392733670886,-0.00021477891366073197,0.3351109527166436,0.00001314574675749069,1.026965920417107,-0.551710725602722
-1520550.0000,1522.5,23.898858411980925,0.005212584372356235,14.530385713031194,0.001307803053879368,0.005045858401817896,0.44885841198092535,0.00002717103583893245,0.969044745817812,-0.6096319002020172
-1523050.0000,1525,23.915238695699898,0.007687286405822578,316.01163527334313,-0.005338914786033694,0.005530855376215816,0.46523869569989884,0.0000590943722851446,0.921228160543399,-0.6574484854764302
-1525550.0000,1527.5,23.83559755311437,0.010312652009409153,266.1768457585416,-0.010289702278562332,-0.0006876179794913746,0.38559755311436916,0.00010635079146717063,0.8844598238852984,-0.6942168221345307
-1528050.0000,1530,23.68331158509625,0.012861004619873934,219.40738716542148,-0.008164553321492775,-0.00993707748248548,0.23331158509624927,0.00016540543983241867,0.8594652659632717,-0.7192113800565575
-1530550.0000,1532.5,23.480887134695486,0.01522209079786532,174.03337976581133,0.0015823218807421025,-0.01513962700082736,0.03088713469548665,0.00023171204825845604,0.846737687648652,-0.7319389583711772
-1533050.0000,1535,23.26423007328475,0.01740841620220877,129.21740193936813,0.013487213839743573,-0.011006726012323295,-0.18576992671524906,0.0003030529546693248,0.846528264147453,-0.7321483818723762
-1535550.0000,1537.5,23.06979079776405,0.019403483009745887,84.53668073870665,0.01931533987073119,0.0018473761359396753,-0.38020920223594956,0.0003764951529094973,0.8588411641723204,-0.7198354818475088
-1538050.0000,1540,22.925253232790045,0.021221707117351194,39.93840774613852,0.013623566685587283,0.01627142537511667,-0.5247467672099546,0.0004503608529746343,0.8834334225948817,-0.6952432234249475
-1540550.0000,1542.5,22.849769841693227,0.022885255012688593,355.4459684000997,-0.0018170705501868488,0.022813004002354274,-0.600230158306772,0.0005237348969957884,0.9198197937470411,-0.658856852272788
-1543050.0000,1545,22.841001925636032,0.024416931669516646,311.06961953951236,-0.018408214184565026,0.016041327959025835,-0.6089980743639671,0.000596186552153845,0.9672823712961087,-0.6113942747237204
-1545550.0000,1547.5,22.8977575903057,0.025758309549188303,266.85314580017086,-0.025719468928087724,-0.0014140116297030282,-0.5522424096942977,0.0006634905108318053,1.0248845335463184,-0.5537921124735108
-1548050.0000,1550,23.007989579321773,0.026932246742520437,222.8647161158558,-0.01832118940214713,-0.019740312395974246,-0.44201042067822627,0.0007253459146000027,1.0914896363808895,-0.4871870096389397
-1550550.0000,1552.5,23.162324208416305,0.027910855492983822,179.02639352262406,0.0004742562574424827,-0.027906825963418015,-0.2876757915836947,0.0007790158543502252,1.1657834256402977,-0.41289322037953147
-1553050.0000,1555,23.34012757999791,0.028701069767040947,135.33802944573347,0.020174635248619194,-0.020414100478779954,-0.10987242000208752,0.0008237514057725519,1.2463000108906088,-0.33237663512922033
-1555550.0000,1557.5,23.520991395296598,0.029303764198271527,91.74565765642853,0.029290164392364204,-0.0008926735440127381,0.07099139529659837,0.0008587105961879001,1.3314504422159064,-0.2472262038039228
-1558050.0000,1560,23.685550918409614,0.029762490342322617,48.232805152288904,0.022198576816521307,0.019824959487924555,0.23555091840961495,0.0008858058313768471,1.419554466521019,-0.15912217949881025
-1560550.0000,1562.5,23.815831755665403,0.030089875244708218,4.70965248472271,0.0024705715919979975,0.02998827884775845,0.36583175566540405,0.0009054005922421044,1.5088735964360414,-0.0698030495837878
-1563050.0000,1565,23.899116417891012,0.03028052395575182,321.1980582894082,-0.018974691454067074,0.023598118892356947,0.44911641789101253,0.00091691013103486,1.5976454384746017,0.018968792454772565
-1565550.0000,1567.5,23.9163201758218,0.030359403917465097,277.654527868694,-0.03008887807559666,0.004043862309188301,0.4663201758217994,0.0009216934062237951,1.6841181000255196,0.1054414540056905
-1568050.0000,1570,23.859540688529783,0.0303187097209145,233.95185437514306,-0.024513367865293168,-0.017841495314067365,0.4095406885297841,0.0009192241591410755,1.7665852283735253,0.18790858235369612
-1570550.0000,1572.5,23.720622417091228,0.0301349638680213,189.94946995783914,-0.005206706789858367,-0.029681749472215954,0.2706224170912286,0.0009081160473269494,1.8434195511316998,0.2647429051118706
-1573050.0000,1575,23.514155460084147,0.029833615563347356,145.55454643516907,0.01687453140096703,-0.02460273983887525,0.06415546008414807,0.0008900446175816015,1.9131049858635927,0.3344283398437635
-1575550.0000,1577.5,23.259272205714034,0.029441665943654192,100.5416113326524,0.02894475830451905,-0.005386340151782349,-0.19072779428596576,0.000866811693537727,1.9742662799866209,0.3955896339667917
-1578050.0000,1580,22.991003582635596,0.028959597264911652,54.882096029724266,0.02368808171642072,0.016659323465916996,-0.45899641736440344,0.0008386582737458784,2.0256965404760656,0.44701989445623647
-1580550.0000,1582.5,22.749654281291026,0.028433689015325822,8.5232686887216,0.0042141869991648255,0.02811966036345977,-0.7003457187089737,0.0008084746710202603,2.0663809152733696,0.4877042692535405
-1583050.0000,1585,22.575311776552255,0.027873755137139432,321.53368790814034,-0.017338991551582316,0.021824426622923315,-0.8746882234477447,0.0007769462254452068,2.0955165944308787,0.5168399484110495
-1585550.0000,1587.5,22.51198742198317,0.02729609197200345,273.94142836819947,-0.027231532314443925,0.001876242188915807,-0.9380125780168278,0.0007450766369440713,2.112528553585454,0.533851907565625
-1588050.0000,1590,22.57416019530906,0.026695110514514345,225.92580057527925,-0.019178824465196073,-0.01856883457612057,-0.8758398046909406,0.0007126289253821344,2.117081094877617,0.5384044488577879
-1590550.0000,1592.5,22.765435586909216,0.026125867083569808,177.64277343474828,0.0010745506351205621,-0.026103759725390484,-0.6845644130907829,0.0006825609308683564,2.1090843750840573,0.5304077290642282
-1593050.0000,1595,23.049450684477414,0.02562736391803169,129.1857216174161,0.019863820242569056,-0.016192295289987037,-0.40054931552258566,0.0006567617813872325,2.0886961375059356,0.5100194914861065
-1595550.0000,1597.5,23.385293568647562,0.02523575646756768,80.71914232030161,0.024905411648573763,0.004069874089633524,-0.06470643135243748,0.000636843404490384,2.0563187095598896,0.47764206354006045
-1598050.0000,1600,23.7177808098042,0.0249921382596704,32.393055991859455,0.013388899824419253,0.021103183084126127,0.2677808098042007,0.0006246069747904811,2.0125909998193237,0.4339143537994945
-1600550.0000,1602.5,23.95150829426715,0.02498489252132623,344.3724283054778,-0.006730512285768382,0.024061277162140505,0.5015082942671505,0.0006242448543022234,1.9583758617058404,0.3796992156860113
-1603050.0000,1605,24.18047022589331,0.02498305908946685,296.35895572429115,-0.022385571641200475,0.01109231372457853,0.7304702258933098,0.0006241532414677922,1.894743022200256,0.31606637618042677
-1605550.0000,1607.5,24.175920068516568,0.025246428675362094,248.6960832976556,-0.02352124916005208,-0.009172404200148112,0.7259200685165688,0.0006373821608601454,1.82294825780887,0.2442716117890409
-1608050.0000,1610,24.166892466456606,0.025514806653675753,201.03489879004724,-0.009158196055249108,-0.02381455024954442,0.7168924664566063,0.0006510053585744566,1.7444083121810445,0.16573166616121537
-1610550.0000,1612.5,23.938470074918847,0.02602859586049194,153.45642231477018,0.011631615915593224,-0.02328504484988029,0.48847007491884753,0.0006774878024688181,1.6606729869270298,0.08199634090720065
-1613050.0000,1615,23.708326423308904,0.026545211402514854,105.88004234709285,0.025532157966216922,-0.00726341228296662,0.25832642330890465,0.0007046482484042046,1.5733945247452712,-0.00528212127455796
-1615550.0000,1617.5,23.393841028161944,0.027200317369667305,58.40639125180559,0.023168832629488052,0.01424999858236466,-0.056158971838055294,0.0007398572650106249,1.4842953772637537,-0.09438126875607544
-1618050.0000,1620,23.081234991745177,0.027853893120724244,10.935401842283909,0.0052839430832326995,0.027348113417087597,-0.3687650082548224,0.0007758393619807294,1.3951337683782357,-0.1835428776415935
-1620550.0000,1622.5,22.86071753310779,0.028432488283101152,323.5948350352743,-0.01687443846678077,0.02288361239838487,-0.589282466892211,0.0008084063899686843,1.3076691080726377,-0.27100753794719146
-1623050.0000,1625,22.644265700587766,0.029007339031698196,276.26206385308853,-0.028834263663844423,0.0031640095865504082,-0.805734299412233,0.0008414257176998817,1.223627259891101,-0.35504938612872805
-1625550.0000,1627.5,22.62702954781872,0.02939871350508184,229.31127828726824,-0.02229194736958832,-0.019166466503385167,-0.8229704521812806,0.0008642843557538814,1.1446668281749437,-0.43400981784488546
-1628050.0000,1630,22.61323732117953,0.02978484864631973,182.3770920919776,-0.0012353618236039172,-0.02975921857255254,-0.8367626788204703,0.0008871372088841743,1.072345973720885,-0.5063306722989442
-1630550.0000,1632.5,22.768197474903534,0.02991425651241543,136.25627505263878,0.02068373218559912,-0.021611246275145726,-0.6818025250964652,0.000894862742690589,1.008091803338293,-0.5705848426815361
-1633050.0000,1635,22.924534291783722,0.030036587318185582,90.15651273348232,0.030036475252046453,-0.00008204971778038438,-0.5254657082162772,0.0009021965777229869,0.9531722195585659,-0.6255044264612633
-1635550.0000,1637.5,23.14832760331668,0.029812142168003954,45.0884317032648,0.021112878721234744,0.021047806839376702,-0.301672396683319,0.0008887638206452795,0.9086711111464876,-0.6700055348733416
-1638050.0000,1640,23.37132282272625,0.02957941458374028,0.03845036636931809,0.000019850314491439917,0.029579407923111,-0.07867717727375023,0.0008749417671167871,0.8754666422792852,-0.703210003740544
-1640550.0000,1642.5,23.55521152808955,0.02894084772945651,315.8753540022524,-0.020149244381250563,0.020774518482126865,0.10521152808955136,0.0008375726672995881,0.8542140463358707,-0.7244625996839584
-1643050.0000,1645,23.737104766787997,0.02829486912916955,271.72348656873373,-0.028282068966519698,0.0008509958929720593,0.2871047667879978,0.000800599619036832,0.845332728661544,-0.7333439173582852
-1645550.0000,1647.5,23.821220138908664,0.027285714974726316,228.1218367345259,-0.020316016159515636,-0.018214547183180357,0.3712201389086651,0.0007445102416820039,0.8489980022379564,-0.7296786437818727
-1648050.0000,1650,23.90295014031834,0.02627040189481246,184.5283712261355,-0.0020741199727442343,-0.026188395179041223,0.4529501403183396,0.000690134015714966,0.8651375379062929,-0.7135391081135363
-1650550.0000,1652.5,23.867796976889547,0.02495330146683805,141.3359376827915,0.015589650533162375,-0.019484097370644916,0.417796976889548,0.000622667254094902,0.8934328624951363,-0.6852437835246928
-1653050.0000,1655,23.830405623239592,0.02362940448633784,98.14721023207369,0.023390918169112856,-0.003348686844843677,0.3804056232395929,0.0005583487563789629,0.9333256875766245,-0.6453509584432047
-1655550.0000,1657.5,23.683342948752774,0.021972476432073278,55.140081320046306,0.018029557731873848,0.012558852198789652,0.2333429487527745,0.0004827897205580156,0.9840287362742668,-0.5946479097455624
-1658050.0000,1660,23.535256323083885,0.02030925066042738,12.129005127066705,0.004267248227842114,0.019855887160992035,0.08525632308388609,0.00041246566238807,1.0445414483930349,-0.5341351976267943
-1660550.0000,1662.5,23.336996089493766,0.018337436737096334,328.92451216743007,-0.009465178885141418,0.015705794305264642,-0.11300391050623304,0.0003362615860870102,1.1136697219409202,-0.465006924078909
-1663050.0000,1665,23.139582913657755,0.01636082333757962,285.7138703059461,-0.015749357371488408,0.004431058865399301,-0.31041708634224463,0.00026767654028348993,1.1900495190350961,-0.388627126984733
-1665550.0000,1667.5,22.983675567773115,0.014149035604965315,242.20193225394837,-0.012516190249969776,-0.006598499085181245,-0.4663244322268838,0.00020019520855057619,1.2721734495329922,-0.306503196486837
-1668050.0000,1670,22.830532953133826,0.011933152976286004,198.68672406921837,-0.0038233047091534907,-0.01130409134147492,-0.6194670468661734,0.00014240013995544352,1.3584208941434994,-0.22025575187632973
-1670550.0000,1672.5,22.812862169516613,0.009516620440421421,155.0112793806204,0.004020199575180419,-0.00862577880441911,-0.6371378304833861,0.0000905660646070468,1.4470899091148144,-0.13158673690501477
-1673050.0000,1675,22.798429735661852,0.007096533677931154,111.32014251514289,0.00661087152293209,-0.0025801488230907596,-0.6515702643381474,0.000050360790242011076,1.5364308387327716,-0.04224580728705751
-1675550.0000,1677.5,22.94267644016702,0.004502289810782389,66.86008898256432,0.00414007150322678,0.0017692997169627505,-0.5073235598329795,0.000020270613540274918,1.6246804679794653,0.04600382195963615
-1678050.0000,1680,23.088295242106113,0.001975969520567842,24.298892896592633,0.000813105031559811,0.0018009208072164713,-0.3617047578938859,0.0000039044555462131075,1.7100972855557464,0.1314206395359172
-1680550.0000,1682.5,23.301146818307675,0.0027779045001300098,74.78171169435495,0.0026804910475747945,0.0007291921253784501,-0.1488531816923242,0.000007716753411842559,1.7909957248415584,0.2123190788217293
-1683050.0000,1685,23.5126666132592,0.003621440585944483,123.40366416549563,0.0030232244389814364,-0.001993726638501703,0.06266661325919998,0.000013114831917525921,1.8657794299848092,0.28710278396498
-1685550.0000,1687.5,23.658929126959045,0.006503430878121915,80.84316663217464,0.006420554012429463,0.0010349393025610274,0.20892912695904542,0.000042294613186509576,1.9329724581287395,0.35429581210891037
-1688050.0000,1690,23.80196844882139,0.00938756438141227,38.29244331341516,0.005817243867616791,0.0073679059983033975,0.3519684488213919,0.00008812636501516035,1.9912488207957133,0.41257217477588415
-1690550.0000,1692.5,23.787071370646476,0.012376715229235872,356.22065650816785,-0.0008158008453823748,0.012349799546805307,0.33707137064647696,0.00015318307986559915,2.0394585142982002,0.4607818682783711
-1693050.0000,1695,23.76923827732594,0.0153677425618549,314.14448385008814,-0.011027673562131204,0.010703173700100316,0.31923827732594035,0.00023616751144744659,2.076650192791989,0.49797354677215977
-1695550.0000,1697.5,23.60754044186998,0.018450717649449968,271.85340440322284,-0.01844106513383692,0.0005967399008854434,0.15754044186997973,0.00034042898177972456,2.1020898090720572,0.5234131630522281
-1698050.0000,1700,23.44522547095525,0.02153338397707939,229.55254388079447,-0.016386931714322008,-0.013969792213719105,-0.004774529044748732,0.0004636866255043394,2.115275334811913,0.5365986887920837
-1700550.0000,1702.5,23.25267086256109,0.02460092106639197,186.77241065576777,-0.0029010837153547976,-0.024429265862717844,-0.1973291374389099,0.0006052053173148482,2.115946562291903,0.5372699162720738
-1703050.0000,1705,23.062140172668105,0.027665931175165703,143.98242485458496,0.016268491182155904,-0.022377219274188672,-0.3878598273318943,0.0007654037477890055,2.104090200349281,0.5254135543294518
-1705550.0000,1707.5,22.97078148933285,0.030607119237535802,100.70966282175596,0.030073988220732175,-0.005687792236008325,-0.47921851066714893,0.0009367957480207341,2.079940211632285,0.501263565612456
-1708050.0000,1710,22.88258302775947,0.033544256539309966,57.43494373037902,0.028270456285111528,0.018055427112273963,-0.5674169722405296,0.0011252171467750394,2.0439731771449994,0.4652965311251702
-1710550.0000,1712.5,22.949235432517696,0.03628290657188307,14.064328770147313,0.008817150535553233,0.035195271923049394,-0.5007645674823031,0.0013164493093039957,1.9968988497057323,0.4182222036859031
-1713050.0000,1715,23.017869823171814,0.03901540113413535,330.6997943690578,-0.01909357477333236,0.034024063955275186,-0.4321301768281849,0.0015222015256574897,1.9396461026556544,0.36096945663582525
-1715550.0000,1717.5,23.183621522724646,0.04144627765066627,287.63320736593937,-0.039498935104922916,0.012555001261378124,-0.266378477275353,0.0017177939310961182,1.873344859195511,0.2946682131756819
-1718050.0000,1720,23.34910146139894,0.04386871878063243,244.57470863477306,-0.039619851984798976,-0.01883432547655564,-0.10089853860105791,0.0019244644874542123,1.7993035285544714,0.22062688253464224
-1720550.0000,1722.5,23.501265117024726,0.045877825968925,201.91253522926468,-0.017121181043862004,-0.04256336541320798,0.05126511702472669,0.002104774915634969,1.718983220423821,0.14030657440399175
-1723050.0000,1725,23.651472159245344,0.04787601504190872,159.25518945833937,0.016957987986019208,-0.044772083486912896,0.20147215924534478,0.0022921128162930703,1.6339688740524918,0.05529222803266265
-1725550.0000,1727.5,23.705805144612857,0.04933921646475843,116.83439778198556,0.044026121520236806,-0.022272379873772605,0.2558051446128573,0.0024343582813562896,1.5459383453815991,-0.03273830063823002
-1728050.0000,1730,23.757762574643756,0.05079029310886753,74.41327354283862,0.048922471994272854,0.013647183154565829,0.3077625746437569,0.002579653874084677,1.4566288645886143,-0.12204778143121486
-1730550.0000,1732.5,23.693317793180537,0.051647255594686664,31.97585372683659,0.027350414805364882,0.043810887008109874,0.24331779318053748,0.002667439010462893,1.367802853668697,-0.21087379235113213
-1733050.0000,1735,23.62730364481658,0.05249140532263803,349.53562728027305,-0.00953370368666388,0.05161837005137187,0.177303644816579,0.0027553476327454723,1.2812131285041846,-0.2974635175156446
-1735550.0000,1737.5,23.48439051831638,0.052707729915069224,306.95787593619434,-0.04211757426728628,0.03168934727380019,0.03439051831638196,0.002778104792799883,1.1985686654240912,-0.3801079805957379
-1738050.0000,1740,23.341219562398006,0.0529097844053697,264.377061845375,-0.05265519592336185,-0.00518417091684686,-0.10878043760199319,0.0027994452858227025,1.1215004117990275,-0.45717623422080167
-1740550.0000,1742.5,23.185414964988837,0.05241260389126546,221.6461731642637,-0.0348296757456565,-0.039165989507672624,-0.26458503501116226,0.002747081046662695,1.0515292356492503,-0.5271474103705789
-1743050.0000,1745,23.03081712925846,0.0519014556700886,178.91367289888444,0.000983991846886383,-0.051892127155469675,-0.41918287074154037,0.0026937611006741724,0.9900359192409205,-0.5886407267789087
-1745550.0000,1747.5,22.935350615788945,0.05070588980235324,136.10220500436947,0.035158150587293456,-0.03653753833976213,-0.5146493842110544,0.0025710872606483906,0.9382341498290516,-0.6404424961907775
-1748050.0000,1750,22.842092391114118,0.04949825616113238,93.29468191195878,0.04941644323076886,-0.0028447322217175787,-0.6079076088858812,0.0024500773629930798,0.8971462145789447,-0.6815304314408844
-1750550.0000,1752.5,22.857040317379134,0.04769930161912171,50.68045412265889,0.036901328961623556,0.030224415557922532,-0.5929596826208652,0.0022752233749519474,0.867582954687885,-0.7110936913319441
-1753050.0000,1755,22.87437850486818,0.04589068532616286,8.078832110814176,0.00644926851334259,0.045435249920603576,-0.5756214951318199,0.0021059549997048993,0.8501277934706213,-0.7285488525492079
-1755550.0000,1757.5,23.008839492334527,0.043608643236743044,326.0948931942735,-0.024325733522299067,0.03619354160000966,-0.4411605076654723,0.001901713764949535,0.8451252711193447,-0.7335513749004845
-1758050.0000,1760,23.144712042256117,0.04131939529854594,284.133878373244,-0.040068566251975864,0.010089718843878718,-0.3052879577438823,0.0017072924278375002,0.8526741108925091,-0.72600253512732
-1760550.0000,1762.5,23.349751152484693,0.03867706077026172,243.29614423227304,-0.034551809908625976,-0.017380663447195962,-0.1002488475153065,0.0014959150298265182,0.872625352800399,-0.7060512932194302
-1763050.0000,1765,23.554136224358768,0.03603039555569342,202.48998015793916,-0.01378241389454932,-0.03329015576922202,0.10413622435876846,0.0012981894038997322,0.9045853363863642,-0.674091309633465
-1765550.0000,1767.5,23.726473416862305,0.03317152671320502,163.23074934883107,0.009570582001076055,-0.031760890174010445,0.27647341686230575,0.0011003501844848744,0.9479233115683537,-0.6307533344514754
-1768050.0000,1770,23.89627563186586,0.030313973556643323,124.01158627538712,0.02512799465710845,-0.016956440584780744,0.44627563186585917,0.0009189369927928707,1.0017840123817696,-0.5768926336380595
-1770550.0000,1772.5,23.941863949370344,0.027520889010489942,86.75574224947866,0.027476782585067697,0.0015574821670332353,0.4918639493703445,0.0007573993319277061,1.065104545599192,-0.5135721004206371
-1773050.0000,1775,23.9840401110552,0.024737372232017458,49.55470046361967,0.018825774759698318,0.016047672405756983,0.5340401110552015,0.0006119375849453884,1.1366354099223652,-0.44204123609746393
-1775550.0000,1777.5,23.85902063757821,0.022422676069908803,15.038968440180895,0.0058181449054963506,0.021654689838340048,0.4090206375782124,0.0005027764021360609,1.21496483903584,-0.3637118069839891
-1778050.0000,1780,23.73158855187713,0.02012813237715726,340.5848291760225,-0.006690809944928129,0.018983539587580006,0.2815885518771317,0.0004051417129923664,1.2985470102988699,-0.2801296357209593
-1780550.0000,1782.5,23.485938467195446,0.018821059682904165,309.1487351166004,-0.014595913990158724,0.011882406422073328,0.03593846719544658,0.00035423228758744063,1.3857324865531884,-0.19294415946664079
-1783050.0000,1785,23.240523284160957,0.017543346411043412,277.7289761660321,-0.01738397058633241,0.0023593579532151295,-0.20947671583904182,0.0003077690032978698,1.4748007975992616,-0.10387584842056752
-1785550.0000,1787.5,23.006618281839035,0.017704244836407267,247.1096375493064,-0.016310050531439094,-0.006886402318290492,-0.44338171816096406,0.00031344028522745337,1.5639940174351932,-0.014682628584635982
-1788050.0000,1790,22.77553881799872,0.01789093990107431,216.4367360052737,-0.010626052415209152,-0.014393496469346168,-0.6744611820012807,0.00032008573054385285,1.6515519190779295,0.07287527305810038
-1790550.0000,1792.5,22.682910739757165,0.019341670291597488,183.13925102320354,-0.001059205131343826,-0.019312645964719585,-0.7670892602428339,0.00037410020966886483,1.7357465928025602,0.157069946782731
-1793050.0000,1795,22.594248959467777,0.020806758520937267,149.78013415653936,0.010472448991766085,-0.017979127127406746,-0.8557510405322226,0.00043292120014859557,1.8149165539891254,0.23623990796929628
-1795550.0000,1797.5,22.69993577883444,0.022975380852290495,113.4010549447712,0.021085594045519244,-0.009125012276997777,-0.7500642211655588,0.0005278681253077967,1.8874992118285485,0.30882256580871936
-1798050.0000,1800,22.808222889234635,0.025150138488877684,76.98799608682214,0.024504356230021593,0.005662684148169366,-0.6417771107653643,0.0006325294660097266,1.9520621415295827,0.37338549550975353
-1800550.0000,1802.5,23.04392426027787,0.027625526081928937,38.90993456600813,0.017351537362720118,0.02149636812239369,-0.4060757397221302,0.0007631696913033359,2.007331215447091,0.4286545694272619
-1803050.0000,1805,23.27955010770627,0.030102249101695483,0.8172520414480573,0.0004293560633529146,0.030099186938377397,-0.1704498922937283,0.0009061454009805265,2.0522157308920512,0.47353908487222207
-1805550.0000,1807.5,23.51147529800795,0.032644408030511225,322.00814033332983,-0.02009424943260793,0.025726999735737582,0.06147529800795226,0.0010656573756625057,2.085829768727216,0.5071531227073869
-1808050.0000,1810,23.741156946052048,0.035184452575150814,283.1886014114838,-0.03425643844532859,0.008027585443609429,0.2911569460520482,0.0012379457030130367,2.1075099498664494,0.5288333038466202
-1810550.0000,1812.5,23.8609050234746,0.03762089229515844,243.85812901697693,-0.03377249450799223,-0.016575589033019204,0.41090502347460145,0.0014153315370839118,2.1168284136841207,0.5381517676642915
-1813050.0000,1815,23.97750139353918,0.04005399308651109,204.5153313806851,-0.01661987243568489,-0.03644313656089223,0.527501393539179,0.0016043223621742785,2.1136012252393668,0.5349245792195376
-1815550.0000,1817.5,23.93966410306292,0.042323486373769564,164.56859689692328,0.011261623128333658,-0.04079771247687839,0.4896641030629212,0.001791277498830658,2.097892044202509,0.5192153981826799
-1818050.0000,1820,23.899307537803864,0.0445884112928813,124.60829741253895,0.03669867590334244,-0.025324565318373723,0.4493075378038647,0.001988126421623144,2.0700108956086174,0.49133424958878824
-1820550.0000,1822.5,23.73550650818762,0.04662948617280265,83.98331289764883,0.04637262344269015,0.0048876145287919245,0.2855065081876198,0.0021743089807395935,2.030507997290066,0.451831351270237
-1823050.0000,1825,23.570739364701073,0.048663233379340864,43.343904823989874,0.03340126729600043,0.03539019109800521,0.12073936470107327,0.0023681102829321947,1.9801628563153943,0.4014862102955652
-1825550.0000,1827.5,23.358632641569557,0.050337924590104735,1.9977423706575905,0.0017547859716248433,0.0503073292695295,-0.09136735843044264,0.002533906652039071,1.9199691175953943,0.3412924715755652
-1828050.0000,1830,23.14754146309975,0.05200320397121171,320.6375791059372,-0.03298165699242517,0.0402062622647948,-0.30245853690025015,0.0027043332232714497,1.8511147270465067,0.27243808102667755
-1830550.0000,1832.5,22.986211973053546,0.05320730369913112,278.591376083195,-0.05261025801419407,0.00794845385037245,-0.46378802694645316,0.002831017166931572,1.7749585089320363,0.19628186291220717
-1833050.0000,1835,22.827446853901183,0.05440094461630596,236.53580948917852,-0.04538293354924735,-0.029997535192261844,-0.6225531460988165,0.002959462775146388,1.6930033097387627,0.11432666371893352
-1835550.0000,1837.5,22.794335908547193,0.055082103806996824,194.02142790272887,-0.01334555414151844,-0.05344094258581686,-0.655664091452806,0.003034038159804774,1.6068666932050086,0.02819004718517948
-1838050.0000,1840,22.76406732079135,0.05575191925130117,151.5053977490325,0.026597900739113823,-0.048998246667364076,-0.6859326792086478,0.003108276500203606,1.5182486059661446,-0.06042804005368452
-1840550.0000,1842.5,22.87307425534482,0.05586589112266645,108.90858780024405,0.052851188739017285,-0.01810385704214419,-0.5769257446551777,0.0031209977909296216,1.428897919496268,-0.14977872652356106
-1843050.0000,1845,22.983764960190342,0.05596690818660653,66.31771970636072,0.051253759046002025,0.022479924279730373,-0.4662350398096571,0.003132294811968045,1.340577893809868,-0.23809875220996113
-1845550.0000,1847.5,23.17696040934637,0.05543313968671238,24.018002502823606,0.022562599493131004,0.050633606227871344,-0.27303959065362804,0.0030728329755265672,1.255031745705309,-0.3236449003145201
-1848050.0000,1850,23.369672595096457,0.054884929624689674,341.72619687376823,-0.017209626613503802,0.05211702458631843,-0.08032740490354229,0.0030123554999071382,1.173947776924181,-0.4047288690956481
-1850550.0000,1852.5,23.538704873955414,0.053629083018367295,299.82205839432197,-0.04652720119498017,0.026670172372010786,0.0887048739554146,0.0028760785453909314,1.0989261869482216,-0.4797504590716075
-1853050.0000,1855,23.705494859666835,0.05236009018525412,257.92348106841825,-0.05120131221988972,-0.010954664356762202,0.25549485966683605,0.002741579044207945,1.0314474950020118,-0.5472291510178173
-1855550.0000,1857.5,23.762412481149187,0.050446932239391944,216.29740026609988,-0.029863403935377477,-0.0406579645058417,0.3124124811491882,0.0025448929723658024,0.9728435878659025,-0.6058330581539266
-1858050.0000,1860,23.81653191251096,0.04852266805031012,174.67459066045149,0.004503493581615449,-0.048313226556305836,0.3665319125109612,0.0023544493147205866,0.9242710525495481,-0.654405593470281
-1860550.0000,1862.5,23.73354002796421,0.04605419794346624,133.2120696916346,0.03356542352395589,-0.03153333937079038,0.28354002796421085,0.00212098914821597,0.8866884830889707,-0.6919881629308584
-1863050.0000,1865,23.648763883088556,0.043575992806165365,91.75130446939545,0.043555638255057295,-0.0013317376759578296,0.19876388308855653,0.0018988671490429757,0.8608375883710462,-0.717839057648783
-1865550.0000,1867.5,23.476558982096748,0.04062077117647185,50.3765708294635,0.031288251581917885,0.02590545046738039,0.02655898209674845,0.0016500470509712864,0.8472286382508671,-0.731448007768962
-1868050.0000,1870,23.30473339200895,0.03765870331934137,9.007525682726396,0.0058960045519108805,0.03719428808322615,-0.14526660799105073,0.0014181779356941726,0.8461302157098861,-0.732546430309943
-1870550.0000,1872.5,23.151494036217525,0.03436117031779909,327.9172167025349,-0.018250729634059805,0.029113586062751672,-0.29850596378247474,0.001180690025608797,0.857564008485319,-0.7211126375345102
-1873050.0000,1875,23.00046263093409,0.031061160430148893,286.847948554922,-0.02972793103578071,0.009002544284773801,-0.4495373690659079,0.0009647956872674473,0.8813044227218133,-0.6973722232980158
-1875550.0000,1877.5,22.957620800542156,0.02763978312321083,246.80968120366663,-0.0254065408876239,-0.010884176184885344,-0.4923791994578437,0.0007639576110981303,0.9168829110591806,-0.6617937349606485
-1878050.0000,1880,22.917446611801385,0.024222635618945606,206.82686314908688,-0.010931578087952762,-0.021615658140227964,-0.5325533881986146,0.0005867360763282123,0.9635973015264852,-0.615079344493344
-1880550.0000,1882.5,23.007986863967822,0.02101274844564945,169.56106063160792,0.0038072485890129973,-0.020664957184122156,-0.44201313603217685,0.00044153559724014336,1.020525678897942,-0.5581509671218872
-1883050.0000,1885,23.099802069863536,0.017818906588252977,132.4120945556433,0.013155930126981867,-0.012018108607216702,-0.3501979301364635,0.0003175134320008853,1.086544623679496,-0.49213202234033315
-1885550.0000,1887.5,23.254090008493893,0.015411285209940827,100.98811411387459,0.015128746192019758,-0.002937473485767753,-0.195909991506106,0.0002375077118221409,1.1603510894157991,-0.41832555660403004
-1888050.0000,1890,23.407703371577753,0.01303947345300286,69.68967175232115,0.012228762186640934,0.004526062672361838,-0.04229662842224613,0.00017002786793156633,1.2404884350844156,-0.3381882109354135
-1890550.0000,1892.5,23.528262532883097,0.012422333143399801,44.54259532131675,0.008713512929622453,0.008853759266600347,0.07826253288309815,0.0001543143607256092,1.325375120552019,-0.25330152546781015
-1893050.0000,1895,23.646853128922523,0.011844207531980018,19.33640822406994,0.0039217836198883055,0.01117608452452772,0.19685312892252327,0.00014028525206061219,1.4133359528850507,-0.1653406931347785
-1895550.0000,1897.5,23.668984026931952,0.01317780213154086,351.2337984809476,-0.0020083347194152046,0.013023865043558855,0.2189840269319525,0.00017365446901804286,1.5026347740494281,-0.07604187197040102
-1898050.0000,1900,23.688866672471594,0.014528035657837935,323.00265146551715,-0.00874265317493691,0.01160300976204778,0.23886667247159465,0.00021106382007541051,1.591509177964969,0.012832531945139891
-1900550.0000,1902.5,23.598584946991643,0.016693576594210405,288.4731781069902,-0.01583339150238983,0.0052895380742385275,0.14858494699164382,0.0002786754995067695,1.678205180810355,0.09952853479052592
-1903050.0000,1905,23.507062059055606,0.018860672393382946,253.87027774680746,-0.018118225185410213,-0.005239740381095672,0.057062059055606795,0.0003557249631305176,1.7610118495536788,0.1823352035338497
-1905550.0000,1907.5,23.3547222107714,0.02110395646975889,215.66945430550118,-0.012305889818634924,-0.017144738389637083,-0.09527778922860008,0.0004453769786774782,1.838294730848871,0.2596180848290419
-1908050.0000,1910,23.202752427664343,0.023342751855165322,177.4312947659796,0.0010461602088053753,-0.02331929700890094,-0.24724757233565597,0.0005448840641718241,1.9085285583378098,0.3298519123179806
-1910550.0000,1912.5,23.068915838237583,0.025361601383065337,137.3636664139184,0.01717849359618175,-0.018657711072890056,-0.38108416176241633,0.0006432108247135017,1.9703272177098743,0.39165057169004514
-1913050.0000,1915,22.937000902488798,0.027373575049080313,97.27593513938484,0.02715315545778748,-0.003466808280372329,-0.5129990975112015,0.0007493126109676323,2.0224710901441934,0.4437944441243642
-1915550.0000,1917.5,22.899246996960816,0.029048631482728328,56.20316066370856,0.024139853008529073,0.016158294704143913,-0.5507530030391834,0.0008438229910193554,2.063930924559931,0.4852542785401017
-1918050.0000,1920,22.864166651499595,0.030716433210203804,15.120976082161064,0.008012625870598878,0.029652944134010043,-0.5858333485004046,0.0009434992691569112,2.093888459530248,0.5152118135104187
-1920550.0000,1922.5,22.9600907493096,0.032028754335224965,333.5776963129241,-0.014252277508056735,0.028682986073620926,-0.48990925069039903,0.001025841104266192,2.1117524521317126,0.5330758061118834
-1923050.0000,1925,23.057878269240398,0.03333470697605004,292.03346362151353,-0.030900103562585667,0.012505450371761893,-0.39212173075960166,0.001111202689179119,2.1171703128535997,0.5384936668337705
-1925550.0000,1927.5,23.246973473090016,0.034328603891266504,250.4425377435964,-0.03234805766843075,-0.011491571267818705,-0.20302652690998357,0.0011784530451234777,2.1100350669971073,0.5313584209772781
-1928050.0000,1930,23.436066134956054,0.03531575394997951,208.85615430144412,-0.017043816922382275,-0.03093074169449884,-0.01393386504394556,0.0012472024770554934,2.0904875382091515,0.5118108921893223
-1930550.0000,1932.5,23.62503423962652,0.03597230804002267,167.4923502117664,0.007790521355985516,-0.035118580875773055,0.17503423962651965,0.0012940069457262795,2.0589135029831898,0.4802368569633606
-1933050.0000,1935,23.811806872852298,0.03662068345444107,126.13060774275345,0.02957761111182348,-0.02159257690939435,0.3618068728522985,0.0013410744566703739,2.015936032421388,0.43725938640155904
-1935550.0000,1937.5,23.89100140528848,0.03686830376324659,84.8698846863141,0.03672061685847843,0.003296683168254414,0.44100140528848186,0.0013592718223790225,1.9624033978283455,0.38372675180851634
-1938050.0000,1940,23.966742104234534,0.03710816402143254,43.60317933814474,0.02559200626521283,0.02687126815695247,0.5167421042345346,0.0013770158370415406,1.8993721427273584,0.3206954967075293
-1940550.0000,1942.5,23.873244962164033,0.03696778179926009,2.043341695205015,0.0013181040459115437,0.03694427550895885,0.4232449621640342,0.0013666168911577053,1.8280862390811938,0.24940959306136468
-1943050.0000,1945,23.77686853307568,0.0368204202546682,320.4699783541971,-0.02343555115162024,0.028399265658642862,0.3268685330756824,0.0013557433477303805,1.749952494563677,0.17127584854384792
-1945550.0000,1947.5,23.5394070401127,0.036331071911524244,278.23385580784907,-0.035956563205801595,0.0052031095190799995,0.08940704011270029,0.0013199467862403458,1.6665131276024678,0.08783648158263868
-1948050.0000,1950,23.301458842052156,0.03583431087433823,235.97902521700814,-0.029700652512481857,-0.020049166470741873,-0.14854115794784306,0.001284097835838715,1.5794149421645969,0.000738296144767725
-1950550.0000,1952.5,23.039662094211245,0.03497432782909137,192.80750044602212,-0.007752974344224929,-0.03410417856970822,-0.4103379057887544,0.0012232036070967552,1.490376906304085,-0.08829973971574412
-1953050.0000,1955,22.780605199317566,0.03410592398237861,149.61702850374576,0.017250005547255868,-0.02942195369637153,-0.6693948006824328,0.0011632140506917885,1.4011562004822506,-0.1775204455375785
-1955550.0000,1957.5,22.655801098838396,0.03282490086383708,105.49814516824512,0.031631358057007085,-0.008771049206916211,-0.7941989011616037,0.0010774741167207324,1.3135139101409492,-0.26516273587887995
-1958050.0000,1960,22.535421137703583,0.031535694091913105,61.36531130488203,0.027678657929152986,0.015112640308683976,-0.9145788622964162,0.0009945000018587232,1.2291797988720834,-0.34949684714774576
-1960550.0000,1962.5,22.6318240044422,0.02984548830424959,16.54890157625971,0.00850099750692029,0.028609198057730212,-0.8181759955577981,0.0008907531721190991,1.1498182967117827,-0.42885834930804645
-1963050.0000,1965,22.731574110412886,0.028149407793092957,331.7246086977632,-0.013334655904902615,0.024790645634990796,-0.7184258895871132,0.0007923891591018425,1.0769956484022172,-0.501680997617612
-1965550.0000,1967.5,22.995338938754962,0.026165465830773636,286.5140414754351,-0.0250861430456849,0.007437541881079923,-0.45466106124503725,0.0006846316021413827,1.0121492920593669,-0.5665273539604623
-1968050.0000,1970,23.259421864938297,0.02417717217515835,241.2937657411337,-0.021205650383737333,-0.01161275360067335,-0.19057813506170262,0.0005845356543872512,0.9565590826005346,-0.6221175634192946
-1970550.0000,1972.5,23.53909158534335,0.021975645548040785,195.5977729201379,-0.005908863929785649,-0.02116634886588622,0.08909158534335049,0.0004829289972531248,0.9113221674148428,-0.6673544786049863
-1973050.0000,1975,23.816086870489574,0.019772926913647938,149.86678721814468,0.009926249695469718,-0.017100824708640525,0.3660868704895748,0.00039096863873246297,0.877331354939577,-0.7013452910802521
-1975550.0000,1977.5,23.962034827953207,0.01751179992276626,102.42115034726885,0.017101900236176495,-0.0037667153923362467,0.5120348279532081,0.0003066631365349964,0.8552576127772972,-0.723419033242532
-1978050.0000,1980,24.104088524439224,0.015258182240017569,54.892047907002734,0.012482259687148162,0.008775267424539459,0.6540885244392243,0.00023281212526958756,0.8455366065161294,-0.7331400395036998
-1980550.0000,1982.5,24.055323433021872,0.013372520655785274,3.2731325666112525,0.0007635157415549045,0.013350706063793094,0.6053234330218729,0.0001788243086894038,0.8483602028714791,-0.7303164431483501
-1983050.0000,1985,24.003330471443196,0.011507186024776652,311.539305561663,-0.008613140012453464,0.0076308026664754095,0.5533304714431964,0.00013241533020881508,0.8636727227091766,-0.7150039233106525
-1985550.0000,1987.5,23.793171871959498,0.010637872101727964,254.17480699343037,-0.01023467737371794,-0.002900982921119703,0.3431718719594983,0.00011316432285272214,0.8911719506492161,-0.6875046953706131
-1988050.0000,1990,23.581997587899046,0.009796947130552954,196.7941029349082,-0.002830663921714679,-0.009379099895040708,0.13199758789904692,0.00009598017307884977,0.9303151365784441,-0.648361509441385
-1990550.0000,1992.5,23.321054759577706,0.010347080801188213,138.61932985220096,0.0068400284355978735,-0.007763767906534186,-0.1289452404222935,0.0001070620811063177,0.9803297442828404,-0.5983469017369888
-1993050.0000,1995,23.06160518650926,0.01091521218452795,80.54167729144149,0.01076682421048054,0.0017936982616587219,-0.3883948134907378,0.00011914185703326744,1.040228743703759,-0.5384479023160702
-1995550.0000,1997.5,22.875325120832585,0.012365231490387159,27.222930306117973,0.005656522667125486,0.01099557643451028,-0.5746748791674143,0.00015289894981086223,1.108829821504258,-0.46984682451557114
-1998050.0000,2000,22.69216026477941,0.013818881940387913,333.9857802421732,-0.0060608814339464375,0.012418824997801628,-0.757839735220589,0.00019096149808237923,1.1847789969331952,-0.39389764908663394
-2000550.0000,2002.5,22.661640680277745,0.015450458453324377,284.74687932578354,-0.01494151733346144,0.003932903023438791,-0.7883593197222538,0.0002387166664179027,1.2665773051841978,-0.3120993408356314
-2003050.0000,2005,22.63446741339831,0.017077174783102677,235.5562119841228,-0.014083229844745838,-0.009658806122533885,-0.8155325866016909,0.00029162989857263796,1.3526104183760028,-0.22606622764382633
-2005550.0000,2007.5,22.771263710008206,0.01846574213813104,188.72898980417335,-0.002802378507974151,-0.018251857642716616,-0.678736289991793,0.00034098363271194837,1.4411801394497081,-0.13749650657012102
-2008050.0000,2010,22.909980830808077,0.01984681492163906,141.933606924508,0.012237033856594998,-0.01562533407407159,-0.5400191691919218,0.0003938960625337949,1.5305383575984148,-0.04813828842141432
-2010550.0000,2012.5,23.1428183369167,0.020860653700650197,96.69834975876415,0.020718259076536277,-0.002433231114377133,-0.3071816630832984,0.0004351668728184508,1.6189214465263788,0.04024480050654966
-2013050.0000,2015,23.375393329958587,0.021866400598510825,51.48992574866463,0.017110429795348433,0.013615163140888441,-0.07460667004141186,0.00047813947513455457,1.7045850892887424,0.12590844326891326
-2015550.0000,2017.5,23.59510518273016,0.022475645319996233,7.596326365134303,0.0029711193001588387,0.022278399463482385,0.14510518273015904,0.0005051546325502686,1.785838353605889,0.2071617075860599
-2018050.0000,2020,23.812370904125302,0.023075525544521813,323.7229324282322,-0.013653570666632194,0.018602684946188806,0.36237090412530293,0.0005324798791558787,1.861077526559033,0.28240088053920376
-2020550.0000,2022.5,23.90977618807549,0.023216545418015797,280.8396053761177,-0.022802303969860334,0.00436610980311787,0.4597761880754909,0.0005390079811467903,1.9288176309489302,0.35014098492910106
-2023050.0000,2025,24.003583286291153,0.023348523977895844,237.96491269690978,-0.019793090608990975,-0.012384956039108514,0.553583286291154,0.0005451535719463771,1.9877217256978634,0.4090450796780343
-2025550.0000,2027.5,23.921079283514743,0.02303747817069304,195.51330429013092,-0.0061616529213948555,-0.022198185370462708,0.4710792835147437,0.0005307254004651583,2.036627065104894,0.45795041908506495
-2028050.0000,2030,23.8356565888405,0.022718531090198335,153.06106037511188,0.010292419054821263,-0.02025333959860103,0.3856565888405008,0.0005161316548963084,2.074568389376182,0.495891743356353
-2030550.0000,2032.5,23.607217991172153,0.022012421618400477,110.57767655632233,0.020607953140713838,-0.007736858073944958,0.1572179911721534,0.0004845467055062247,2.1007968497739204,0.5221202037540913
-2033050.0000,2035,23.378265279908476,0.021299462475704585,68.08870318091704,0.0197608467106189,0.007948335614037056,-0.07173472009152349,0.0004536671017539477,2.11479475785936,0.5361181118395308
-2035550.0000,2037.5,23.124121002473586,0.02025086945900503,25.325841531341894,0.00866262490025354,0.018304552539823802,-0.3258789975264129,0.00041009771384566265,2.1162857695827695,0.5376091235629403
-2038050.0000,2040,22.87273255663352,0.01919598826994466,342.55988997137706,-0.005753205396699374,0.0183135630974216,-0.5772674433664804,0.000368485965659853,2.1052404562407983,0.5265638102209691
-2040550.0000,2042.5,22.75637985893961,0.01783298663520448,299.6425328023181,-0.015499148336833881,0.008819966732601726,-0.6936201410603893,0.00031801541233138165,2.081876807787304,0.5032001617674748
-2043050.0000,2045,22.644498852503393,0.016463851947293474,256.73033832105193,-0.016024276130830534,-0.003779020431976241,-0.8055011474966065,0.0002710584209423991,2.046655886708363,0.4679792406885339
-2045550.0000,2047.5,22.75173071769418,0.014794197654012041,214.07111554162748,-0.008288027219221322,-0.012254668050968247,-0.6982692823058194,0.00021886828422597538,2.00027289908454,0.4215962530647108
-2048050.0000,2050,22.861988210721545,0.01311994984191229,171.42542823711256,0.0019561387624775946,-0.012973303549837525,-0.588011789278454,0.00017213308385429434,1.9436433292507542,0.36496668323092507
-2050550.0000,2052.5,23.120501467741125,0.011220619607715098,129.44297920316762,0.008665204579230416,-0.007128571664865603,-0.3294985322588744,0.00012590230438104053,1.8778848657191876,0.2992082196993584
-2053050.0000,2055,23.378523073186553,0.009317812152445672,87.4893927206353,0.009308868255886584,0.00040816063358845034,-0.07147692681344608,0.00008682162330826426,1.8042952981000047,0.2256186520801755
-2055550.0000,2057.5,23.612453751498563,0.0072446208646368615,46.950071257324225,0.005294072741326886,0.004945434791994672,0.162453751498564,0.00005248453147233175,1.7243272253885262,0.14565057936869708
-2058050.0000,2060,23.842739276810324,0.005168534540079113,6.718152546221063,0.0006046430250302509,0.005133045499922349,0.3927392768103246,0.00002671374929199081,1.6395590253600647,0.06088237934023555
-2060550.0000,2062.5,23.894412305109693,0.0029505914148233773,341.5489686933049,-0.0009338446021258019,0.002798914781894926,0.44441230510969376,0.000008705989697229418,1.551663770761061,-0.027012875258768165
-2063050.0000,2065,23.94190943946462,0.0008131239811758981,317.42743511744004,-0.0005500974202284001,0.0005988016675172184,0.49190943946462085,6.611706087633423e-7,1.4623761781940292,-0.11630046782579995
-2065550.0000,2067.5,23.784787770541836,0.00261896543633299,344.6407651170812,-0.0006936856643013872,0.002525426727475892,0.33478777054183695,0.0000068589799567068494,1.3734587449285907,-0.2052179010912385
-2068050.0000,2070,23.625606438656284,0.004441706121665737,10.505963889874465,0.0008098912379686863,0.004367245064557796,0.17560643865628478,0.00001972875327124288,1.2866664962377379,-0.2920101497820913
-2070550.0000,2072.5,23.365501621595097,0.007092509085605587,330.3127325471239,-0.003512675942797247,0.006161557664283544,-0.08449837840490204,0.000050303685129397805,1.2037124676683653,-0.3749641783514639
-2073050.0000,2075,23.106814769636703,0.009745350591301053,290.0783394336636,-0.009153068186176417,0.0033456241460416546,-0.3431852303632965,0.00009497185814737179,1.1262338878490394,-0.4524427581707897
-2075550.0000,2077.5,22.91760820771527,0.0124980806430218,247.8270195554246,-0.011573830883131159,-0.00471682715902922,-0.5323917922847308,0.00015620201975947623,1.0557601760396813,-0.5229164699801478
-2078050.0000,2080,22.732362118720246,0.015251675865156777,205.56015802612865,-0.006580465707285305,-0.013759036585860503,-0.717637881279753,0.00023261361669580573,0.9936823277650827,-0.5849943182547465
-2080550.0000,2082.5,22.7411792031195,0.018047664437588998,162.5317555950312,0.005417496755840778,-0.017215368731231674,-0.7088207968804987,0.0003257181916518146,0.9412255971902022,-0.637451048829627
-2083050.0000,2085,22.753525118976583,0.020843292273539656,119.50544520091529,0.018140102639795572,-0.010265452207179166,-0.6964748810234163,0.0004344428328001979,0.8994253321406162,-0.679251313879213
-2085550.0000,2087.5,22.938783776267226,0.02362124402189353,76.58164461889595,0.022976421502319995,0.005481534829732301,-0.5112162237327738,0.0005579631691418409,0.8691066916849687,-0.7095699543348605
-2088050.0000,2090,23.125064149700407,0.026395582068841766,33.66812351913666,0.01463322196643212,0.021968057893998947,-0.3249358502995925,0.000696726752752961,0.8508681018020912,-0.727808544217738
-2090550.0000,2092.5,23.361408614118012,0.028992848746913637,351.25829705011915,-0.004406340665533282,0.028656054166627327,-0.0885913858819869,0.0008405852784614116,0.8450695540254324,-0.7336070919943968
-2093050.0000,2095,23.596134723248074,0.03158384087177693,308.8559779419238,-0.024595139164872028,0.019814593956836588,0.14613472324807475,0.000997539004213727,0.851825537651741,-0.7268511083680882
-2095550.0000,2097.5,23.751561423288372,0.0338673798894201,266.8215195140101,-0.03381528032918678,-0.0018778276898616132,0.30156142328837277,0.0011469994205742973,0.871002726264216,-0.7076739197556131
-2098050.0000,2100,23.904001774846392,0.03614349396209868,224.78913545912587,-0.02546307874006784,-0.02565119445299514,0.45400177484639315,0.0013063521557882636,0.9022226007748362,-0.676454045244993
-2100550.0000,2102.5,23.910111050772745,0.038055785731512054,182.85839568269,-0.001897755434625711,-0.03800843790466934,0.4601110507727455,0.0014482428276427564,0.9448689697087055,-0.6338076763111237
-2103050.0000,2105,23.913418642925635,0.039958836321769275,140.92544896984083,0.025187295255721418,-0.031021101816200224,0.4634186429256353,0.0015967086001899475,0.9981001765046231,-0.580576469515206
-2105550.0000,2107.5,23.779443730178905,0.04140906913337463,98.88436237273532,0.040912245348957446,-0.006395247219561523,0.32944373017890527,0.0017147110064925995,1.0608654682009215,-0.5178111778189076
-2108050.0000,2110,23.64368711938679,0.04284802691106026,56.83766883866588,0.03586911705474365,0.02343842682186759,0.19368711938679084,0.0018359534101709443,1.1319259782493651,-0.446750667770464
-2110550.0000,2112.5,23.420627304370946,0.04373450802667937,14.51623539336191,0.010962243778864634,0.04233835617579438,-0.029372695629053425,0.0019127071923356824,1.2098791520948131,-0.36879749392501604
-2113050.0000,2115,23.197577924561035,0.04460846998796408,332.1875711467587,-0.02081335375355305,0.03945528988863916,-0.25242207543896455,0.001989915594667092,1.2931864692355888,-0.2854901767842404
-2115550.0000,2117.5,22.975039869841982,0.04486899338686317,289.5045976364946,-0.04229417283465567,0.014980971656826719,-0.4749601301580171,0.0020132265675503708,1.3802034516749124,-0.19847319434491673
-2118050.0000,2120,22.754705576332928,0.045117412012208105,246.81728126182463,-0.04147436670462647,-0.017761130964257646,-0.6952944236670717,0.00203558086667934,1.4692125425541136,-0.10946410346571556
-2120550.0000,2122.5,22.642355582113723,0.04477269673339967,203.91716453126253,-0.018151543378382377,-0.040928179116150286,-0.8076444178862765,0.0020045943727809773,1.5584569123779008,-0.020219733641928306
-2123050.0000,2125,22.533985829098963,0.0444169308677602,161.0225557919615,0.014444203998015348,-0.042002722751925334,-0.9160141709010361,0.0019728637477113885,1.646175155546884,0.06749850952705483
-2125550.0000,2127.5,22.620647895101964,0.043519686247400116,118.3978386244562,0.03828281070335956,-0.020697572218086005,-0.8293521048980352,0.0018939630910721468,1.730635693828668,0.15195904780883884
-2128050.0000,2130,22.711161026406163,0.04261209106273195,75.79099786865925,0.041308450668423986,0.010459551047389269,-0.7388389735938361,0.00181579030473856,1.8101714217455376,0.23149477572570842
-2130550.0000,2132.5,22.99037635746889,0.04119731822696744,34.060101286573456,0.023073061806579122,0.034129940638152355,-0.45962364253110977,0.0016972190290940239,1.8832124785280482,0.30453583250821903
-2133050.0000,2135,23.270755141638766,0.03977504802948721,352.35550079068867,-0.005291122917042293,0.03942154821953045,-0.17924485836123338,0.0015820544457480145,1.948317229835379,0.3696405838155499
-2135550.0000,2137.5,23.60814312805896,0.037985407107936804,311.93940851865455,-0.0282555221634472,0.025387331888692834,0.1581431280589598,0.001442891153155696,2.0042004671663447,0.42552382114651555
-2138050.0000,2140,23.942879896013945,0.036192373810504774,271.55383182762114,-0.03617906549106258,0.000981398101035621,0.492879896013946,0.001309887922039312,2.0497591463093348,0.4710825002895056
-2140550.0000,2142.5,24.147706959173824,0.03423311409487313,232.66351860562588,-0.027218320227495867,-0.020762204714964417,0.697706959173825,0.0011719061006326015,2.084094028423241,0.5054173824034118
-2143050.0000,2145,24.34703097830046,0.03227376555946879,193.80299107086114,-0.007700009064701635,-0.031341758147734246,0.8970309783004602,0.0010415959433875536,2.10652740180668,0.527850755786851
-2145550.0000,2147.5,24.276705839798247,0.030310064855201664,156.4019622103948,0.012133653922615482,-0.027775429321843598,0.8267058397982474,0.0009187000315265311,2.116616389220467,0.5379397432006379
-2148050.0000,2150,24.201088610652015,0.028350498844606227,119.02506519194077,0.024789889774659533,-0.013755440730789026,0.7510886106520154,0.000803750784738019,2.1141618494862597,0.5354852034664306
-2150550.0000,2152.5,23.866158939949038,0.02659353282392351,82.83062843208859,0.026385612845010228,0.003318949058109881,0.41615893994903885,0.000707215988057097,2.09921222005453,0.5205355740347006
-2153050.0000,2155,23.529521073710374,0.024846526118215997,46.65252356076962,0.01806849876838557,0.017055181394521692,0.07952107371037442,0.0006173498601431896,2.0720625186107418,0.4933858725909126
-2155550.0000,2157.5,23.109181626222856,0.023587525846293523,11.274681227573751,0.004611663116843227,0.023132313737417465,-0.3408183737771431,0.000556371375549565,2.033248658080409,0.45457201206058007
-2158050.0000,2160,22.692457557927003,0.02234413941800474,335.9020505808206,-0.009123062751517162,0.020396820643500138,-0.7575424420729959,0.0004992605663312333,1.983536768452915,0.4048601224330859
-2160550.0000,2162.5,22.452887070022857,0.02186583132776673,300.78479256976505,-0.01878484326575116,0.011191257442106686,-0.997112929977142,0.00047811457965434495,1.923908056507949,0.3452314104881198
-2163050.0000,2165,22.220302326777393,0.02140495740198982,265.66444295507654,-0.021343705203736064,-0.001618162401308602,-1.2296976732226064,0.00045817220138099875,1.8555393943531502,0.27686274833332103
-2165550.0000,2167.5,22.330019071807236,0.021798357534806752,230.39260476237632,-0.016794129592800563,-0.013896963784779993,-1.1199809281927635,0.0004751683912152663,1.779780393087335,0.2011037470675059
-2168050.0000,2170,22.444765903589023,0.02220563057913912,195.1153723367811,-0.00579041869416136,-0.02143737579004261,-1.0052340964109767,0.0004930900294171983,1.6981264341701758,0.11944978815034668
-2170550.0000,2172.5,22.805986986215846,0.023292676287727666,159.57382249933744,0.008129149607055419,-0.021828094174961347,-0.6440130137841535,0.0005425487686448707,1.6121892103689246,0.03351256434909544
-2173050.0000,2175,23.16725453891083,0.02438817517182592,124.02362444748678,0.020213088670856125,-0.01364602999394967,-0.28274546108917065,0.0005947830882116663,1.5236648812248306,-0.055011764794998586
-2175550.0000,2177.5,23.530799124945492,0.025897879655899705,88.04966388969137,0.025882877076425892,0.0008813880632791471,0.0807991249454929,0.0006707001706714638,1.4343009683085648,-0.14437567771126436
-2178050.0000,2180,23.890351321145502,0.02741285391113687,52.06161051441427,0.02161975916261444,0.01685379996629487,0.4403513211455028,0.0007514645595533321,1.345861404506165,-0.23281524151366417
-2180550.0000,2182.5,24.054276415447422,0.02918604695337994,15.383009082535125,0.007742188681174212,0.02814043089915285,0.6042764154474227,0.0008518253367648986,1.2600918318923722,-0.318584814127457
-2183050.0000,2185,24.21305128933432,0.030962864632635593,338.68434908314555,-0.011255178330993746,0.028844755970478326,0.7630512893343209,0.000958698986258916,1.178685134841884,-0.39999151117794507
-2185550.0000,2187.5,24.119465362885265,0.03291728952550773,301.00281927574315,-0.028214789959215968,0.016955045775916586,0.6694653628852656,0.001083547949706101,1.1032483559261468,-0.47542829009368237
-2188050.0000,2190,24.022653580703277,0.0348735643774212,263.297108321676,-0.034635195194628286,-0.004070472480700332,0.5726535807032782,0.001216165492386141,1.0352705309677566,-0.5434061150520726
-2190550.0000,2192.5,23.767774867607766,0.0369204872223602,224.40652118101855,-0.025834913573942984,-0.026375739181364367,0.31777486760776696,0.0013631223767364628,0.9760934351877677,-0.6025832108320615
-2193050.0000,2195,23.51275743707133,0.03896663346059707,185.49250685846926,-0.0037297136805427363,-0.03878772691346704,0.06275743707132975,0.001518398523252523,0.9268851129177056,-0.6517915331021236
-2195550.0000,2197.5,23.25094285192938,0.04097472597042928,145.43056062321136,0.02324924869365255,-0.033740192701472035,-0.1990571480706187,0.0016789281683517719,0.8886170071512515,-0.6900596388685777
-2198050.0000,2200,22.991482772056756,0.042978921966159184,105.34973061555888,0.04144577885538126,-0.011376956906134085,-0.45851722794324346,0.0018471877333732004,0.862044490275131,-0.7166321557446982
-2200550.0000,2202.5,22.847393450381205,0.04479218877087563,64.34359576057,0.040375980280520564,0.01939382353412476,-0.6026065496187947,0.002006340174885757,0.8476920715920654,-0.7309845744277638
-2203050.0000,2205,22.706574666156452,0.046600061613787734,23.326474706817464,0.018452219294335326,0.042791136296230464,-0.7434253338435468,0.002171565742408813,0.8458430792102035,-0.7328335668096256
-2205550.0000,2207.5,22.726012217020948,0.04814363032828675,341.77102991364836,-0.015060059670371937,0.045727494397917415,-0.7239877829790515,0.002317809141186732,0.8565340498063749,-0.7221425962134542
-2208050.0000,2210,22.748066978869282,0.04968076074860842,300.2136519144667,-0.04293187395085333,0.02500064374428212,-0.7019330211307171,0.002468177988560471,0.8795539537670438,-0.6991226922527853
-2210550.0000,2212.5,22.898365078925693,0.05090241475424001,258.56154682068063,-0.04989140622170747,-0.010094722038433758,-0.5516349210743066,0.002591055827812671,0.9144484219789465,-0.6642282240408827
-2213050.0000,2215,23.049888080876862,0.05211519097245015,216.913485886667,-0.0313008231838616,-0.041668352476520856,-0.4001119191231375,0.0027159931300949494,0.9605287593007761,-0.6181478867190531
-2215550.0000,2217.5,23.261431275671022,0.05289295560700892,175.46358878149886,0.004183442251719935,-0.05272725636491568,-0.1885687243289773,0.0027976647528450164,1.0168853234998692,-0.56179132251996
-2218050.0000,2220,23.472336159000225,0.053660079556265776,134.01947529709986,0.03858715846778364,-0.03728854166318287,0.022336159000225564,0.0028794041379847724,1.082405684028691,-0.49627096199113807
-2220550.0000,2222.5,23.651963780546428,0.0539058099257284,92.85875923038964,0.05383872493324165,-0.002688501685233463,0.2019637805464285,0.002905836343748759,1.1557965663284293,-0.42288007969139985
-2223050.0000,2225,23.82902598489952,0.05413985614933531,51.70241039488468,0.04248909139811085,0.033552960167974794,0.37902598489952055,0.0029311240238707203,1.235609420366975,-0.3430672256528542
-2225550.0000,2227.5,23.88038274679038,0.05380137922601177,10.760055888437932,0.010044527119698088,0.052855424334336584,0.43038274679038224,0.0028945884066211305,1.3202686672318809,-0.2584079787879483
-2228050.0000,2230,23.928058130538876,0.053450810079466116,329.8178391231047,-0.026872439081083707,0.046204557307527594,0.47805813053887647,0.0028569890981511564,1.4081031973471603,-0.17057344867266888
-2230550.0000,2232.5,23.795345985311414,0.052507721995036935,288.88237167232853,-0.049682017596035036,0.016992880765054248,0.3453459853114147,0.0027570608691080854,1.4973792717454073,-0.08129737427442185
-2233050.0000,2235,23.659801324643354,0.05155313993593911,247.94146965958805,-0.04777948579571621,-0.01936096522261926,0.20980132464335455,0.00265772623725452,1.5863347684616445,0.007658122441815296
-2235550.0000,2237.5,23.385463407385966,0.050035353118077865,206.73427411059743,-0.022508570190523772,-0.04468669633827286,-0.06453659261403288,0.0025035365616507444,1.6732135944120448,0.0945369483922156
-2238050.0000,2240,23.11156001584523,0.04850770489792746,165.5195130472954,0.012129364730005162,-0.04696675362116188,-0.3384399841547676,0.0023529974344644157,1.7563008187980504,0.1776241727782213
-2240550.0000,2242.5,22.858948384420348,0.046496847965608455,123.9340417827359,0.03857754012387311,-0.02595631462145325,-0.5910516155796515,0.002161956870736907,1.8339563947406818,0.2552797487208527
-2243050.0000,2245,22.610689014728354,0.044479863712953066,82.34930512054211,0.044083909873382884,0.00592175364215144,-0.8393109852716449,0.001978458275922879,1.9046475324174388,0.3259708863976096
-2245550.0000,2247.5,22.575690469947897,0.04216264076381522,40.80056397426546,0.02755025235715954,0.03191663941011581,-0.874309530052102,0.0017776882761785329,1.966978674046756,0.3883020280269269
-2248050.0000,2250,22.546368440192666,0.039843113550139586,359.27371416681945,-0.0005050409334348563,0.03983991253786674,-0.9036315598073337,0.0015874736973693166,2.019719437916873,0.44104279189704365
-2250550.0000,2252.5,22.795195646673424,0.03741067737411214,318.819539962072,-0.024632417829267485,0.028156753603252833,-0.6548043533265755,0.001399558781589906,2.0618287707010867,0.48315212468125757
-2253050.0000,2255,23.046551981216147,0.03497909937642287,278.40735832326516,-0.0346031987167901,0.005114296799365752,-0.40344801878385184,0.001223537393185667,2.092475473047473,0.5137988270276439
-2255550.0000,2257.5,23.421835590795002,0.03258957211730445,240.05281241554349,-0.0282384050880886,-0.016268764208445568,-0.0281644092049973,0.0010620802107889876,2.1110545021720877,0.5323778561522585
-2258050.0000,2260,23.794563160804714,0.030206389944166672,201.74600836657237,-0.011191247846674744,-0.028056763268298635,0.3445631608047144,0.0009124259934590534,2.117199116681503,0.5385224706616738
-2260550.0000,2262.5,24.042044791926383,0.02813411698408064,165.77855539637892,0.006911714474524747,-0.027271903884704858,0.5920447919263836,0.0007915285384739347,2.110788017900166,0.532111371880337
-2263050.0000,2265,24.283556466348692,0.02607531279723131,129.84888681466356,0.020018984492420008,-0.01670814763418441,0.8335564663486927,0.0006799219374734549,2.091947703583407,0.5132710575635777
-2265550.0000,2267.5,24.232540262502443,0.024676478498980258,95.77065326837538,0.02455142647291733,-0.002481138701396804,0.7825402625024438,0.000608928591110635,2.061050074852261,0.48237342883243195
-2268050.0000,2270,24.175823257734006,0.02329597753172452,61.70199400601325,0.020511964997199678,0.011043634415909874,0.7258232577340067,0.0005427025691586137,2.018705039517079,0.44002839349725
-2270550.0000,2272.5,23.839767007778224,0.022813809783238995,28.10247465602913,0.01074644465647791,0.02012421039621353,0.38976700777822515,0.0005204699168258113,1.9657484416832263,0.3870717956633971
-2273050.0000,2275,23.50221588899544,0.022348769729637237,354.47694612645705,-0.0021509854648949513,0.0222450167443893,0.05221588899544116,0.0004994675084283496,1.903225517910764,0.32454887189093484
-2275550.0000,2277.5,23.091416197689423,0.022722986725340066,319.57696779708135,-0.014734174885425352,0.017298503292645918,-0.3585838023105765,0.0005163341257199809,1.8323705453039816,0.2536938992841524
-2278050.0000,2280,22.684527879085078,0.023107508967803135,284.6357601997332,-0.022357708594371865,0.005838650281208214,-0.7654721209149216,0.0005339569706971023,1.7545821817810694,0.17590553576124024
-2280550.0000,2282.5,22.46929682286275,0.023996988301518044,247.67431847174794,-0.02219816308867506,-0.009115755757575884,-0.9807031771372507,0.0005758554475431938,1.67139590240946,0.09271925638963086
-2283050.0000,2285,22.260656920732682,0.024890244858387072,210.68210542613588,-0.012700853382413007,-0.02140590134679949,-1.1893430792673172,0.0006195242891104641,1.5844536547774832,0.0057770087576540785
-2285550.0000,2287.5,22.374983569123373,0.025968585349808147,172.18209781681878,0.0035323801199129844,-0.025727217411891126,-1.0750164308766266,0.0006743674250702703,1.4954718183252094,-0.08320482769461979
-2288050.0000,2290,22.49400175846223,0.027048130331099214,133.67218101351057,0.019563980473444487,-0.018677580743843996,-0.9559982415377704,0.0007316013544081293,1.406206878952602,-0.17246976706722705
-2290550.0000,2292.5,22.842905454261043,0.02818669531601994,94.67671370463961,0.02809285070628584,-0.0022981584002142925,-0.6070945457389563,0.0007944897928381404,1.3184208642525024,-0.2602557817673268
-2293050.0000,2295,23.19186820105764,0.029325309940361696,55.684349244186706,0.024221073543153303,0.01653219282235226,-0.25813179894235816,0.0008599738030982765,1.233846547156309,-0.34483009886352023
-2295550.0000,2297.5,23.54372444674553,0.030466356896333948,16.8440243562178,0.008828153585725985,0.02915926279592179,0.09372444674552938,0.0009281989025347951,1.1541535882006737,-0.42452305781915545
-2298050.0000,2300,23.892112893454236,0.0316054734385936,338.00585959523653,-0.011836621770050154,0.029305295363644103,0.44211289345423666,0.0009989059512776456,1.0809151201801592,-0.4977615258396699
-2300550.0000,2302.5,24.07057919018319,0.03264999970893581,299.2735410566495,-0.028480437181729896,0.015965186467155522,0.6205791901831894,0.0010660224809935085,1.0155768318190008,-0.5630998142008283
-2303050.0000,2305,24.244534669152657,0.03369102788411412,260.53536837816273,-0.03323240191501012,-0.005540110364188342,0.7945346691526574,0.0011350853598881552,0.9594284406680953,-0.6192482053517339
-2305550.0000,2307.5,24.197460077907223,0.03456064939626132,221.51034284459217,-0.02290525136172892,-0.02588026172099721,0.747460077907224,0.001194438486691298,0.9135784501702335,-0.6650981958495956
-2308050.0000,2310,24.146726902900372,0.03542644306426324,182.47064410779944,-0.0015271458315205175,-0.035393512029675084,0.6967269029003731,0.0012550328681854852,0.8789319399995367,-0.6997447060202925
-2310550.0000,2312.5,23.916723123584124,0.036104672369146884,142.71195841311396,0.02187301785307185,-0.028724875228321508,0.46672312358412427,0.0013035473668834385,0.8561728239258253,-0.7225038220940039
-2313050.0000,2315,23.685142514789586,0.03677984193422157,102.93356969586807,0.035846745592705655,-0.008232108060403547,0.2351425147895867,0.0013527567727063233,0.8457503816500471,-0.732926264369782
-2315550.0000,2317.5,23.376297261558687,0.03730508424865742,62.189732873161006,0.03299624953157452,0.017404505958213703,-0.07370273844131248,0.0013916693107994282,0.8478704085432701,-0.730806237476559
-2318050.0000,2320,23.06841854956186,0.03782671861085812,21.42724997849382,0.01381884000694487,0.03521221807451925,-0.38158145043814073,0.0014308606408650402,0.8624910550295897,-0.7161855909902395
-2320550.0000,2322.5,22.80790035803463,0.03817156331353594,339.75110955778086,-0.01321113563618475,0.03581248582549963,-0.6420996419653697,0.0014570682457992828,0.8893237255665914,-0.6893529204532377
-2323050.0000,2325,22.550821875197535,0.03851063785552898,298.0602736527792,-0.03398383686740721,0.01811540945739721,-0.8991781248024644,0.0014830692280397018,0.9278388195336486,-0.6508378264861806
-2325550.0000,2327.5,22.462289118176905,0.038566974523967984,255.6493590176342,-0.037363570853104384,-0.009559032222847857,-0.9877108818230944,0.0014874115239323954,0.9772760009680611,-0.601400645051768
-2328050.0000,2330,22.378551820365015,0.038616664875936145,213.23209834047373,-0.021163164651873647,-0.03230119607782421,-1.0714481796349844,0.0014912468061403603,1.0366593694097377,-0.5420172766100915
-2330550.0000,2332.5,22.52979202378147,0.03834068572083314,170.50388160454588,0.006325476535349571,-0.037815294896965175,-0.9202079762185278,0.0014700081815436983,1.1048167235087794,-0.4738599225110498
-2333050.0000,2335,22.68474123993358,0.0380576956533469,127.78112775109821,0.030079160477662348,-0.023315923816177968,-0.7652587600664198,0.0014483881984427795,1.180402742630512,-0.39827390338931723
-2335550.0000,2337.5,23.021432080132627,0.03743117087908211,85.32605513917008,0.03730669520984278,0.003050089490316329,-0.42856791986737264,0.0014010925533790447,1.2619252128483973,-0.31675143317143184
-2338050.0000,2340,23.35838467258977,0.03679659999155814,42.882864015407506,0.02504015069059401,0.026962578221139778,-0.09161532741022782,0.0013539897709387366,1.347774855397906,-0.23090179062192306
-2340550.0000,2342.5,23.708163125693687,0.035767769554333986,1.021865811758289,0.0006378815953742562,0.03576208111900402,0.25816312569368804,0.0012793333388919413,1.436257019991783,-0.14241962602804614
-2343050.0000,2345,24.054164673490156,0.03473079811871124,319.1692098106213,-0.022707944354342043,0.02627884322345224,0.6041646734901569,0.0012062283379626765,1.5256251649920813,-0.053051481027747815
-2345550.0000,2347.5,24.21509786122162,0.03329491776155752,277.72532173258014,-0.03299272936107476,0.0044756405190490576,0.7650978612216193,0.0011085515487488783,1.614114959440405,0.035438313420575795
-2348050.0000,2350,24.37006692084544,0.03185214832979999,236.2794337799195,-0.02649318070682737,-0.017682497822959584,0.9200669208454393,0.0010145593532235803,1.6999795788735994,0.12130293285377025
-2350550.0000,2352.5,24.232793703194638,0.030071814242456273,194.73555197090036,-0.007649009062687201,-0.0290827555811296,0.7827937031946384,0.000904314011832796,1.7815240634383276,0.20284741741849843
-2353050.0000,2355,24.09068388420106,0.028286724611345106,153.17939675993978,0.012762927159326976,-0.025243741393933483,0.64068388420106,0.000800138789238077,1.8571387810919728,0.2784621350721437
-2355550.0000,2357.5,23.711580599411207,0.02626861333562914,111.02184485384566,0.02452027229901231,-0.009423178495554591,0.26158059941120726,0.000690040046576793,1.9253308984482151,0.346654252428386
-2358050.0000,2360,23.332148328349298,0.02424679520501769,68.84876141831069,0.022613318269741542,0.008748995059173493,-0.1178516716507012,0.0005879070777140687,1.9847542688291355,0.40607762280930637
-2360550.0000,2362.5,22.93659572995672,0.022043341184527637,25.9146330401735,0.009633634825196967,0.01982679930377681,-0.5134042700432779,0.0004859088905774923,2.0342358688900237,0.45555922287019457
-2363050.0000,2365,22.546173247089264,0.019837242466616577,342.97251640993863,-0.005808947458117788,0.01896766506737619,-0.9038267529107351,0.0003935161886793361,2.0727989342143687,0.4941222881945395
-2365550.0000,2367.5,22.40712642495264,0.017501553575075806,299.6389754269162,-0.01521162798444774,0.00865509974546886,-1.0428735750473592,0.0003063043775412487,2.0996821021380585,0.5210054561182293
-2368050.0000,2370,22.275131644916225,0.015166614037608302,256.32114551560994,-0.01473643518960434,-0.003586594383028015,-1.174868355083774,0.0002300261813657772,2.1143546828097777,0.5356780367899485
-2370550.0000,2372.5,22.488686927790248,0.012868392849730768,213.77315811839117,-0.007153620083650794,-0.010696787098647423,-0.9613130722097516,0.00016559553453500194,2.116527028469118,0.5378503824492891
-2373050.0000,2375,22.70592081270603,0.010574055072740587,171.29147670218322,0.0016009951192204432,-0.010452150750423725,-0.7440791872939698,0.00011181064068135094,2.106156212619571,0.527479566599742
-2375550.0000,2377.5,23.103406197668193,0.008470004429230814,132.05878835549737,0.006288621470380038,-0.005673994627549871,-0.3465938023318067,0.0000717409750311896,2.0834469462024563,0.5047703001826271
-2378050.0000,2380,23.498941862341503,0.006374911686737773,93.05496575680661,0.006365852093193255,-0.0003397442292267791,0.048941862341504105,0.00004063949901370584,2.04884752594899,0.47017087992916085
-2380550.0000,2382.5,23.798941232861146,0.004718756094064658,65.26556480987347,0.004285842650848452,0.0019743889807838414,0.3489412328611472,0.000022266659075272348,2.0030409408874776,0.4243642948676485
-2383050.0000,2385,24.09348924809174,0.0030940723088341785,37.900581369653025,0.0019006676005325434,0.0024414639306326704,0.6434892480917398,0.000009573283452294464,1.946931344752762,0.36825469873293293
-2385550.0000,2387.5,24.120920854158957,0.0030115070882927937,31.332055758355636,0.001565974898074779,0.002572333096905886,0.6709208541589575,0.00000906917494283774,1.8816264627253954,0.3029498167055662
-2388050.0000,2390,24.143141204587238,0.0029516130919065384,24.329101358104992,0.0012159973574724131,0.002689492567555111,0.6931412045872385,0.000008712019844314076,1.8084154649680864,0.2297388189482572
-2390550.0000,2392.5,23.91001002870778,0.004002609079121651,356.0391362991453,-0.0002764804788682152,0.003993048708076558,0.4600100287077815,0.00001602087944026707,1.7287435501323931,0.15006690411256396
-2393050.0000,2395,23.67497009157976,0.0050507381224086136,327.53831281066994,-0.002710910579364096,0.004261563024506796,0.22497009157975967,0.00002550995558115169,1.6441833786538935,0.06550673263406437
-2395550.0000,2397.5,23.346400853271973,0.005958386913216247,288.7054262759283,-0.005643664376642859,0.001910870746910688,-0.10359914672802617,0.000035502374607586636,1.5564043904533116,-0.022272255566517574
-2398050.0000,2400,23.02021379514577,0.006860804708040492,249.80800327523662,-0.006439148199699831,-0.002368124089690616,-0.4297862048542278,0.000047070641241870585,1.4671394208686006,-0.11153722515122855
-2400550.0000,2402.5,22.810753565917015,0.007506903699678709,207.74829344300008,-0.0034951254862934356,-0.006643621075235399,-0.6392464340829846,0.00005635360315624989,1.3781505921527837,-0.20052605386704547
-2403050.0000,2405,22.60594980733161,0.008148279712592828,165.67247501518364,0.0020164099724492937,-0.007894843449851233,-0.8440501926683908,0.00006639446227465185,1.29119450935389,-0.28748213666593925
-2405550.0000,2407.5,22.629313110270388,0.008558229768026225,122.80733540395602,0.007193168528038095,-0.004636984288260258,-0.8206868897296111,0.00007324329676233021,1.2079879426062168,-0.3706887034136124
-2408050.0000,2410,22.656425166267958,0.008962849471346842,79.9440349541149,0.008825159203558123,0.0015650034114581743,-0.7935748337320412,0.00008033267064602236,1.1301734716327325,-0.44850317438709664
-2410550.0000,2412.5,22.867226122146334,0.009106281921141254,37.17085341221127,0.005501959430738484,0.007256225799257623,-0.5827738778536649,0.00008292437042730406,1.059287194703109,-0.5193894513167201
-2413050.0000,2415,23.079054294607385,0.009245174601444183,354.3986062815434,-0.0009023947614675584,0.009201029132964667,-0.3709457053926144,0.0000854732534111886,0.9967284109844111,-0.581948235035418
-2415550.0000,2417.5,23.341216079619425,0.009161618576664499,311.6721453014243,-0.006843376353558634,0.006091260545062784,-0.10878392038057427,0.00008393525494428404,0.9437322415158673,-0.6349444045039618
-2418050.0000,2420,23.601732503391936,0.009075418432350211,268.9395167743187,-0.009073863947099576,-0.00016796663885565482,0.151732503391937,0.00008236321972224197,0.9013448881004956,-0.6773317579193335
-2420550.0000,2422.5,23.78162622642757,0.008859656430840253,225.90467844487966,-0.00636285569424824,-0.006165028749868228,0.33162622642757,0.00007849351207252904,0.8704031095157572,-0.708273536504072
-2423050.0000,2425,23.958383333353577,0.008643149465943314,182.85622921437994,-0.0004306877869949919,-0.008632412219117525,0.5083833333535779,0.0000747040326906362,0.8515177321534563,-0.7271589138663729
-2425550.0000,2427.5,23.981446250907776,0.008390139295084274,139.1408458319026,0.005488844260923243,-0.0063456304706661915,0.5314462509077771,0.00007039443739091724,0.8450616461055018,-0.7336149999143273
-2428050.0000,2430,24.001039729757306,0.00813736819307893,95.40407011701404,0.008101199844895572,-0.000766369481905835,0.5510397297573064,0.00006621676110973266,0.8511623021300687,-0.7275143438897604
-2430550.0000,2432.5,23.85063071207792,0.007896311464904686,50.61907011397773,0.0061034128230690425,0.005009998668860259,0.4006307120779198,0.00006235173475078518,0.8696992793948194,-0.7089773666250098
-2433050.0000,2435,23.697684227725297,0.0076563018377824735,5.7922248111405565,0.0007726838451490297,0.0076172119247580996,0.24768422772529775,0.00005861895783123128,0.9003067056233701,-0.678369940396459
-2435550.0000,2437.5,23.42040187638431,0.007467600162209913,318.91495981805974,-0.004907546044943205,0.0056285916532823575,-0.029598123615688365,0.000055765052182637516,0.9423803274646064,-0.6362963185552227
-2438050.0000,2440,23.14305338062789,0.007283330805435527,271.9855779602699,-0.007278957747834299,0.00025235238585983146,-0.3069466193721091,0.00005304690762140612,0.9950895578951191,-0.58358708812471
-2440550.0000,2442.5,22.862463808515137,0.007316245069771716,222.50246973173648,-0.0049430160335477355,-0.005393888617041415,-0.5875361914848618,0.000053527441920958944,1.0573938854308962,-0.521282760588933
-2443050.0000,2445,22.585209688081054,0.007356000103923913,172.99690005123966,0.0008968659262025462,-0.007301121080994717,-0.8647903119189451,0.00005411073752892861,1.1280634585644878,-0.4506131874553414
-2445550.0000,2447.5,22.471392699901678,0.007730952859060473,122.39071922454684,0.0065281302987022,-0.004141394319813272,-0.9786073000983215,0.0000597676321090153,1.205703052333483,-0.3729735936863461
-2448050.0000,2450,22.36313190348696,0.008112370705718124,71.79899483437816,0.0077064809896706995,0.002533911841962478,-1.0868680965130402,0.00006581055846699357,1.2887799544960967,-0.28989669152373243
-2450550.0000,2452.5,22.52712450354035,0.008810578036909142,21.91563583389359,0.003288468712250666,0.00817387661229445,-0.9228754964596497,0.00007762628534446575,1.3756541605216235,-0.20302248549820567
-2453050.0000,2455,22.695460065624427,0.00951415519369165,332.0701524622241,-0.0044563364610554265,0.008405963026061784,-0.7545399343755719,0.00009051914904964978,1.4646107800825596,-0.11406586593726953
-2455550.0000,2457.5,23.07660076721227,0.010480853804457178,284.0805749024946,-0.01016595186492572,0.0025498468876420342,-0.3733992327877296,0.0001098482964704045,1.5538935154045923,-0.024783130615236848
-2458050.0000,2460,23.457719966854985,0.011451284435203556,236.13440299822923,-0.009508540032400214,-0.006381189674988337,0.007719966854985216,0.00013113191521593523,1.6417397939949185,0.06306314797508938
-2460550.0000,2462.5,23.837785571186487,0.012604584045011621,190.31510821170173,-0.0022569975865726535,-0.012400866939128358,0.3877855711864875,0.00015887553894776153,1.7264154457094112,0.14773879968958203
-2463050.0000,2465,24.213185900837292,0.013759378619824025,144.52996774947485,0.007984251837041764,-0.011205901240255766,0.7631859008372928,0.00018932050000367048,1.806248946095867,0.2275723000760379
-2465550.0000,2467.5,24.359987771133873,0.014987426479848872,100.41838917798157,0.014740336006840249,-0.002710248493095063,0.9099877711338742,0.00022462295248887516,1.8796640909720808,0.3009874449522516
-2468050.0000,2470,24.500017039910237,0.016214252787116627,56.32072428577061,0.013492767617646319,0.008991507963668507,1.0500170399102373,0.0002629019934445193,1.9452115503095493,0.36653490428972013
-2470550.0000,2472.5,24.308188834196056,0.017381223009286774,12.904829678392105,0.003881788190495679,0.016942214546590072,0.8581888341960564,0.00030210691329856,2.0015973422994344,0.42292069627960527
-2473050.0000,2475,24.11138287807019,0.018545828366630063,329.483863147443,-0.009417219516891742,0.015976974881847114,0.6613828780701922,0.00034394774980450033,2.047708362030915,0.46903171601108595
-2475550.0000,2477.5,23.670667151772022,0.01959455534745725,285.8143723615358,-0.0188528948263523,0.005339939693579331,0.22066715177202312,0.0003839465992645655,2.0826341840873988,0.5039575380675696
-2478050.0000,2480,23.230146590425914,0.02063949099799328,242.1335930056813,-0.018246132101294856,-0.009647136984532931,-0.2198534095740854,0.0004259885886562457,2.1056853146194174,0.5270086685995883
-2480550.0000,2482.5,22.799189111730975,0.021498651464262657,197.89967372241335,-0.006607636300727496,-0.020458034052644236,-0.6508108882690244,0.00046219201478184285,2.1164066883617205,0.5377300423418914
-2483050.0000,2485,22.37409356275378,0.022351713492388563,153.66030684077975,0.00991727979371994,-0.02003114219256853,-1.0759064372462177,0.0004995990960458249,2.1145866161028017,0.5359099700829726
-2485550.0000,2487.5,22.23623256994605,0.022905952051484588,109.15400763923299,0.021637879763826064,-0.0075156369464681756,-1.2137674300539487,0.000524682639384911,2.1002609968261687,0.5215843508063396
-2488050.0000,2490,22.10587025916814,0.023453651345140308,64.66003579639676,0.021197040566093873,0.010037889850898568,-1.3441297408318604,0.0005500737614194018,2.073712643482978,0.49503599746314886
-2490550.0000,2492.5,22.342943367851337,0.023680926632221093,20.770104530375477,0.00839770997897925,0.02214192298039153,-1.1070566321486623,0.0005607862861606382,2.0354656436238905,0.45678899760406133
-2493050.0000,2495,22.58379923027462,0.023902137000688335,336.91034288925493,-0.009373726555864825,0.021987391924817936,-0.8662007697253777,0.0005713121531996743,1.9862749681642053,0.4075983221443762
-2495550.0000,2497.5,23.01001002596196,0.023826166357091942,294.5288928682663,-0.021675903340787107,0.009891482074829549,-0.4399899740380384,0.0005676862032758199,1.927111794674585,0.3484351486547559
-2498050.0000,2500,23.43453118322409,0.023744756799247837,252.1814720903759,-0.022605732434984552,-0.007265971134907834,-0.015468816775907612,0.0005638134754554264,1.8591441141092022,0.28046746808937306
-2500550.0000,2502.5,23.776260057650788,0.023396840443265846,211.50148422429243,-0.01222533231949758,-0.019948769195253332,0.3262600576507886,0.0005474121427276404,1.7837136922481276,0.20503704622829844
-2503050.0000,2505,24.112900604593115,0.023044951309145068,170.84890289206453,0.0036650366201532248,-0.0227516436200509,0.6629006045931156,0.000531069780840867,1.7023095411887628,0.12363289516893361
-2505550.0000,2507.5,24.20021310480139,0.022498396046223706,131.53924171875758,0.016840088105205972,-0.014919425500388238,0.7502131048013894,0.0005061778246527345,1.6165388757526684,0.03786222973283926
-2508050.0000,2510,24.28236428004412,0.021950628974673016,92.2462325107976,0.021933762454090285,-0.0008603353946536362,0.8323642800441213,0.0004818301123837545,1.5280949765163931,-0.05058166950343601
-2510550.0000,2512.5,24.11161053197523,0.02134348328028526,53.76916960484067,0.017216558475235774,0.012614848108661625,0.6616105319752315,0.00045554427853581643,1.4387238507066071,-0.13995279531322202
-2513050.0000,2515,23.93812960812022,0.020738859932790833,15.300548722943176,0.005472617800055715,0.02000376878806667,0.48812960812022155,0.000430100311311917,1.350189740499411,-0.22848690552041817
-2515550.0000,2517.5,23.631017070745585,0.020257831583069406,337.2455870199575,-0.007835364399816767,0.018681188537405437,0.18101707074558604,0.0004103797404480043,1.2642406616814377,-0.3144359843383915
-2518050.0000,2520,23.324576678923354,0.019781846470145338,299.1956256303856,-0.017268747271041805,0.009649446484503025,-0.12542332107664578,0.0003913214497684016,1.1825734253770155,-0.39610322064281367
-2520550.0000,2522.5,23.051071419168856,0.019552979960292,261.3906795980879,-0.019332657818891947,-0.0029270064887554743,-0.3989285808311429,0.0003823190253275806,1.1068002712915357,-0.47187637472829347
-2523050.0000,2525,22.78082399856013,0.019329669397899096,223.5867552156783,-0.013326881584987996,-0.01400108375275945,-0.6691760014398689,0.00037363611903207684,1.0384170409526499,-0.5402596050671793
-2525550.0000,2527.5,22.670210696094095,0.01937860026106729,185.83289167778776,-0.001969396949153536,-0.019278268172605702,-0.7797893039059041,0.0003755301480782372,0.9787739174857439,-0.5999027285340852
-2528050.0000,2530,22.563520683561443,0.01943301733821724,148.07652807535476,0.010275909102073776,-0.016493873256253948,-0.8864793164385567,0.0003776421628674518,0.9290483842676115,-0.6496282617522177
-2530550.0000,2532.5,22.649071877764335,0.019756258900473316,110.19766131034635,0.018541389569609407,-0.0068210438035912506,-0.8009281222356641,0.0003903097657425311,0.8902221122580963,-0.6884545337617328
-2533050.0000,2535,22.737406334951586,0.020083920064731264,72.31661549321234,0.019134946994505103,0.0061006269090967315,-0.7125936650484128,0.00040336384516651507,0.8630616054671473,-0.7156150405526819
-2535550.0000,2537.5,22.96212067837238,0.020628141727080714,34.32879612192971,0.011633058259351821,0.017035028225601944,-0.48787932162762004,0.0004255202311125285,0.8481031583491446,-0.7305734876706845
-2538050.0000,2540,23.1873366664206,0.021174890069633488,356.34085328183824,-0.0013513974468390873,0.021131722466513223,-0.2626633335794004,0.0004483759694610629,0.8456420842303197,-0.7330345617895094
-2540550.0000,2542.5,23.437133241212656,0.021845445742149118,318.34686047011314,-0.01451890878168231,0.01632252393051912,-0.012866758787343002,0.000477223499673181,0.8557269790501733,-0.7229496669696559
-2543050.0000,2545,23.684897319807742,0.022516731052784147,280.3548585531148,-0.022150009848840812,0.00404725104233341,0.2348973198077431,0.0005070031773034138,0.8781588033915764,-0.7005178426282528
-2545550.0000,2547.5,23.833069084751045,0.023223768631269712,242.46041047772928,-0.020592319826413717,-0.0107377741457639,0.38306908475104606,0.0005393434294387471,0.9124946931891069,-0.6661819528307222
-2548050.0000,2550,23.977484552447706,0.02392993002232997,204.5663708266503,-0.009948797902684716,-0.02176379955718085,0.5274845524477065,0.0005726415508736092,0.9580567775743531,-0.620619868445476
-2550550.0000,2552.5,23.937841455058862,0.024593158229550226,166.69234396658385,0.0056608476082769315,-0.02393278579813807,0.487841455058863,0.000604823431703694,1.0139455870990006,-0.5647310589208285
-2553050.0000,2555,23.894441870892646,0.025255452965922187,128.81149414757454,0.01967935822448819,-0.015829111294895143,0.4444418708926463,0.0006378379045139078,1.079057855689269,-0.4996187903305602
-2555550.0000,2557.5,23.666974434635208,0.025872007630727542,90.59631934036383,0.02587060640294405,-0.00026926416095458046,0.21697443463520827,0.0006693607788444242,1.1521080109180457,-0.42656863510178344
-2558050.0000,2560,23.438047856558864,0.02648929055828064,52.367012124757366,0.020977881687663395,0.016174393162632486,-0.011952143441135377,0.0007016825142810158,1.2316538645901847,-0.3470227814296445
-2560550.0000,2562.5,23.137623329356156,0.027142258360472925,13.445216897757462,0.006310996592315474,0.02639836189839144,-0.3123766706438431,0.0007367021889066623,1.3161250342472015,-0.26255161177262765
-2563050.0000,2565,22.83971288738178,0.027796979949076074,334.50777348865836,-0.01196350429684662,0.02509076840650102,-0.6102871126182201,0.0007726720942893373,1.4038539799083314,-0.17482266611149777
-2565550.0000,2567.5,22.66499262159574,0.028537637071811624,294.803569156702,-0.025905078509777024,0.011971785040031659,-0.7850073784042593,0.0008143967296424371,1.493108552188445,-0.08556809383138408
-2568050.0000,2570,22.49573973968607,0.029280317875497563,255.09192808352748,-0.028294737821920705,-0.007532916200181187,-0.9542602603139301,0.0008573370148901822,1.582126639546701,0.0034499935268719195
-2570550.0000,2572.5,22.59438866771825,0.030122159045752533,215.0158866906637,-0.01728420163540731,-0.024669836631080362,-0.8556113322817502,0.0009073444655776111,1.66915084541263,0.09047419939280088
-2573050.0000,2575,22.697547245478724,0.030965154435698382,174.94564413070157,0.0027280543274955382,-0.030844748480298622,-0.7524527545212756,0.0009588407892266511,1.7524631961105015,0.17378655009067234
-2575550.0000,2577.5,23.02167865992569,0.03186470659049718,135.15954438292317,0.022468921494595024,-0.022594404018876,-0.42832134007430867,0.0010153595260984744,1.8304187174199884,0.25174207140015925
-2578050.0000,2580,23.34602138302673,0.032763570472289456,95.38454702266165,0.03261899498947993,-0.0030745269504365872,-0.1039786169732686,0.0010734515500926776,1.9014783621670777,0.3228017161472485
-2580550.0000,2582.5,23.68071823017727,0.03362870897676244,56.15356665072875,0.027929764868260112,0.018730144202527808,0.23071823017727056,0.0011308900674437828,1.9642392573611964,0.38556261134136727
-2583050.0000,2585,24.01116500930719,0.03449192376006129,16.92759410091918,0.010042770923749096,0.03299750834294887,0.5611650093071923,0.0011896928046698806,2.017462388119849,0.43878574210001964
-2585550.0000,2587.5,24.13335845542668,0.03526087620582736,337.947004835155,-0.013239190420405096,0.03268108363893303,0.6833584554266814,0.001243329390802682,2.060096856034539,0.4814202100147098
-2588050.0000,2590,24.249570429958354,0.036026429889850865,298.9605313084048,-0.03152144965952095,0.017444250112017612,0.7995704299583544,0.0012979036506083398,2.091300940365671,0.5126242943458419
-2590550.0000,2592.5,24.072690296687085,0.03662544424848871,259.6857289933391,-0.03603359435899732,-0.006557685870060499,0.622690296687086,0.0013414231663991547,2.1104585943532572,0.5317819483334281
-2593050.0000,2595,23.89182085560222,0.0372191476531447,220.39452916357197,-0.024119763801533873,-0.028346109895095003,0.44182085560222006,0.0013852649520265865,2.117191574084984,0.5385149280651549
-2595550.0000,2597.5,23.515475331650844,0.03755261431269013,180.2998511134383,-0.00019652654890522066,-0.037552100061557604,0.06547533165084474,0.0014101988417176594,2.1113669031304925,0.5326902571106633
-2598050.0000,2600,23.139866706697525,0.03787965483525514,140.18622599342746,0.024254130020306765,-0.02909648479449231,-0.3101332933024743,0.0014348682504380682,2.0930995769528504,0.5144229309330213
-2600550.0000,2602.5,22.80036613264888,0.037891814645779454,99.14419444943576,0.03741026726183791,-0.006021753942828052,-0.6496338673511204,0.0014357896171501062,2.0627502246277567,0.48407357860792755
-2603050.0000,2605,22.46607203437828,0.03789707508984886,58.0940250166675,0.03217145521842857,0.020029622300340263,-0.9839279656217208,0.0014361883003656429,2.0209179446814076,0.44224129866157846
-2605550.0000,2607.5,22.38689524923202,0.037564266577627625,16.64509903384561,0.010760006187238434,0.03599022631723316,-1.0631047507679803,0.0014110741235150719,1.9684286752807074,0.38975202926087826
-2608050.0000,2610,22.3137597364544,0.03722566163701123,335.2067678379551,-0.015610389565539392,0.033794461409014175,-1.1362402635455986,0.0013857498843132495,1.9063187079999375,0.32764206198010837
-2610550.0000,2612.5,22.536646569740025,0.036603031705031513,294.28758120169755,-0.03336338706522316,0.015055441990710277,-0.9133534302599742,0.0013397819299995422,1.8358142349969433,0.25713758897711414
-2613050.0000,2615,22.7624062994486,0.03597727354089866,253.39351667623373,-0.034476670137925235,-0.01028218982694551,-0.6875937005513997,0.001294364211436647,1.7583070989811345,0.1796304529613053
-2615550.0000,2617.5,23.128937953881632,0.03519823200126187,213.73043557965354,-0.01954509545379697,-0.02927293595997197,-0.3210620461183673,0.0012389155360146551,1.675327652238825,0.0966510062189958
-2618050.0000,2620,23.494033929916426,0.034418974648298864,174.09518760817423,0.0035408893128421695,-0.03423635375904449,0.044033929916427184,0.0011846658158402399,1.5885141595822574,0.009837513562428235
-2620550.0000,2622.5,23.788781664437522,0.03362914244235151,135.82376276663842,0.023435063565849824,-0.02411881044066116,0.3387816644375228,0.0011309192214079677,1.499580533168456,-0.07909611285137319
-2623050.0000,2625,24.079327760686233,0.03284237765512015,97.57266058169955,0.03255594401593295,-0.004328080321918128,0.629327760686234,0.0010786217700415354,1.4102824689554476,-0.16839417706438153
-2625550.0000,2627.5,24.163993581588123,0.03220591638497238,60.31736857000948,0.027979909731873278,0.015948219386252988,0.7139935815881238,0.0010372210501958326,1.3223831578345704,-0.25629348818525877
-2628050.0000,2630,24.244090476049188,0.03157506763183862,23.07020248743845,0.012372964855921782,0.029049864657676245,0.7940904760491883,0.0009969848959551831,1.2376180061031294,-0.3410586399166997
-2630550.0000,2632.5,24.10030997490971,0.031219232212391628,346.2212069317013,-0.007435609243020311,0.03032082081864444,0.6503099749097103,0.000974640459931231,1.1576605003825828,-0.4210161456372463
-2633050.0000,2635,23.95349434446831,0.030870057701265045,309.3652198813486,-0.023866219806098807,0.019579683721817634,0.5034943444683115,0.0009529604624794333,1.084089165640292,-0.49458748037953715
-2635550.0000,2637.5,23.65795737823274,0.030847267697838375,272.1666495948323,-0.030825214729789573,0.0011662166541713966,0.20795737823274152,0.0009515539244221028,1.0183566946522047,-0.5603199513676245
-2638050.0000,2640,23.362089721999872,0.030830968233550294,234.948824954035,-0.02523944578630271,-0.01770646714108926,-0.08791027800012685,0.0009505486022181874,0.9617608575815574,-0.6169157884382718
-2640550.0000,2642.5,23.050018255899403,0.031132705187053075,196.7875369534721,-0.008991858521193838,-0.029805902311434814,-0.3999817441005966,0.0009692453322639614,0.9154190159948906,-0.6632576300249385
-2643050.0000,2645,22.74064963436553,0.03143909662858941,158.6046920266291,0.01146899935587847,-0.029272493071083667,-0.7093503656344708,0.000988416796821782,0.8802460846812613,-0.6984305613385678
-2645550.0000,2647.5,22.563720396594988,0.03197355798376971,119.3655577120602,0.02786523559358344,-0.01567919179854543,-0.8862796034050113,0.001022308410141484,0.8569365926105097,-0.7217400534093195
-2648050.0000,2650,22.391463932321763,0.03250939294899342,80.11237616553007,0.032026512752698445,0.005582392928960389,-1.0585360676782365,0.0010568606299120628,0.8459507463012977,-0.7327258997185314
-2650550.0000,2652.5,22.44817336941714,0.03311253480634404,40.170880252898144,0.021359883494758942,0.025302081700754785,-1.0018266305828583,0.0010964399613013454,0.847505446951054,-0.7311711990687751
-2653050.0000,2655,22.509091916660555,0.03371406356736127,0.2281238958842664,0.00013423263061087317,0.033713796342520606,-0.9409080833394441,0.0011366380822240767,0.8615700476607695,-0.7171065983590597
-2655550.0000,2657.5,22.776256861157712,0.03423655060804216,320.22360576415406,-0.021904309314360465,0.026312404508099473,-0.673743138842287,0.0011721413975370322,0.8878668743638065,-0.6908097716560226
-2658050.0000,2660,23.044847418052285,0.03475484331309383,280.2278596359106,-0.03420256749670743,0.00617118386947556,-0.4051525819477142,0.0012078991337177028,0.9258767381236431,-0.652799907896186
-2660550.0000,2662.5,23.383292982420144,0.03506761357231333,240.6619416785129,-0.030569982118486945,-0.01718178439314388,-0.06670701757985498,0.0012297375216570943,0.9748492240026353,-0.6038274220171939
-2663050.0000,2665,23.71956583701775,0.03537506636807696,201.10636397613132,-0.012738576653885596,-0.033001878512880604,0.26956583701775116,0.0012513953205458498,1.0338175516328687,-0.5448590943869605
-2665550.0000,2667.5,23.94937591287302,0.03542196345450263,162.05745876953983,0.010912199060391519,-0.03369924934829425,0.4993759128730204,0.00125471549497212,1.101617396081778,-0.47705924993805104
-2668050.0000,2670,24.17446520114851,0.03546440677674344,123.01394432725004,0.029738252442439404,-0.019322538386456183,0.7244652011485115,0.0012577241480263258,1.1769101509041826,-0.40176649511564655
-2670550.0000,2672.5,24.16823589801484,0.03528861565392615,84.23457733574469,0.03511010868415669,0.003544948935771415,0.7182358980148393,0.0012452863947705218,1.2582093186083791,-0.32046732741145
-2673050.0000,2675,24.15721588610777,0.03510970395255575,45.45220071509118,0.02502147345923833,0.02462959962250179,0.7072158861077718,0.0012326913116361088,1.3439098955861146,-0.23476675043371453
-2675550.0000,2677.5,23.911451144304383,0.034777883902082425,6.522352266176256,0.003950448281856801,0.03455278812308926,0.46145114430438383,0.001209501208706724,1.432319693482522,-0.14635695253730718
-2678050.0000,2680,23.663615315630548,0.03444448007562431,327.5817670993889,-0.01846552916252447,0.029076561702306526,0.21361531563054825,0.0011864222076800803,1.5216931846131443,-0.056983461406684865
-2680550.0000,2682.5,23.314296230304578,0.034033471225911646,288.1150827568533,-0.03234656530035509,0.010581912726668101,-0.13570376969542153,0.0011582771636849559,1.610265861831644,0.03158921581181495
-2683050.0000,2685,22.967159205168617,0.03362192321479613,248.6370982630716,-0.03131182386452758,-0.012247587800805843,-0.4828407948313824,0.001130433720661647,1.6962890927784209,0.11761244675859173
-2685550.0000,2687.5,22.72694312934296,0.03318395629494103,208.60540635822974,-0.015887638759312265,-0.029133449676242516,-0.7230568706570395,0.0011011749553845565,1.778064289905489,0.19938764388565988
-2688050.0000,2690,22.491966724529842,0.032745742501078534,168.57039281386506,0.0064890228019120035,-0.032096358594445054,-0.9580332754701573,0.0010722836519469411,1.8539769085166875,0.27530026249685835
-2690550.0000,2692.5,22.5137341993311,0.032295431880853674,128.37261893287632,0.025319302357638598,-0.020048138279983415,-0.9362658006688989,0.0010429949203708598,1.9225281876787745,0.3438515416589454
-2693050.0000,2695,22.54016156061249,0.031845660611871524,88.18287691206945,0.03182964633648788,0.001009808843598129,-0.9098384393875101,0.0010141460998065053,1.9823647329991703,0.4036880869793411
-2695550.0000,2697.5,22.794923359420395,0.031422317553781706,48.38669604017082,0.02349270429642492,0.02086755580539887,-0.6550766405796047,0.000987362040450698,2.032305005286719,0.45362835926688994
-2698050.0000,2700,23.050684229537467,0.030999541860860805,8.604395522410641,0.00463787855720979,0.030650639113594925,-0.3993157704625325,0.0009609715955832613,2.071362994114371,0.4926863480945418
-2700550.0000,2702.5,23.355399593803583,0.030604567061216406,329.5022323574343,-0.015531964434258366,0.02637039259884891,-0.09460040619641674,0.0009366395250044922,2.0987675581609317,0.5200909121411026
-2703050.0000,2705,23.65733326802947,0.030208915523647177,290.4097039513599,-0.02831248861615478,0.010534778852683975,0.20733326802946905,0.0009125785771148514,2.113977619892238,0.535300973872409
-2705550.0000,2707.5,23.822964130283918,0.029780103827761143,251.78927873147586,-0.028288525347584966,-0.00930665985471032,0.3729641302839184,0.0008868545839922339,2.116692809663866,0.538016163644037
-2708050.0000,2710,23.984132063257388,0.029349156250105528,213.1691862262369,-0.01605730876727173,-0.024566965782237063,0.5341320632573883,0.0008613729725931084,2.106859519066633,0.5281828730468037
-2710550.0000,2712.5,23.926616461462913,0.02881355046574041,174.5653967386164,0.0027289185901644424,-0.028684032034740587,0.47661646146291403,0.0008302206904417693,2.0846718802583526,0.5059952342385234
-2713050.0000,2715,23.865654567409983,0.028274406947280752,135.9544661450201,0.019657210899535215,-0.020323290773682102,0.41565456740998385,0.000799442088220438,2.0505678896173176,0.47189124359748846
-2715550.0000,2717.5,23.63582435269285,0.027561914458188917,96.99362135860724,0.02735684590425673,-0.0033559068478244683,0.18582435269285114,0.0007596591286005232,2.0052209266605834,0.4265442806407542
-2718050.0000,2720,23.40551403820104,0.026846140923913634,58.024066919616416,0.0227727924001234,0.014216722857519322,-0.044485961798958584,0.0007207152825066304,1.9495263212426757,0.3708496752228465
-2720550.0000,2722.5,23.151678834750037,0.025969596175649503,18.627739504303122,0.008295159844235872,0.024609149694471078,-0.29832116524996266,0.0006744199255263093,1.8845836695837055,0.30590702356387633
-2723050.0000,2725,22.900548188427226,0.025091707198889028,339.2316109452397,-0.008897297335495451,0.023461284497626404,-0.5494518115727729,0.0006295937701547795,1.811675080965897,0.23299843494606787
-2725550.0000,2727.5,22.781940841385993,0.024147951025807763,299.8452263424223,-0.02094527824698438,0.012017439739861947,-0.6680591586140068,0.0005831235387448102,1.7322401845846422,0.15356353856481308
-2728050.0000,2730,22.6674149005751,0.023205042740392198,260.4739286234005,-0.022885054427232997,-0.0038403505629059417,-0.7825850994248995,0.0005384740085834286,1.6478473497032693,0.06917070368344014
-2730550.0000,2732.5,22.752877865050994,0.022303680950595962,221.8418882103698,-0.014878279269183059,-0.016615985975384516,-0.6971221349490051,0.0004974541839459772,1.5601627875956965,-0.018513858424132668
-2733050.0000,2735,22.841169681116547,0.021405976591095572,183.2341780454949,-0.0012076627866671385,-0.021371883033842173,-0.6088303188834523,0.0004582158338185316,1.470917624591335,-0.10775902142849425
-2735550.0000,2737.5,23.0680752250753,0.020687486316091564,145.81865004025457,0.011622522117075262,-0.01711400215369193,-0.38192477492469834,0.0004279720900784757,1.381874098640274,-0.19680254737955516
-2738050.0000,2740,23.295030804096946,0.01997542550824823,108.42525833290722,0.01895142064383558,-0.006313579002117315,-0.15496919590305325,0.00039901762423557403,1.2947903012139843,-0.28388634480584485
-2740550.0000,2742.5,23.524438101200495,0.0195784085912778,72.11654522231163,0.018632440956031938,0.006012173233282951,0.07443810120049577,0.00038331408296702035,1.2113855867916261,-0.36729105922820304
-2743050.0000,2745,23.75131533587545,0.019188848260179914,35.814765668861696,0.011228674522784475,0.0155604873321365,0.3013153358754508,0.0003682118975522097,1.1333066192052623,-0.44537002681456683
-2745550.0000,2747.5,23.854219511549505,0.019164660636836604,359.8527304155432,-0.00004925962303847635,0.01916459732983327,0.4042195115495062,0.0003672842173251144,1.0620951750553067,-0.5165814709645224
-2748050.0000,2750,23.953392350601277,0.019147034526863452,323.876875441061,-0.011287606011857894,0.015466055789824717,0.5033923506012776,0.00036660893117290114,0.999157272859837,-0.5795193731599921
-2750550.0000,2752.5,23.869729695161073,0.019450922572027837,287.22385412956066,-0.018578649183695034,0.005759529790895243,0.41972969516107383,0.000378338388903022,0.9457355499409064,-0.6329410960789228
-2753050.0000,2755,23.783098844545627,0.019758273629836225,250.5426262817581,-0.018629870169090453,-0.0065815890417372045,0.33309884454562777,0.00039038937683148154,0.9028847457446222,-0.675791900275207
-2755550.0000,2757.5,23.551026430343278,0.020235312307200576,212.47927815514947,-0.010866252396888425,-0.017070220356429487,0.1010264303432784,0.00040946786416994307,0.8714510343801645,-0.7072256116396647
-2758050.0000,2760,23.318405226338854,0.020711552034584177,174.3819384213216,0.002027591031008107,-0.020612065939450693,-0.13159477366114558,0.00042896838768128795,0.8520550548118385,-0.7266215912079906
-2760550.0000,2762.5,23.05889332203287,0.021148643212911114,134.61900993375133,0.015053457092988633,-0.014854579741499303,-0.39110667796713017,0.0004472651097470113,0.8450797681438182,-0.7335968778760109
-2763050.0000,2765,22.801838256366747,0.021581817917418495,94.82658369331347,0.02150528723147246,-0.0018158980457265515,-0.6481617436332527,0.000465774864620606,0.8506629336564198,-0.7280137123634094
-2765550.0000,2767.5,22.66516828405384,0.02182308540476764,53.58876756236657,0.01756272694154048,0.012953674342080336,-0.784831715946158,0.0004762470565837823,0.8686943400348911,-0.7099823059849381
-2768050.0000,2770,22.53273327112079,0.022058327627368764,12.335629412676383,0.004712495263560614,0.021549065086617074,-0.9172667288792091,0.00048656981771634007,0.8988179666963187,-0.6798586793235104
-2770550.0000,2772.5,22.607811267800543,0.021998331877317093,330.33171234456415,-0.01088868631674929,0.019114473983869455,-0.8421887321994568,0.00048392660538458537,0.9404390640125985,-0.6382375820072307
-2773050.0000,2775,22.686436000668238,0.021931072172252642,288.3265820521344,-0.02081872162217426,0.0068958506830534136,-0.7635639993317618,0.00048097192662455423,0.9927359412436598,-0.5859407047761693
-2775550.0000,2777.5,22.938850806745155,0.02150787867156183,246.2620037681479,-0.019688222589786326,-0.008658102344373836,-0.5111491932548446,0.00046258884495062433,1.0546759502170269,-0.5240006958028023
-2778050.0000,2780,23.192054950847396,0.021077771459075547,204.20428132184736,-0.008641700586125255,-0.019224813670378763,-0.2579450491526032,0.0004442724496810197,1.1250361122172945,-0.45364053380253466
-2780550.0000,2782.5,23.483936658190654,0.020308892368611022,162.4824949221521,0.006112919052725297,-0.019367068180151974,0.03393665819065461,0.000412451109239827,1.2024272396784355,-0.3762494063413937
-2783050.0000,2785,23.7734726880666,0.01953397116769732,120.76783511180588,0.016784510300836525,-0.00999280959197876,0.3234726880666017,0.0003815760295804301,1.2853214037190668,-0.2933552423007624
-2785550.0000,2787.5,23.948070522044354,0.018462986554773984,79.40237817955892,0.018148063090006522,0.003395538043213159,0.49807052204435465,0.0003408818725217649,1.3720817449134566,-0.20659490110637257
-2788050.0000,2790,24.118486616198126,0.01738749852967733,38.03808771432682,0.010713918809515065,0.01369441670399476,0.6684866161981269,0.00030232510511953134,1.4609952094121628,-0.11768143660766639
-2790550.0000,2792.5,24.083997458976683,0.01609134330808814,356.7309541328252,-0.0009176034275325536,0.01606515899107548,0.6339974589766832,0.00025893132945875293,1.5503062786995674,-0.02837036732026177
-2793050.0000,2795,24.045559430346774,0.014792195408321194,315.41773520644597,-0.010383124484777868,0.010535642881740295,0.5955594303467748,0.0002188090449979586,1.638251652151581,0.05957500613175193
-2795550.0000,2797.5,23.813626702701896,0.013346406277844194,273.80633438106315,-0.013316965910426547,0.0008859906736620761,0.3636267027018967,0.0001781265605332789,1.7230946981172166,0.14441805209738745
-2798050.0000,2800,23.580026069951558,0.0118989823985614,232.17899287717842,-0.009399366032666412,-0.007296416949793293,0.1300260699515583,0.000141585782121274,1.8031602108859814,0.22448356486615229
-2800550.0000,2802.5,23.264698087033832,0.010371455827794708,189.77055812671222,-0.0017600683854580856,-0.010221020265433768,-0.1853019129661675,0.00010756709598789681,1.8768673538288292,0.29819070780900003
-2803050.0000,2805,22.951091821448262,0.008844648045430909,147.33674790577862,0.0047734608662030895,-0.007445929787902411,-0.4989081785517371,0.0000782277990475448,1.9427608685829951,0.36408422256316597
-2805550.0000,2807.5,22.72184970513821,0.007353060894808916,103.65953963193869,0.007145087839148367,-0.0017364401209434845,-0.7281502948617877,0.000054067504522768096,1.9995395493021655,0.42086290328233633
-2808050.0000,2810,22.496943196417103,0.005863625683029035,59.93793735072961,0.005074870088774592,0.002937311650597988,-0.9530568035828964,0.00003438210615067772,2.0460823089792592,0.4674056629594301
-2810550.0000,2812.5,22.484481459553987,0.004479635474512711,14.04102870843218,0.0010868341464388015,0.004345794003706039,-0.9655185404460127,0.000020067133984512724,2.081470183384206,0.5027935373643768
-2813050.0000,2815,22.476506936419153,0.0031013651364978374,327.7387090396385,-0.0016554503062809196,0.0026225846017466545,-0.9734930635808468,0.00000961846570988425,2.105004448584416,0.5263278025645868
-2815550.0000,2817.5,22.688405885970234,0.002003368453053974,261.571249072524,-0.0019817298784569662,-0.0002936525966559982,-0.7615941140297657,0.000004013485158691872,2.1162203428572672,0.5375436968374381
-2818050.0000,2820,22.902247969769164,0.0009396865500707063,195.0102832503145,-0.000243371676723182,-0.0009076238424329393,-0.5477520302308356,8.830108123837861e-7,2.1148964088735767,0.5362197628537475
-2820550.0000,2822.5,23.211303631712727,0.0015574288896566257,109.16753052844587,0.0014710890611541103,-0.0005113528336577285,-0.2386963682872718,0.00000242558474633707,2.101058776834446,0.522382130814617
-2823050.0000,2825,23.51884216136696,0.002183581681485725,24.144484052358223,0.0008931701885371219,0.0019925551370109157,0.06884216136695898,0.000004768028959720027,2.0749806064056378,0.4963039603858086
-2825550.0000,2827.5,23.75204120884404,0.0032218466332306368,339.2870436195403,-0.0011395232342826997,0.0030135995962618334,0.3020412088440416,0.00001038029572805959,2.037176826982405,0.4585001809625757
-2828050.0000,2830,23.981350610953513,0.004259258774897776,294.5144416565864,-0.003875315204470181,0.0017672626792715174,0.5313506109535133,0.000018141285311543706,1.9883938761525841,0.40971723013275496
-2830550.0000,2832.5,24.020067390050105,0.005254883222754107,253.8989247169742,-0.005048754908405935,-0.0014573508704596755,0.5700673900501059,0.00002761379768478259,1.9295949415486355,0.3509182955288064
-2833050.0000,2835,24.05467954701189,0.006249868382868397,213.2924791250549,-0.0034306346400422728,-0.005224136365919257,0.6046795470118909,0.00003906085480317803,1.8619408986865003,0.2832642526666711
-2835550.0000,2837.5,23.88816521936825,0.00721352844362278,173.1305295700904,0.0008627945521452126,-0.007161744073041387,0.43816521936825126,0.00005203499260695489,1.7867676900599876,0.20809104404015843
-2838050.0000,2840,23.719548836348736,0.008176775417655442,132.95899235121846,0.005984104675105768,-0.005572265918650296,0.2695488363487364,0.00006685965623077433,1.7055596218537077,0.12688297583387853
-2840550.0000,2842.5,23.44793173991122,0.009119781142323789,92.31765960088057,0.009112320963501478,-0.00036880176520194633,-0.0020682600887802494,0.00008317040808388459,1.619920112298366,0.04124346627853681
-2843050.0000,2845,23.177361292820116,0.01006087271668276,51.66366212283191,0.007891578924593098,0.006240524168546228,-0.27263870717988326,0.00010122115982129155,1.531539999673959,-0.047136646345870226
-2845550.0000,2847.5,22.958076663703167,0.010908170925882256,10.389092986955347,0.001967091254916385,0.010729340377818874,-0.49192333629683205,0.00011898819294826296,1.442164531296434,-0.1365121147233952
-2848050.0000,2850,22.742356757483822,0.011751954721605081,329.1040252576772,-0.00603440508985883,0.010084363886241997,-0.7076432425161769,0.00013810843977865597,1.3535584477329805,-0.22511819828684865
-2850550.0000,2852.5,22.70130827324721,0.012423532256971024,287.30452645172636,-0.011861209686548482,0.003695383405240651,-0.7486917267527886,0.00015434415373999954,1.26747125234792,-0.31120539367190925
-2853050.0000,2855,22.663975060614263,0.013090741580318721,245.5050149629136,-0.011912542955604856,-0.005427599419039197,-0.7860249393857366,0.0001713675151226855,1.1856026563140896,-0.3930739897057396
-2855550.0000,2857.5,22.808690156560655,0.013543908514772487,203.70488201387684,-0.005445000605088388,-0.012401186486264683,-0.6413098434393447,0.00018343745785652667,1.1095693509155673,-0.46910729510426186
-2858050.0000,2860,22.954901996182592,0.013991605844181205,161.9146530386936,0.004343460808195909,-0.013300352713615973,-0.4950980038174073,0.00019576503409892565,1.0408726397956116,-0.5378040062242175
-2860550.0000,2862.5,23.174454275906157,0.014171292526382624,120.60971878233039,0.012196603244193291,-0.0072158437602294085,-0.2755457240938419,0.000200825531868308,0.9808689331903109,-0.5978077128295183
-2863050.0000,2865,23.392729756603778,0.014344444315313605,79.31813590442346,0.014095876850150409,0.0026588227734331165,-0.05727024339622133,0.00020576308271513279,0.9307429794505611,-0.6479336665692681
-2865550.0000,2867.5,23.548442085030246,0.014197386333993131,38.68077057087419,0.008873092385744564,0.011083050583241816,0.09844208503024632,0.00020156577871665492,0.8914846611881273,-0.6871919848317019
-2868050.0000,2870,23.701273158663682,0.01404271423066428,358.05883999179673,-0.0004756710004012518,0.014034655680260858,0.2512731586636825,0.0001971978229641011,0.8638691511364108,-0.7148074948834183
-2870550.0000,2872.5,23.712922747438736,0.01351495014892502,318.19321238183807,-0.009009346601079255,0.010074003739802268,0.26292274743873634,0.0001826538775279284,0.8484417246925149,-0.7302349213273143
-2873050.0000,2875,23.7219753027515,0.012979942577724023,278.34953474111626,-0.012842363194322684,0.0018848386949866624,0.2719753027514997,0.00016847890932101295,0.8455070280341492,-0.7331696179856799
-2875550.0000,2877.5,23.60377321841183,0.012090004022897984,239.5814055930099,-0.010425807700849901,-0.006121334091404287,0.1537732184118319,0.00014616819727368942,0.8551230496712596,-0.7235535963485695
-2878050.0000,2880,23.48463400578076,0.011196642699825255,200.86419978287415,-0.003987731426290202,-0.01046244741058839,0.03463400578075948,0.00012536480774755018,0.877099916103149,-0.7015767299166802
-2880550.0000,2882.5,23.319575506870745,0.010135565732664704,164.6422375333059,0.0026843572478039957,-0.00977363386296669,-0.13042449312925442,0.000102729692721167,0.9110037037482471,-0.667672942271582
-2883050.0000,2885,23.15555253711671,0.009079898237918075,128.5304058893579,0.007103001808153676,-0.0056561397900258235,-0.2944474628832907,0.00008244455201094777,0.956165051598532,-0.6225115944212971
-2885550.0000,2887.5,23.042270496005667,0.00828929489145357,97.81497392080996,0.008212306723584702,-0.0011271326786336004,-0.4077295039943323,0.00006871240979747825,1.0116921665811935,-0.5669844794386356
-2888050.0000,2890,22.931277918692203,0.007519097080284901,67.18511389414039,0.006930821267160335,0.0029155681205259004,-0.5187220813077964,0.00005653682090274892,1.0764886306774986,-0.5021880153423306
-2890550.0000,2892.5,22.932469067460016,0.007748770498612266,40.74827901951062,0.005057909188485042,0.0058703491277097295,-0.5175309325399837,0.000060043444240163794,1.1492750379265164,-0.42940160809331274
-2893050.0000,2895,22.935769922760777,0.008002261977796792,14.225696542968194,0.001966493039611971,0.007756874492116647,-0.5142300772392225,0.00006403619676129222,1.2286142977421273,-0.3500623482777019
-2895550.0000,2897.5,23.04244639817609,0.009422838438982175,343.5014815727052,-0.0026759970815869566,0.009034872653585003,-0.4075536018239099,0.00008878988424716002,1.3129396663830453,-0.2657369796367839
-2898050.0000,2900,23.14998855299449,0.010855967347669922,312.6712031111475,-0.007981908025327389,0.007358068450951631,-0.3000114470055095,0.00011785202705367551,1.400586077927938,-0.17809056809189117
-2900550.0000,2902.5,23.299948998564236,0.012904166183973612,276.643813576144,-0.01281750933665433,0.0014929699623191265,-0.150051001435763,0.0001665175049036081,1.4898229383544421,-0.08885370766538703
-2903050.0000,2905,23.4491459203697,0.01495645755701893,240.5630720089889,-0.013025537536947905,-0.007350577836365642,-0.0008540796303009301,0.00022369562265490866,1.5788883215292884,0.0002116755094592193
-2905550.0000,2907.5,23.560930177725123,0.01720928323040407,201.86808086640326,-0.006409956055619047,-0.015970970310826435,0.11093017772512326,0.0002961594293042667,1.666023387932791,0.08734674191296188
-2908050.0000,2910,23.67069201304458,0.01946188156262768,163.1482997040489,0.005641912026804478,-0.018626155337040068,0.2206920130445802,0.0003787648339577473,1.7495075836767477,0.1708309376569186
-2910550.0000,2912.5,23.681355168601666,0.02170334017793621,123.21380757302597,0.018157716131507892,-0.01188832703818322,0.2313551686016666,0.0004710349748792201,1.8276924848476728,0.24901583882784362
-2913050.0000,2915,23.689655171486173,0.023941121100082882,83.26506179079922,0.023775911099348002,0.002807727003241995,0.23965517148617366,0.0005731772795288338,1.899034347216817,0.3203577011969878
-2915550.0000,2917.5,23.58216069341419,0.02599869505729833,42.61788709958677,0.0176038656024252,0.019132068903653352,0.132160693414189,0.0006759321446823886,1.9621243045387387,0.3834476585189095
-2918050.0000,2920,23.473106590194956,0.02805040278152228,1.958268177259015,0.0009585264002364822,0.02803402082016924,0.02310659019495631,0.0007868250962056329,2.0157165873660503,0.43703994134622115
-2920550.0000,2922.5,23.28763085476048,0.02981466508916249,320.68888193028204,-0.01888851524492751,0.023068121861587815,-0.16236914523951995,0.0008889142543789246,2.058752986834046,0.480076340814217
-2923050.0000,2925,23.10254446228224,0.031572500151794844,279.40966633200446,-0.03114767931081593,0.005161863944899628,-0.34745553771776017,0.0009968227658350855,2.090383726191255,0.5117070801714256
-2925550.0000,2927.5,22.936535874659643,0.03301540020904205,237.64881251999998,-0.027890885511135978,-0.017666781154695926,-0.5134641253403558,0.0010900166509632137,2.1099841313970664,0.5313074853772373
-2928050.0000,2930,22.773127501451917,0.03445119722132671,195.8847607641868,-0.009429410158535488,-0.033135648689060805,-0.6768724985480823,0.0011868849899827492,2.1171671724596797,0.5384905264398505
-2930550.0000,2932.5,22.73712963457296,0.03553894503044646,153.9640097617431,0.015599309442935994,-0.03193239982808406,-0.7128703654270403,0.001263016613877095,2.1117910066192715,0.5331143605994424
-2933050.0000,2935,22.704645638228914,0.03661977908010992,112.04854877771066,0.03394163196884961,-0.013746775591651373,-0.7453543617710849,0.0013410082198760558,2.093961738728505,0.5152850927086761
-2935550.0000,2937.5,22.844341298095504,0.03736183891641461,70.39229869582749,0.03519531387177479,0.012537818338266454,-0.6056587019044954,0.0013959070072161134,2.0640314258564625,0.48535477983663333
-2938050.0000,2940,22.986205846791197,0.038098250432179154,28.749364819710536,0.0183244602807899,0.0334019586463248,-0.46379415320880213,0.001451476685993039,2.022591075454895,0.44391442943506587
-2940550.0000,2942.5,23.23434594811307,0.03855789424147588,347.7589250261383,-0.00817525469353844,0.0376812475779746,-0.2156540518869292,0.001486711208336839,1.9704589426500587,0.39178229663022957
-2943050.0000,2945,23.481721633500715,0.039013156257750564,306.783733573106,-0.031245691586104293,0.023360931456123776,0.031721633500715996,0.001522026361191662,1.9086643282294884,0.32998768220965924
-2945550.0000,2947.5,23.691640938111128,0.03925371041594481,266.5557108065408,-0.039182805902168015,-0.002358283920964896,0.24164093811112863,0.0015408537814188541,1.8384275317390848,0.25975088571925564
-2948050.0000,2950,23.898288655902604,0.03949062708000398,226.3381734581227,-0.02856859723295639,-0.027264351804381127,0.4482886559026049,0.0015595096271719439,1.761135463960125,0.18245881794029595
-2950550.0000,2952.5,23.944628619566128,0.039549306531444485,186.6344215989161,-0.0045692863577272156,-0.039284466005015846,0.4946286195661287,0.0015641476471181573,1.678314304629086,0.09963765860925689
-2953050.0000,2955,23.9870330447886,0.03960393128636016,146.9326000461499,0.021608904077622573,-0.033189254856035015,0.5370330447886005,0.0015684713733347371,1.5915993310740877,0.012922685054258531
-2955550.0000,2957.5,23.836596086399727,0.03945987591155907,107.32536350895612,0.03766954444718556,-0.011751052212340464,0.3865960863997273,0.0015570818069556398,1.502702997892831,-0.07597364812699814
-2958050.0000,2960,23.68384843178525,0.03931153601418463,67.71089846613944,0.0363742519318385,0.014910085854671597,0.23384843178525117,0.001545396863794535,1.4133806796679604,-0.16529596635186872
-2960550.0000,2962.5,23.417876662116367,0.03895325451071577,27.742236647800723,0.01813252977191698,0.03447560588368452,-0.03212333788363253,0.0015173560369765983,1.3253961157668281,-0.253280530253001
-2963050.0000,2965,23.152711926790516,0.038591330105703404,347.764163034941,-0.008178896087634824,0.037714671125638116,-0.2972880732094829,0.00148929075932737,1.2404865682793604,-0.3381900777404687
-2965550.0000,2967.5,22.92709187427332,0.038050903525059195,307.3249114905491,-0.0302584563085919,0.02307156433565781,-0.5229081257266799,0.0014478712590733623,1.1603288660368596,-0.41834777998296957
-2968050.0000,2970,22.704903050800233,0.037506619288104434,266.88400231471564,-0.037451166949260005,-0.002038770355254082,-0.7450969491997661,0.0014067464904228076,1.0865058356629063,-0.4921708103569229
-2970550.0000,2972.5,22.650844450488574,0.036773309891932844,226.3618691982458,-0.02661331336655083,-0.025377310181772472,-0.7991555495114255,0.001352276320408126,1.020475183452305,-0.5582014625675242
-2973050.0000,2975,22.600482765182125,0.036035664446941305,185.85012346238454,-0.003672992734120622,-0.03584798790040589,-0.8495172348178741,0.0012985691121325496,0.9635407211029211,-0.615135924916908
-2975550.0000,2977.5,22.731269915130866,0.03508555260977213,145.8473593763374,0.019697013099062816,-0.02903487001707491,-0.7187300848691329,0.0012309960019330878,0.9168268395555497,-0.6618498064642795
-2978050.0000,2980,22.86374029345015,0.034131561855261255,105.86522686119929,0.03283140191689254,-0.009330732171217328,-0.5862597065498498,0.001164963514679525,0.8812559746561248,-0.6974206713637043
-2980550.0000,2982.5,23.07868886192588,0.03298750415100765,66.89404132059451,0.030341269324332242,0.012945377781319567,-0.37131113807411964,0.001088175430112747,0.8575305171077032,-0.7211461289121259
-2983050.0000,2985,23.292884733467424,0.03184190596445065,27.948949288694052,0.014923813112200703,0.028128042549047456,-0.1571152665325748,0.0010139069754489178,0.8461189746730999,-0.7325576713467292
-2985550.0000,2987.5,23.470198455233664,0.03062082414502734,350.2824391833062,-0.005168534346143511,0.03018146987860969,0.020198455233664703,0.0009376348713206892,0.8472467434897836,-0.7314299025300456
-2988050.0000,2990,23.645352465565903,0.02940338487084736,312.6444927726874,-0.021628284279233613,0.01991924599476174,0.1953524655659038,0.0008645590418631755,0.8608915539572023,-0.7177850920626269
-2990550.0000,2992.5,23.71468061563215,0.02836443031359082,276.40616740575,-0.028187320391687018,0.0031647869045063983,0.26468061563215173,0.0008045409070145498,0.8867839846626997,-0.6918926613571295
-2993050.0000,2995,23.781761240841412,0.027335851177085504,240.19351854242825,-0.023719570341907824,-0.013587889548088537,0.3317612408414128,0.0007472487595757669,0.9244128264204183,-0.6542638195994108
-2995550.0000,2997.5,23.738713148058274,0.026815667657390355,205.2390183562677,-0.011434076771545398,-0.02425576055896861,0.2887131480582745,0.0007190800319116111,0.9730349958904569,-0.6056416501293722
-2998050.0000,3000,23.694236801346918,0.026311362697811355,170.29303332938616,0.004436338639590111,-0.02593466225904356,0.2442368013469185,0.0006922878070157788,1.0316903657982954,-0.5469862802215337
-3003050.0000,3005,23.464814138761554,0.026876408523334804,101.21833028452374,0.026362880043770864,-0.005228756153324775,0.014814138761554574,0.0007223413351131837,1.1742926912775329,-0.40438395474229627
-3008050.0000,3010,23.186219632090715,0.029193562871841,30.406176778453016,0.014775642938755348,0.025178254286160162,-0.26378036790928405,0.0008522641131521334,1.3410117122675238,-0.23766493375230535
-3013050.0000,3015,22.95214134304718,0.03290246697711596,316.3136530048139,-0.02272606677271964,0.023792818711159354,-0.4978586569528183,0.0010825723331802065,1.5187439198678296,-0.059932726151999516
-3018050.0000,3020,22.85887350028724,0.037378049887089766,239.00271545924875,-0.03204015447308286,-0.019249600377741868,-0.591126499712761,0.0013971186133617712,1.6935199380366166,0.11484329201678745
-3023050.0000,3025,22.96098757962926,0.042037161379323784,159.40826015370465,0.014784751136558342,-0.0393514176448746,-0.489012420370738,0.0017671229368313112,1.851602837562024,0.2729261915421948
-3028050.0000,3030,23.230770692649443,0.04635774725501398,78.61297223353756,0.04544523675642144,0.009152660089425255,-0.219229307350556,0.002149040730559756,1.9805674796382395,0.4018908336184104
-3033050.0000,3035,23.52865278393042,0.04995400223923429,357.4012229794024,-0.0022649976386807285,0.04990262643803625,0.07865278393041919,0.002495402339717424,2.0702774397840527,0.4916007937642235
-3038050.0000,3040,23.66730676261354,0.05260273768882971,276.1181871923561,-0.052303121070194435,0.0056063837432349444,0.2173067626135392,0.0027670480123598257,2.113681473012221,0.5350048269923919
-3043050.0000,3045,23.547199279226927,0.05412221392920515,194.61684615357785,-0.01365795035518151,-0.052370549287686925,0.09719927922692762,0.0029292140405986484,2.107367939103285,0.5286912930834557
-3048050.0000,3050,23.245198657182748,0.05452569790068235,112.49395972542675,0.05037737576458014,-0.020860770422752122,-0.2048013428172517,0.002973051731556476,2.05183289649524,0.47315625047541077
-3053050.0000,3055,22.983692547737192,0.05397538906515076,29.706653145152472,0.02674801843482146,0.046881618301257984,-0.46630745226280723,0.002913342624734396,1.9514411331163868,0.37276448709655763
-3058050.0000,3060,22.963722777338756,0.05259071179945058,306.84061436839556,-0.04208869108365929,0.031532920106408936,-0.4862772226612435,0.0027657829675728704,1.814083243037941,0.23540659701811184
-3063050.0000,3065,23.194210805400964,0.05048454665611344,224.75827318746565,-0.035547040859714406,-0.03584825431162708,-0.2557891945990356,0.002548689451073295,1.6505552582046463,0.07187861218481717
-3068050.0000,3070,23.484059757131217,0.04775377705527813,143.97593273029673,0.028085191588165085,-0.03862182331922289,0.03405975713121734,0.0022804232230452075,1.4737103879570252,-0.10496625806280391
-3073050.0000,3075,23.600361142801905,0.04459397980468826,64.29108653146614,0.040179601513599277,0.019344835409724082,0.1503611428019056,0.0019886230348209444,1.2974484475121943,-0.2812281985076348
-3078050.0000,3080,23.462400077897257,0.04122657876907497,345.2061037546247,-0.010526908416348516,0.039859942250291255,0.012400077897257944,0.001699630797002743,1.1356237002960734,-0.44305294572375575
-3083050.0000,3085,23.187346631582724,0.03769509731078339,266.4264721272293,-0.03762180419781223,-0.0023495127518077578,-0.2626533684172756,0.001420920361269429,1.0009555549180877,-0.5777210911017414
-3088050.0000,3090,22.982667163850085,0.03402182546841373,188.03833491750856,-0.004757463362077847,-0.03368755186358445,-0.4673328361499145,0.001157484608203205,0.9040291335344968,-0.6746475124853324
-3093050.0000,3095,22.97374263957949,0.030347396132879744,110.78447555618112,0.028372444016109676,-0.010768884463984496,-0.47625736042050804,0.0009209644520459245,0.8524629858594742,-0.7262136601603549
-3098050.0000,3100,23.124976433543893,0.02691429515683334,35.82991644851484,0.015755119287977064,0.021820987603927453,-0.32502356645610675,0.0007243792837891425,0.850310436772438,-0.7283662092473911
-3103050.0000,3105,23.310191332767385,0.02417243942041947,324.1751923667573,-0.014148341278316136,0.01959926699155213,-0.13980866723261443,0.0005843068275338492,0.8977408569306787,-0.6809357890891504
-3108050.0000,3110,23.44074293128053,0.022724755527305768,255.80618775093035,-0.02203101047761344,-0.005572171130816143,-0.009257068719470851,0.0005164145137758141,0.9910263213499912,-0.5876503246698379
-3113050.0000,3115,23.51780228141646,0.02308164998824348,188.60127839628865,-0.0034520316698369736,-0.022822051694144915,0.06780228141646205,0.0005327625661797802,1.1228346916312066,-0.4558419543886225
-3118050.0000,3120,23.552963290927806,0.025281475231335653,119.38556831492048,0.02202869571855687,-0.012405222884409308,0.1029632909278071,0.0006391529898726381,1.2828057132871382,-0.29587093273269094
-3123050.0000,3125,23.503890571261813,0.028809427513586422,46.56092530324827,0.020918695888163478,0.01980886861986627,0.05389057126181385,0.0008299831136605903,1.458365589218872,-0.1203110568009571
-3128050.0000,3130,23.31741822297351,0.032917608101973014,330.14056051412535,-0.01638881878369155,0.02854777648137239,-0.13258177702648766,0.0010835689231550795,1.6357149607791972,0.05703831475936805
-3133050.0000,3135,23.012064089152044,0.03698736797541516,250.55026139189522,-0.034876645084116274,-0.012316047150987818,-0.4379359108479548,0.0013680653897487668,1.8009139094885789,0.22223726346874972
-3138050.0000,3140,22.75497789818913,0.04056313980860357,168.2927722936787,0.008230699961538837,-0.03971931380670422,-0.6950221018108707,0.0016453683111323197,1.9409773055798252,0.362300659559996
-3143050.0000,3145,22.76562615322316,0.043311635153571955,84.23127914397082,0.0430922933232197,0.0043533890041810965,-0.6843738467768397,0.0018758977396761299,2.04489581228362,0.4662191662637907
-3148050.0000,3150,23.108084287233574,0.044997542068185195,359.6537404488056,-0.00027193510608725216,0.04499672036355732,-0.34191571276642563,0.002024778792178096,2.1045009818140974,0.5258243357942682
-3153050.0000,3155,23.587264751373045,0.04542946149772832,275.5644924096788,-0.04521538349061426,0.004405118360528721,0.1372647513730456,0.00206383597197358,2.1151075522551785,0.5364309062353494
-3158050.0000,3160,23.887768561168777,0.04463657201463225,192.05107568252197,-0.009319382716855921,-0.04365286550725185,0.4377685611687774,0.001992423561217451,2.075881632201408,0.4972049861815788
-3163050.0000,3165,23.820923728415277,0.042782637477241835,108.6371560852852,0.04053917444705729,-0.013672212866253758,0.37092372841527776,0.0018303540695090977,1.989906301476218,0.4112296554563888
-3168050.0000,3170,23.446778304989156,0.03996102992718404,24.653388885755817,0.01666885843286268,0.036318494894288796,-0.0032216950108434617,0.0015968839128412985,1.8639393833651376,0.2852627373453085
-3173050.0000,3175,23.027656210131152,0.03629375864258757,299.68839416163723,-0.03152954433476185,0.017975671070885976,-0.42234378986884735,0.0013172369164063998,1.7078821132748798,0.12920546725505067
-3178050.0000,3180,22.823622156244117,0.03196401708276407,214.05377618957323,-0.01789891519896751,-0.026482583385451716,-0.6263778437558827,0.0010216983880672334,1.534001146063631,-0.04467549995619824
-3183050.0000,3185,22.892907291141178,0.027204155020345858,128.46087813030607,0.021301751954901357,-0.016920443670981708,-0.5570927088588213,0.0007400660503710087,1.3559640535300002,-0.222712592489829
-3188050.0000,3190,23.09484044714708,0.022256897157092073,43.50097208213987,0.015320910906163958,0.016144322843239956,-0.35515955285291767,0.0004953694710613732,1.1877653604275165,-0.3909112855923127
-3193050.0000,3195,23.26935476688021,0.017238126074172935,319.1514950403846,-0.011274789770854856,0.013039635967775614,-0.1806452331197903,0.00029715299054908076,1.0426261574562679,-0.5360504885635613
-3198050.0000,3200,23.376876760556684,0.012264198296436773,234.7175732497625,-0.010011446420316478,-0.007083890204361939,-0.07312323944331567,0.00015041055985432264,0.931955197465715,-0.6467214485541142
-3203050.0000,3205,23.46070895608414,0.007413965709520317,149.09755535577153,0.0038076486634043252,-0.006361501332077072,0.010708956084140908,0.0000549668875419431,0.864451805169864,-0.7142248408499652
-3208050.0000,3210,23.534712482576314,0.0027598606264079054,58.752645708306545,0.002359503720976572,0.0014316329375556945,0.08471248257631459,0.000007616830677196636,0.8454222683991898,-0.7332543776206394
-3213050.0000,3215,23.523312982832895,0.0020817122944968985,187.06084154095697,-0.00025589082951637556,-0.002065924964859315,0.07331298283289556,0.000004333526077059542,0.876362571627767,-0.7023140743920622
-3218050.0000,3220,23.3480040019368,0.006417908340695744,89.37643957554076,0.0064175282641668295,0.00006984588886886272,-0.10199599806319881,0.000041189547469572,0.9548408097504084,-0.6238358362694207
-3223050.0000,3225,23.06950974610231,0.010551378933999392,1.9248017410453713,0.00035439770374104856,0.010545425533207715,-0.3804902538976904,0.00011133159740884614,1.074688378202724,-0.5039882678171053
-3228050.0000,3230,22.882719903674758,0.01428461414063508,274.64718043509527,-0.014237653477330234,0.0011573351313677184,-0.5672800963252413,0.00020405020114683167,1.226484669687726,-0.3521919763321031
-3233050.0000,3235,22.964893272866107,0.017534767020480804,186.97002496107496,-0.002127845086254736,-0.017405181118030424,-0.4851067271338927,0.0003074680544625413,1.398297803501119,-0.18037884251871006
-3238050.0000,3240,23.279241322273865,0.020164392188406398,99.54556830062268,0.01988519650772918,-0.0033439007426746764,-0.17075867772613407,0.000406602712327865,1.5766222151225622,-0.002054430897266979
-3243050.0000,3245,23.573463625205886,0.022034258601831683,12.471153772937782,0.004758255375249641,0.021514357018426123,0.12346362520588627,0.0004855085521323935,1.74744061153856,0.16876396551873074
-3248050.0000,3250,23.604972383073868,0.02305893934949958,285.1928822214113,-0.022253007707841544,0.006043039953421202,0.1549723830738685,0.0005317146839239001,1.897325455592958,0.3186488095731288
-3253050.0000,3255,23.344173740210863,0.023155037177687205,196.7078573886297,-0.00665688494600747,-0.02217750277907086,-0.1058262597891364,0.0005361557467000766,2.0144948094247175,0.4358181634048883
-3258050.0000,3260,23.009831597855538,0.022362600245376094,106.19346915166761,0.02147537481884263,-0.006236518750450024,-0.4401684021444616,0.000500085889734495,2.0897381859283906,0.5110615399085614
-3263050.0000,3265,22.890565763091885,0.020747531136112742,13.542837956844437,0.004858497167062376,0.020170648316839363,-0.559434236908114,0.0004304600482439677,2.11714081615136,0.5384641701315307
-3268050.0000,3270,23.082765460904145,0.018504944232602807,278.75264453123543,-0.01828944468325728,0.002815878944452675,-0.367234539095854,0.0003424329610517399,2.0945484685756792,0.5158718225558501
-3273050.0000,3275,23.41842953769722,0.016064463378662994,181.29359862982153,-0.0003626654970836503,-0.016060369154587622,-0.03157046230277771,0.0002580669836444045,2.0237368749981792,0.44506022897835007
-3278050.0000,3280,23.63067735716079,0.014000958569303217,79.74518745045691,0.013777303726583772,0.0024925374389978753,0.18067735716078914,0.00019602684085934518,1.9102722236925356,0.3315955776727064
-3283050.0000,3285,23.59091214739875,0.013121284340399586,333.64088726171656,-0.005825796063857779,0.011757049075510173,0.14091214739875113,0.0001721681027416154,1.7630735029621378,0.18439685694230867
-3288050.0000,3290,23.368396341860183,0.013932517472473444,226.62879968262996,-0.010127824809945314,-0.009567769214390256,-0.08160365813981585,0.0001941150431207778,1.593711655645521,0.01503500962569193
-3293050.0000,3295,23.130100179479218,0.016225732825860616,123.38656088649503,0.013548113057128535,-0.008928775858283937,-0.3198998205207815,0.0002632744057362107,1.4154997338504272,-0.163176912169402
-3298050.0000,3300,22.99334334050236,0.019320401302029593,25.34093464701556,0.008269202681501052,0.017461334241223453,-0.45665665949763934,0.00037327790647146683,1.2424467392861338,-0.33622990673369535
-3303050.0000,3305,22.95613431964282,0.022587576293919567,291.3868084170656,-0.02103219125380384,0.008236840043187343,-0.49386568035717815,0.0005101986028336372,1.0881560420160188,-0.49052060400381037
-3308050.0000,3310,22.987097738103994,0.025684098220176425,200.27245022408022,-0.008899145585055796,-0.02409311331562718,-0.46290226189600503,0.0006596729013836698,0.9647563833434444,-0.6139202626763848
-3313050.0000,3315,23.10505357870158,0.02841616885910868,111.11949576696941,0.026507482826223276,-0.010238750258056688,-0.34494642129842035,0.0008074786526293778,0.8819481242874213,-0.6967285217324078
-3318050.0000,3320,23.344232674735203,0.030743691876495186,23.51324397037706,0.012265535208309294,0.02819097792292068,-0.1057673252647966,0.0009451745901968761,0.8462409376972405,-0.7324357083225886
-3323050.0000,3325,23.653528558047377,0.03258851363143203,297.4444430253575,-0.028920942072027004,0.015019664788952178,0.20352855804737757,0.0010620112207060312,0.8604418929471292,-0.7182347530726999
-3328050.0000,3330,23.847668566650064,0.033859871608521136,212.63268719339362,-0.01825898031361061,-0.028514917907171256,0.397668566650065,0.0011464909053455357,0.9234348343247405,-0.6552418116950887
-3333050.0000,3335,23.737519476811816,0.03454701454580742,128.44366530579316,0.027057907584343815,-0.021479428558165578,0.28751947681181633,0.0011934962140282294,1.030268116980345,-0.5484085290394842
-3338050.0000,3340,23.29546896143278,0.0345747588963428,44.03176312691528,0.024031429747446827,0.024857681650422743,-0.15453103856722095,0.0011954139527402359,1.172543695094032,-0.40613295092579715
-3343050.0000,3345,22.748132218057833,0.03386411568109187,318.5646164067209,-0.022410424407594266,0.025388013091494094,-0.7018677819421661,0.0011467783308623724,1.3390774793512203,-0.2395991666686088
-3348050.0000,3350,22.470813365807487,0.03235749423779536,232.02979652491217,-0.025508409972860233,-0.019907999748981428,-0.9791866341925122,0.00104700743334896,1.5167782097039444,-0.061898436315884764
-3353050.0000,3355,22.681493001285986,0.030010018585680198,145.4287949035447,0.017028584639323385,-0.024710898824087127,-0.7685069987140132,0.0009006012155128709,1.6916768854804927,0.11300023946066351
-3358050.0000,3360,23.242936061846503,0.026793566700334566,60.10979171276233,0.023229538079621432,0.01335229482645943,-0.207063938153496,0.0007178952165252773,1.8500245107189133,0.2713478646990841
-3363050.0000,3365,23.769265554433662,0.022636416955444334,336.77011991302663,-0.008928282524226649,0.020801277454721784,0.3192655544336631,0.0005124073725807278,1.979373269471072,0.4006966234512428
-3368050.0000,3370,23.949556371281705,0.017617994073096988,255.38181110510652,-0.01704768376223454,-0.004446368574750117,0.49955637128170594,0.0003103937151596806,2.069554752279247,0.49087810625941786
-3373050.0000,3375,23.73506542473306,0.012031431242389893,177.50802497598056,0.0005231201092981852,-0.012020053373076323,0.2850654247330624,0.0001447553377403556,2.113479587979431,0.5348029419596017
-3378050.0000,3380,23.308378637074988,0.006509713706764067,113.93416978777691,0.005949957591748988,-0.002640904617819536,-0.1416213629250116,0.00004237637254403197,2.1076945930191875,0.5290179469993583
-3383050.0000,3385,22.95437378366251,0.005092993231828885,99.69873481087063,0.005020200044093511,-0.0008580044153373219,-0.49562621633748805,0.00002593858005945483,2.0526543514458844,0.4739777054260552
-3388050.0000,3390,22.832409776720944,0.010493798023079655,50.133857533863534,0.008054452410354108,0.0067264844695079295,-0.6175902232790556,0.00011011979694919047,1.952685524197154,0.37400887817732476
-3393050.0000,3395,22.919848616725123,0.017108814057861896,333.2103886659904,-0.007711210981212385,0.015272483218839115,-0.5301513832748768,0.00029271151846649285,1.8156466434448857,0.23696999742505653
-3398050.0000,3400,23.11385692308764,0.02364158663229535,250.5959440141644,-0.02229872422226893,-0.007854394728527657,-0.3361430769123608,0.0005589246184923262,1.6523105684764268,0.07363392245659761
-3403050.0000,3405,23.315693481281265,0.029790513400933444,166.48175205182656,0.00696368262107252,-0.028965182772497183,-0.13430651871873422,0.0008874746886911951,1.4755173536317814,-0.10315929238804777
-3408050.0000,3410,23.48537761198845,0.03523897627847279,82.07889215109509,0.0349027527925662,0.004856263651798597,0.03537761198845146,0.001241785449154768,1.29916520662428,-0.2795114393955491
-3413050.0000,3415,23.56781611280195,0.03973747561047284,357.65755934307856,-0.001624146682551438,0.03970427074568277,0.11781611280195037,0.0015790669678929239,1.1371175639860176,-0.44155908203381156
-3418050.0000,3420,23.491288906372702,0.043224272627562746,273.20775990041875,-0.043156548612185305,0.002418688914671903,0.04128890637270288,0.00186833774418187,1.0021136018064067,-0.5765630442134224
-3423050.0000,3425,23.249817363865617,0.045686101307997856,188.53723068644445,-0.006782194960272578,-0.04517988141026376,-0.20018263613438236,0.0020872198527246435,0.9047664321770204,-0.6739102138428088
-3428050.0000,3430,22.96026248348413,0.04714953016331886,103.38392719931227,0.04586898903031604,-0.010913937875875118,-0.48973751651586994,0.002223078194621715,0.8527290260254257,-0.7259476199944035
-3433050.0000,3435,22.842299992038644,0.04765122177503428,17.83688767855938,0.01459596155963905,0.04536074120649971,-0.6077000079613555,0.002270638936653501,0.8500923642603169,-0.7285842817595123
-3438050.0000,3440,23.036799382954047,0.04727058922002309,292.4632224405391,-0.04368393244249678,0.018061634797756843,-0.4132006170459519,0.002234508605208163,0.8970639054865237,-0.6816127405333055
-3443050.0000,3445,23.4451948021699,0.04611584357763721,208.06338666164015,-0.021695110320647887,-0.04069389655773972,-0.004805197830098251,0.0021266710288771035,0.9899512384935336,-0.5887254075262955
-3448050.0000,3450,23.772030139491612,0.04419491127329172,124.92345078336228,0.03623618698282006,-0.0253007694626118,0.32203013949161274,0.0019531901824541274,1.1214522296475562,-0.45722441637227296
-3453050.0000,3455,23.745932722405694,0.04154537960808134,42.38005959452613,0.02800346974328879,0.030689155236276713,0.2959327224056949,0.0017260185667795811,1.2812292318623695,-0.2974474141574597
-3458050.0000,3460,23.346039782019332,0.03827697235576681,319.4478385257678,-0.024885392517704732,0.02908339478059434,-0.10396021798066712,0.0014651266127241366,1.4567214815901093,-0.12195516442971988
-3463050.0000,3465,22.822796679017674,0.03442533941142385,235.4381147459793,-0.028349746613200635,-0.01952935893876324,-0.6272033209823249,0.0011851039935917324,1.6341328629914775,0.055456216971648375
-3468050.0000,3470,22.555409337522942,0.02996529093628282,150.50580227867715,0.014752974027920087,-0.026081955797592878,-0.8945906624770572,0.0008979186608960734,1.7995161223014569,0.2208394762816277
-3473050.0000,3475,22.748793628649018,0.02485410782765543,65.8906826861816,0.02268602841218197,0.010152378577968581,-0.7012063713509811,0.000617726675908723,1.9398696890808869,0.3611930430610577
-3478050.0000,3480,23.261525580725422,0.019193968431788087,343.2073859887985,-0.005545298453159039,0.018375475210885558,-0.1884744192745771,0.0003684084241604776,2.0441594714958526,0.4654828254760235
-3483050.0000,3485,23.760848364520264,0.013247875739375276,265.0433435128243,-0.013198333257609031,-0.0011446444107317223,0.31084836452026465,0.000175506211605928,2.104186606579864,0.5255099605600349
-3488050.0000,3490,23.955990492289732,0.007526477767862456,200.15662701286374,-0.0025935313588146755,-0.007065512202308671,0.5059904922897331,0.00005664786759012782,2.1152318322497656,0.5365551862299365
-3493050.0000,3495,23.78471952576547,0.005089728764228111,178.3323332530989,0.00014812213163253198,-0.005087572970241474,0.3347195257654718,0.000025905338893411018,2.0764266468581365,0.49775000083830734
-3498050.0000,3500,23.378856063363262,0.00946101542192747,138.03502019268473,0.006326356390647048,-0.0070347727491702735,-0.07114393663673724,0.00008951081281394942,1.9908215977693648,0.4121449517495357
-3503050.0000,3505,22.929521422748902,0.015454721333226569,64.1452751865856,0.01390774482670035,0.006739662107485663,-0.5204785772510974,0.0002388484114876884,1.8651464138616185,0.28646976784178935
-3508050.0000,3510,22.637890379330454,0.021376174139906202,341.4851033370667,-0.006788029874802474,0.020269767420431437,-0.8121096206695455,0.0004569408208595947,1.7092811429119743,0.13060449689214515
-3513050.0000,3515,22.60954133075351,0.026858374198619986,255.99010199276074,-0.02605944282710789,-0.0065021307379804945,-0.840458669246491,0.0007213722645930958,1.5354791888627621,-0.04319745715706702
-3518050.0000,3520,22.865227350010233,0.031507757809726394,169.72852457029717,0.005618222908738027,-0.031002812348948375,-0.5847726499897661,0.0009927388021963746,1.3574043240401568,-0.2212723219796724
-3523050.0000,3525,23.327114363254474,0.035088174117428164,83.52192967614167,0.03486414001589632,0.003958750288529565,-0.12288563674552577,0.0012311799628949558,1.1890561456286097,-0.3896205003912194
-3528050.0000,3530,23.78905645891282,0.03764890971356663,357.8893145467272,-0.0013866123249555665,0.03762336652773876,0.33905645891282177,0.0014174404026202918,1.0436698299998495,-0.5350068160199797
-3533050.0000,3535,24.022305525950117,0.039149292363694646,272.98139303906817,-0.0390963029484734,0.0020362191284903587,0.5723055259501173,0.00153266709257804,0.932675271537351,-0.6460013744824782
-3538050.0000,3540,23.860922417920584,0.039534606278958405,188.20317264886853,-0.005640945504384946,-0.039130101296173725,0.4109224179205846,0.0015629850936322574,0.8647987710032741,-0.7138778750165551
-3543050.0000,3545,23.343534711446317,0.03891016431006354,102.54638302260747,0.037981007931409454,-0.008452450718599605,-0.10646528855368231,0.0015140008866361425,0.8453767462576199,-0.7332998997622092
-3548050.0000,3550,22.74664831823769,0.037481687159486736,15.36294671965237,0.009930120075291343,0.03614235171667622,-0.7033516817623102,0.001404876872321633,0.8759363025337448,-0.7027403434860844
-3553050.0000,3555,22.44496814729212,0.035388504682736494,286.8896099808177,-0.033862066981779175,0.010281375559795641,-1.00503185270788,0.0012523462636800627,0.9540751026339297,-0.6246015433858995
-3558050.0000,3560,22.65209989706926,0.03265946583013875,198.07030308903336,-0.01013043483901398,-0.031048590922656896,-0.7979001029307398,0.0010666407083100005,1.0736501393904114,-0.5050265066294177
-3563050.0000,3565,23.205138905316318,0.02949683893556353,109.6738222831886,0.027774945066898895,-0.009930555559550802,-0.24486109468368156,0.0008700635071905767,1.2252608157313805,-0.3534158302884487
-3568050.0000,3570,23.724950625358428,0.026164651236987566,21.806727113627574,0.009719562138432102,0.024292366829733823,0.2749506253584286,0.000684588974353195,1.3969877378564288,-0.18168890816340033
-3573050.0000,3575,23.898741261001796,0.02274653210454503,293.54951798583454,-0.02085208973266345,0.009088183347845112,0.44874126100179623,0.0005174047227830977,1.5753300895879538,-0.003346556431875314
-3578050.0000,3580,23.658875594633482,0.019372571919982078,202.9326693957139,-0.007548505914586458,-0.017841429350036152,0.20887559463348282,0.0003752965427948781,1.7462666934176856,0.16759004739785643
-3583050.0000,3585,23.20484674178175,0.016345662597991865,107.76103257792579,0.015566580571262641,-0.00498620648246526,-0.24515325821824874,0.00026718068576739014,1.8963587011471805,0.31768205512735137
-3588050.0000,3590,22.834574455736163,0.014125509704718623,6.76789489061332,0.0016646567336345347,0.014027078896807604,-0.6154255442638359,0.0001995300244181,2.013805808236564,0.4351291622167348
-3593050.0000,3595,22.767760154473603,0.013102904050508386,261.2167550086026,-0.0129492473016639,-0.0020007720702717004,-0.6822398455263965,0.00017168609455682908,2.0893743068540545,0.5106976608342253
-3598050.0000,3600,23.0007556948977,0.013485568202327316,154.7297467263736,0.005756832980309564,-0.012195057350272763,-0.44924430510230096,0.0001818605497396216,2.1171228229330836,0.5384461769132545
-3603050.0000,3605,23.351049084466258,0.015189417869371382,51.9499596013365,0.0119612527068225,0.009361989579886857,-0.09895091553374158,0.00023071841521037868,2.094869607922183,0.5161929619023538
-3608050.0000,3610,23.625397369770376,0.01752548367815947,314.50219789273194,-0.012499587884619622,0.012284253370396769,0.17539736977037634,0.00030714257815343403,2.0243640442480118,0.4456873982281826
-3613050.0000,3615,23.68338553026637,0.01984958983268597,220.61070081526464,-0.012920415830110088,-0.015068811210673218,0.23338553026637143,0.0003940062165258702,1.911149096630549,0.33247245061071995
-3618050.0000,3620,23.49535058230482,0.02186144193771842,128.33825435952838,0.01714729287274789,-0.013560714978659611,0.045350582304820364,0.0004779226435962337,1.76412569564589,0.1854490496260608
-3623050.0000,3625,23.139862983755073,0.023373042044767284,36.5969557415857,0.013934592060720586,0.018765027005782912,-0.3101370162449264,0.0005462990944264593,1.5948527392479177,0.01617609322808855
-3628050.0000,3630,22.780660342368375,0.024122353542537965,304.8097440193045,-0.019805709967336903,0.013770322912732494,-0.6693396576316246,0.0005818879404311939,1.4166386405910085,-0.16203800542882063
-3633050.0000,3635,22.64831623036058,0.023902372262849587,212.4553801425708,-0.012827032226885566,-0.020169051639635425,-0.8016837696394177,0.0005713233997918413,1.243494677676165,-0.3351819683436641
-3638050.0000,3640,22.86238137199952,0.022847962433574502,119.69174224750304,0.019848091530888713,-0.01131736055569034,-0.5876186280004809,0.0005220293873660316,1.0890337736638487,-0.4896428723559805
-3643050.0000,3645,23.349338796352818,0.02108432391851678,27.289907981764316,0.009667015501283854,0.018737596601455492,-0.10066120364718145,0.0004445487151009387,0.965399874261313,-0.6132767717585161
-3648050.0000,3650,23.844134798774796,0.01861049080589797,295.0048852351947,-0.016866162068340167,0.007866571370101225,0.39413479877479674,0.00034635036803641286,0.8823134691074299,-0.6963631769123992
-3653050.0000,3655,24.03482721758883,0.015713579733073094,200.83162100261666,-0.005588107691174991,-0.014686376015187557,0.5848272175888312,0.0002469165880276455,0.8463070774655618,-0.7323695685542674
-3658050.0000,3660,23.788948148693986,0.013008017939472623,101.81043340700444,0.012732639947356876,-0.0026624069344511297,0.33894814869398715,0.00016920853071364158,0.8602117883990663,-0.7184648576207628
-3663050.0000,3665,23.20335588831185,0.011217691336225742,355.6628612278532,-0.0008483388081351003,0.011185567494832169,-0.24664411168814837,0.00012583659891483406,0.9229345696812997,-0.6557420763385294
-3668050.0000,3670,22.605697528619572,0.011060395805410812,243.59787877238705,-0.009906744518710755,-0.004918207845683577,-0.844302471380427,0.00012233235537234907,1.0295441432428818,-0.5491325027769474
-3673050.0000,3675,22.366845477073472,0.012976227397808574,133.637199783222,0.00939120677356623,-0.008954759227123956,-1.0831545229265274,0.00016838247747963787,1.1716587897299668,-0.4070178562898623
-3678050.0000,3680,22.62225276425044,0.016237608554802746,31.972951657562362,0.008598119912946336,0.013774333578855966,-0.827747235749559,0.0002636599315790033,1.3381050987778966,-0.24057154724193253
-3683050.0000,3685,23.212547377290385,0.019921293515021348,297.2148644692321,-0.017715961632467865,0.009110578398134677,-0.23745262270961476,0.0003968579353116316,1.5157967205900074,-0.06287992542982179
-3688050.0000,3690,23.78680266877194,0.023775814056887556,207.10285190456648,-0.010832004512627063,-0.02116499497533885,0.3368026687719414,0.0005652893340676919,1.6907629050828095,0.11208625906298031
-3693050.0000,3695,24.053920643563966,0.027702880157646322,120.05049400338748,0.023979181570752475,-0.013872577994943812,0.603920643563967,0.0007674495690289143,1.849247282466767,0.2705706364469378
-3698050.0000,3700,23.909448381888073,0.03149914818054484,34.545211631964094,0.017861792680958034,0.025945186419110488,0.45944838188807324,0.0009921963360999214,1.9787890877268561,0.400112441707027
-3703050.0000,3705,23.436811591624107,0.034961197887385255,309.0650223531733,-0.027144967427173202,0.022032614486225125,-0.013188408375892635,0.0012222853577209113,2.069203205435552,0.4905265594157229
-3708050.0000,3710,22.88480193749271,0.03803443329719196,222.64170056893886,-0.025764963683802794,-0.027978290916545766,-0.5651980625072888,0.0014466181162385444,2.1133807223650947,0.5347040763452655
-3713050.0000,3715,22.5350646754959,0.0406537486658427,135.4005359301545,0.02854488298170805,-0.028946794920096098,-0.9149353245040999,0.0016527272805855068,2.1078480693452213,0.5291714233253921
-3718050.0000,3720,22.57528061488517,0.04253119460807401,48.021583852069114,0.03161755569234118,0.02844701542924262,-0.8747193851148296,0.0018089025147898638,2.05304007033643,0.47436342431660106
-3723050.0000,3725,22.973063773865594,0.04348386132076653,321.25507384149944,-0.02721456623543035,0.03391479883444733,-0.47693622613440567,0.0018908461953636554,1.9532657766388524,0.3745891306190232
-3728050.0000,3730,23.485816607802718,0.043485399930040115,235.63943699156198,-0.03589729211879742,-0.02454311360877542,0.03581660780271889,0.0018909800070755329,1.8163698122512975,0.2376931662314683
-3733050.0000,3735,23.83044132583238,0.04244200851548459,151.19658843841324,0.020448808037778984,-0.037190998059510746,0.3804413258323791,0.0018013240868284663,1.6531154186471657,0.07443877262733656
-3738050.0000,3740,23.81956119079153,0.0401911855784614,67.41165130429602,0.037108053251277855,0.015437738892164576,0.36956119079152927,0.0016153313982023238,1.4763384942354236,-0.10233815178440553
-3743050.0000,3745,23.48337097669979,0.036681461540155585,343.5710418860044,-0.010374481014911634,0.03518379974353469,0.03337097669978917,0.0013455296207219134,1.2999380544514203,-0.27873859156840886
-3748050.0000,3750,23.029057106698147,0.032115090032190347,259.4636714373255,-0.031573602731948924,-0.0058725308258670795,-0.4209428933018522,0.0010313790077756918,1.1377837798307224,-0.4408928661891067
-3753050.0000,3755,22.72888541689763,0.026748963474751974,176.04586157346807,0.0018445541097183618,-0.026685289339070998,-0.72111458310237,0.0007155070469736152,1.002625144794041,-0.5760515012257881
-3758050.0000,3760,22.770755519574557,0.020795891752444125,95.59810146008346,0.02069670851092555,-0.002028637619969487,-0.6792444804254423,0.00043246911377937356,0.9050892960337334,-0.6735873499860957
-3763050.0000,3765,23.09198547700675,0.014875943691994999,22.46686876113006,0.005684829026279069,0.013746869449783131,-0.35801452299324765,0.0002212937007274058,0.852845189515658,-0.7258314565041711
-3768050.0000,3770,23.48421976705549,0.010616681330383874,325.3308608847784,-0.006039157063301871,0.008731695392974529,0.03421976705548957,0.00011271392247092151,0.8500007803799509,-0.7286758656398783
-3773050.0000,3775,23.71157682705088,0.010938079444069621,281.8153334576905,-0.010706330270764763,0.0022396593620648006,0.2615768270508809,0.0001196415819247784,0.8967798927188586,-0.6818967533009705
-3778050.0000,3780,23.63825733214981,0.015580398181697385,223.75587230703286,-0.010775202208699569,-0.01125361385786251,0.18825733214981,0.0002427488075002392,0.9895045937108271,-0.589172052309002
-3783050.0000,3785,23.3214268712794,0.021659935031225725,151.69441018184784,0.010270580346892516,-0.019070080358901075,-0.12857312872059978,0.00046915278555691934,1.120884439524445,-0.4577922064953841
-3788050.0000,3790,22.926990387894083,0.027733416448371385,73.10237053797749,0.026536043128954162,0.008061067110319889,-0.5230096121059162,0.0007691423878987965,1.2805894837836016,-0.29808716223622755
-3793050.0000,3795,22.683997859366638,0.033356616361959544,351.11959960902857,-0.005149341530967638,0.032956761626658636,-0.7660021406333613,0.0011126638551189473,1.4560627331591376,-0.12261391286069157
-3798050.0000,3800,22.768861427563913,0.03847638161458916,267.77129263763675,-0.03844727643403951,-0.001496287725019982,-0.6811385724360868,0.0014804319421514948,1.6335071306965987,0.05483048467676954
-3803050.0000,3805,23.15249245534408,0.043026240458771736,184.57241302547982,-0.003430008107258106,-0.042889304172487916,-0.2975075446559181,0.0018512573680160458,1.7989707307185379,0.2202940846987087
-3808050.0000,3810,23.631411841724972,0.04692631199978358,102.23896980336451,0.045859767747644734,-0.009947887214535368,0.18141184172497304,0.0022020787579010324,1.9394433509092064,0.36076670488937723
-3813050.0000,3815,23.923079679457828,0.050124964437627706,20.663550022416132,0.017688080853263663,0.04690036093253281,0.4730796794578289,0.0025125120598734423,2.0438798804030966,0.4652032343832675
-3818050.0000,3820,23.837769195114557,0.05265954874658546,299.1272784508277,-0.046000252772169244,0.025632105241094542,0.3877691951145579,0.00277302807419401,2.10406847058671,0.5253918245668807
-3823050.0000,3825,23.393634328688417,0.054530482813497295,216.8848956973476,-0.03272970792107062,-0.043615820240762763,-0.05636567131158188,0.0029735735558731238,2.11527645532591,0.5365998093060809
-3828050.0000,3830,22.818268670980093,0.05554413150813788,133.32162932519088,0.04040912259011387,-0.038108442063281255,-0.6317313290199067,0.0030851505449933153,2.0766223821061893,0.49794573608636017
-3833050.0000,3835,22.456522317114274,0.055577994863824,48.345541458791104,0.04152602721827505,0.03693917401012543,-0.9934776828857252,0.0030889135130832465,1.9911453750560324,0.41246872903620324
-3838050.0000,3840,22.537517451217152,0.05463862078215914,322.8360959158085,-0.03300703711495226,0.043542098960302277,-0.9124825487828474,0.002985378880976593,1.8655662830254496,0.2868896370056204
-3843050.0000,3845,23.007859764080216,0.05263377901306649,238.02646497386388,-0.044648854504170825,-0.02787103307489163,-0.44214023591978346,0.0027703146931963188,1.7097590829905298,0.13108243697070066
-3848050.0000,3850,23.577308049806334,0.04945955860545148,154.6178713937444,0.021201005437216917,-0.04468517993582647,0.12730804980633437,0.00244624793744609,1.535974775582664,-0.04270187043716511
-3853050.0000,3855,23.93425939640834,0.045110239747530596,72.48999002691426,0.04302002975827445,0.013572426816043993,0.4842593964083406,0.0020349337300796895,1.35787779896976,-0.22079884705006925
-3858050.0000,3860,23.929988158988262,0.03976330489108154,351.2980579821751,-0.006015962364133258,0.03930557991805288,0.4799881589882631,0.0015811204158611093,1.1894719599895391,-0.38920468603029
-3863050.0000,3865,23.595700513309207,0.033651748798300365,271.09746094671095,-0.03364557578448027,0.0006445365115374367,0.1457005133092082,0.00113244019718391,1.0439989577953481,-0.534677688224481
-3868050.0000,3870,23.121568957773288,0.027032411620292685,192.64614084155323,-0.005918181160780728,-0.02637662620118644,-0.32843104222671116,0.000730751278008935,0.9328975204118498,-0.6457791256079793
-3873050.0000,3875,22.728161768549516,0.020600801670802138,118.18737779317331,0.01815770178202037,-0.009730924697835163,-0.7218382314504836,0.0004243930294797242,0.8649036638384224,-0.7137729821814067
-3878050.0000,3880,22.58543262242543,0.015718070372404414,52.466894677945675,0.012464452870523807,0.009575758501045662,-0.8645673775745699,0.0002470577362318574,0.8453639756444609,-0.7333126703753683
-3883050.0000,3885,22.76259123164649,0.014415596335037103,356.9760618645954,-0.0007604685246745059,0.01439552379448954,-0.6874087683535102,0.00020780941769473515,0.8758150424361411,-0.7028616035836881
-3888050.0000,3890,23.14914149088785,0.01737194332899558,298.39689662665273,-0.015281652666499529,0.008261689101285642,-0.3008585091121496,0.0003017844150258341,0.9538626336474625,-0.6248140123723667
-3893050.0000,3895,23.561262590353767,0.0225218358286563,229.54997853925715,-0.01713849058281961,-0.014611818149551073,0.11126259035376762,0.0005072330890929466,1.0733699907280316,-0.5053066552917975
-3898050.0000,3900,23.798935832626793,0.028030381914232454,154.33437226541378,0.012140475348610236,-0.02526482077054015,0.3489358326267933,0.0007857023102577299,1.2249401791039414,-0.3537364669158878
-3903050.0000,3905,23.722714592023387,0.03314807587479351,75.70559826325393,0.03212180682460273,0.00818440349225114,0.2727145920233873,0.0010987949342010674,1.3966551973187058,-0.18202144870112336
-3908050.0000,3910,23.37342862126816,0.03759346658422708,354.93591110641046,-0.0033183750597415274,0.03744672371225931,-0.07657137873183828,0.0014132687298193984,1.5750127822452842,-0.003663863774544973
-3913050.0000,3915,22.948352774076294,0.04118189458885392,272.45491381019474,-0.04114409934784051,0.001763953169022806,-0.5016472259237048,0.0016959484419274758,1.7459884514527724,0.16731180543294322
-3918050.0000,3920,22.72077735682174,0.043866346036781745,188.64492101008955,-0.006593572481330659,-0.043367973396875675,-0.7292226431782609,0.0019242563146186775,1.8961379129000067,0.3174612668801775
-3923050.0000,3925,22.849451564621948,0.0456863774777904,104.41116555301699,0.04424884095109102,-0.011370363297986737,-0.6005484353780517,0.0020872450870431537,2.0136545710057288,0.4349779249858996
-3928050.0000,3930,23.224967895475647,0.046686346262627666,20.670522356309277,0.01647997807488044,0.04368094836430899,-0.2250321045243524,0.002179614927353968,2.089297619145904,0.5106209731260749
-3933050.0000,3935,23.571782060197094,0.04689982190521488,297.7582446325023,-0.04150261986479938,0.021843210366125968,0.12178206019709492,0.0021995932947408733,2.1171189284028324,0.5384422823830033
-3938050.0000,3940,23.648618932799277,0.04628813790702112,215.22606299561767,-0.02669918140997488,-0.03781197459716508,0.19861893279927756,0.0021425917108994054,2.0949306411829305,0.5162539951631013
-3943050.0000,3945,23.418255906329808,0.04487899256582967,132.17194006605962,0.03326132370094193,-0.030129857606450004,-0.031744093670191376,0.0020141239737237943,2.0244772973952854,0.4458006513754562
-3948050.0000,3950,23.056342894666937,0.042704266674334954,47.999733179666634,0.0317353217350165,0.02857487964222604,-0.3936571053330624,0.001823654392192715,1.911298733904582,0.3326220878847528
-3953050.0000,3955,22.82412141942609,0.039706617102462836,322.65909552737276,-0.024084292735921345,0.031568374762284496,-0.6258785805739109,0.0015766154417215942,1.7642943579635535,0.18561771194372434
-3958050.0000,3960,22.87616512079645,0.03586515182411229,236.63882876673028,-0.029955318170569758,-0.019722779435631242,-0.5738348792035488,0.0012863091153666251,1.5950236117437828,0.016346965723953666
-3963050.0000,3965,23.146069844112223,0.031198143439499438,150.59569961584094,0.01531732571450364,-0.02717910386726147,-0.3039301558877767,0.0009733241540715818,1.4167967346362513,-0.16187991138357782
-3968050.0000,3970,23.444020309628065,0.02577983705749769,64.71925536738053,0.023310802051483965,0.011009382654248244,-0.005979690371933799,0.0006645999987111311,1.2436284825575308,-0.3350481634622984
-3973050.0000,3975,23.606965455198086,0.01973313360251391,338.73095904115235,-0.0071581498155275395,0.018389057969159992,0.1569654551980868,0.0003893965617746636,1.0891357344034416,-0.4895409116163876
-3978050.0000,3980,23.58471662011289,0.013193870838105175,251.5605170682437,-0.012516474688568873,-0.004173258806139023,0.13471662011288998,0.00017407822769260217,0.965467083425061,-0.6132095625947681
-3983050.0000,3985,23.41784031126904,0.0065133807849700395,158.53487718811448,0.0023834726520899434,-0.00606161590392828,-0.03215968873096031,0.00004242412925001693,0.8823472127377362,-0.696329433282093
-3988050.0000,3990,23.15997759596802,0.0015512782052808675,343.9687970467078,-0.0004284022496293297,0.0014909512341763425,-0.2900224040319799,0.000002406464070179429,0.8463124261974626,-0.7323642198223665
-3993050.0000,3995,22.89668984725771,0.006957454717000786,191.2478775925431,-0.0013570793073518872,-0.006823819450474478,-0.5533101527422879,0.000048406176139116486,0.8601964711387652,-0.718480174881064
-3998050.0000,4000,22.730847190981883,0.012863702009955836,98.30687390498656,0.012728742007010652,-0.0018584822624669445,-0.7191528090181158,0.00016547482940094182,0.9229077474733797,-0.6557688985464495
-4003050.0000,4005,22.775024247195734,0.018088889000603788,8.945486657220215,0.002812725840858646,0.01786886897988596,-0.674975752804265,0.0003272079052761647,1.0295151407168708,-0.5491615053029584
-4008050.0000,4010,23.084704789241727,0.022348323213168,280.8751980982447,-0.021946957951640044,0.004216466187362057,-0.36529521075827276,0.0004994475504402237,1.1716356235164225,-0.4070410225034067
-4013050.0000,4015,23.535569012983917,0.025525807281270473,194.01323626857584,-0.006180973238595537,-0.024766154469039528,0.0855690129839175,0.0006515668373605607,1.338093647369659,-0.2405829986501702
-4018050.0000,4020,23.875967908850882,0.027638772800564634,108.47925660192158,0.026213675393729544,-0.008760421466653855,0.42596790885088254,0.0007639017619212314,1.5157996314208044,-0.06287701459902473
-4023050.0000,4025,23.87301466308233,0.02864383209335935,23.83899642527325,0.011576918583405274,0.026200077730910813,0.4230146630823306,0.000820469116992563,1.6907795966090289,0.11210295058919972
-4028050.0000,4030,23.48592563759326,0.028601155312225915,298.9897400111904,-0.025017616695324853,0.01386163554851562,0.035925637593262394,0.0008180260851940687,1.849273661368208,0.27059701534837877
-4033050.0000,4035,22.934399420643373,0.027665072124237675,213.11432353397072,-0.01511374338746605,-0.023171771111788128,-0.5156005793566258,0.0007653562156392724,1.978818426241514,0.4001417802216849
-4038050.0000,4040,22.566743625073915,0.025911498646354107,126.08860127425493,0.020939265658531877,-0.015262795149691234,-0.8832563749260842,0.0006714057621000107,2.069226745318873,0.4905500992990437
-4043050.0000,4045,22.618176436206536,0.023446003474548407,38.55403048730744,0.014612777161660893,0.018335261725761588,-0.8318235637934634,0.000549715078928536,2.113389092995039,0.5347124469752098
-4048050.0000,4050,23.00760850652348,0.02038753812116583,311.29549622354557,-0.015317483817221322,0.013454605165189834,-0.44239149347652074,0.00041565171064199,2.1078324798713237,0.5291558338514946
-4053050.0000,4055,23.434336837383974,0.01687828587617081,224.06061821013304,-0.011737481258741694,-0.012128811475921066,-0.015663162616025517,0.00028487653411774703,2.052993679408017,0.47431703338818765
-4058050.0000,4060,23.640888429678615,0.013095576275626315,135.1991290694504,0.009227732289568781,-0.009292097437220323,0.19088842967861552,0.00017149411799074677,1.953184925664212,0.3745082796443828
-4063050.0000,4065,23.577859702548746,0.00924284655648364,40.329305908277945,0.00598178347480979,0.007046167676630608,0.12785970254874712,0.00008543021246670147,1.8162547314233028,0.2375780854034737
-4068050.0000,4070,23.384822344248835,0.006144234017649665,288.2068631224653,-0.005836620680216318,0.0019197579792553405,-0.06517765575116385,0.000037751611663643344,1.6529709297505186,0.07429428373068947
-4073050.0000,4075,23.217576390020287,0.006174391049064199,154.52239439273376,0.002655965453229919,-0.005573953026175704,-0.2324236099797119,0.000038123104826764105,1.4761736606997886,-0.10250298532004054
-4078050.0000,4080,23.127130596814425,0.009756392418160242,39.461157908223186,0.006200723715727109,0.0075324775750316075,-0.32286940318557455,0.00009518719301713465,1.2997659928841825,-0.27891065313564667
-4083050.0000,4085,23.071902347352584,0.01458006331697079,301.75316799928623,-0.012397765050000892,0.007672917834295743,-0.37809765264741557,0.0002125782463268773,1.1376202596702343,-0.4410563863495949
-4088050.0000,4090,23.022303482373466,0.019660095645892155,210.05083047886706,-0.009845148851626167,-0.017017414753567935,-0.4276965176265328,0.00038651936080562766,1.002487514184141,-0.5761891318356882
-4093050.0000,4095,23.030562694205937,0.02461029673862094,120.72690713941927,0.02115531665164124,-0.012574549015044921,-0.41943730579406235,0.0006056667055629765,0.9049944643336139,-0.6736821816862153
-4098050.0000,4100,23.15691525609147,0.029097323472848866,32.656476194711445,0.015700942652674035,0.02449764546035073,-0.2930847439085298,0.0008466542332836016,0.8528080540348405,-0.7258685919849887
-4103050.0000,4105,23.357901505866018,0.03289663790709435,305.59499016346945,-0.02674995564657803,0.019147549673433024,-0.09209849413398175,0.001082188785590477,0.8500323186479728,-0.7286443273718564
-4108050.0000,4110,23.481689156818085,0.03580302510449023,219.43000995887996,-0.022739760177911607,-0.027654292861756982,0.031689156818085706,0.0012818566066327578,0.8968857212700032,-0.6817909247498259
-4113050.0000,4115,23.395946038804233,0.037645912615548276,133.71047834336423,0.027212000994880227,-0.026013875884076453,-0.05405396119576622,0.001417214736657497,0.9896839342111289,-0.5889927118087003
-4118050.0000,4120,23.140677238413666,0.03832521475987736,47.95849416046684,0.02846260028538081,0.02566519961709555,-0.30932276158633343,0.0014688220863907215,1.121129445802429,-0.45754720021740014
-4123050.0000,4125,22.929174404063108,0.03775119406719384,322.0190182825286,-0.023232080136698655,0.02975605998819305,-0.5208255959368913,0.0014251526534989317,1.2808855932752423,-0.29779105274458684
-4128050.0000,4130,22.97421737879036,0.03599869388840545,236.4221257856584,-0.029991767534549352,-0.01990979261129235,-0.475782621209639,0.00129590596167112,1.4563891480762399,-0.12228749794358929
-4133050.0000,4135,23.266435391387763,0.03322987308672194,152.267881187096,0.015463132843017076,-0.02941285412942535,-0.18356460861223667,0.0011042244653596473,1.633838596492973,0.05516195047314376
-4138050.0000,4140,23.56419339140783,0.02963188024501277,70.34248480616384,0.027904941435791156,0.009968077563895858,0.1141933914078308,0.000878048326854778,1.7992791329847109,0.22060248696488172
-4143050.0000,4145,23.610084442216113,0.025503805251779532,350.9210762530164,-0.004024368776883793,0.02518429149824033,0.16008444221611384,0.0006504440823206973,1.939700433664393,0.3610237876445639
-4148050.0000,4150,23.346810225277913,0.021198951552655672,274.31129916801615,-0.021138965467790094,0.001593639194868225,-0.10318977472208601,0.0004493955469318423,2.044059473933298,0.46538282791346863
-4153050.0000,4155,22.969080346561242,0.017253562795788054,201.58220390938436,-0.006346477142266679,-0.016043928977369858,-0.4809196534387574,0.0002976854291482017,2.104149264817453,0.5254726187976237
-4158050.0000,4160,22.765538005545576,0.014497738354982009,134.8022649622223,0.01028676704114909,-0.010216009066687697,-0.6844619944544235,0.00021018441740951643,2.1152440745749574,0.5365674285551283
-4163050.0000,4165,22.868440544699936,0.013835725612043987,73.27060581122475,0.013250127772383692,0.0039826394799525044,-0.5815594553000629,0.00019142730321176996,2.0764712184038543,0.49779457238402514
-4168050.0000,4170,23.15809463345324,0.015456532210270655,10.564538629081198,0.002833846356777561,0.015194528712444913,-0.2919053665467608,0.00023890438796713426,1.9908796982215913,0.4122030522017621
-4173050.0000,4175,23.40602828500633,0.018599888923256206,302.5347873164319,-0.01568091660498563,0.010003235595793738,-0.043971714993670474,0.0003459558679574689,1.8652003784201996,0.28652373240037043
-4178050.0000,4180,23.497113179279825,0.02247979234688077,229.8382018305823,-0.017179646647864626,-0.014498303521908796,0.047113179279826056,0.0005053410639588792,1.7093168610074039,0.13064021498757472
-4183050.0000,4185,23.472497478700575,0.026693132352055483,153.86096677425394,0.011759682319397712,-0.023963163115732364,0.022497478700575613,0.0007125233147643511,1.5354879895546691,-0.043188656465160014
-4188050.0000,4190,23.41955298347348,0.031044500588773234,75.67932195702963,0.030079840118532493,0.007678817308014619,-0.030447016526519377,0.0009637610168063417,1.357384118799332,-0.22129252722049708
-4193050.0000,4195,23.354296464738667,0.03531416844038242,355.9986913600751,-0.0024641964764507327,0.0352280886277009,-0.09570353526133246,0.0012470904926357015,1.1890117023973255,-0.3896649436225037
-4198050.0000,4200,23.208585379025322,0.03934003119104715,275.1221965945076,-0.03918292884939985,0.0035122842845407604,-0.2414146209746768,0.0015476380541125626,1.043612148345469,-0.5350644976743602
-4203050.0000,4205,22.959585882139514,0.04298004017158962,193.06701673609996,-0.009717382405290445,-0.04186712710875693,-0.4904141178604853,0.0018472838531514576,0.9326201276708639,-0.6460565183489653
-4208050.0000,4210,22.737797911306018,0.04600427359781013,109.76992495061847,0.0432927102114322,-0.015560669388272611,-0.7122020886939815,0.0021163931892621704,0.8647645934430312,-0.7139120525767979
-4213050.0000,4215,22.753836585588516,0.048228531402817645,25.54099923970722,0.020794061729962218,0.04351549422956251,-0.6961634144114832,0.002325991241272568,0.8453820587199017,-0.7332945872999275
-4218050.0000,4220,23.083842772169966,0.04950380686912403,301.253926779056,-0.04231963196623296,0.025684151626598938,-0.36615722783003335,0.002450626894535531,0.8759970221429602,-0.702679623876869
-4223050.0000,4225,23.54552813399896,0.04972692827719816,217.73347678379525,-0.030432344643203293,-0.03932734157558715,0.0955281339989611,0.0024727673958856097,0.9542020039550674,-0.6244746420647618
-4228050.0000,4230,23.830017983017072,0.04880972439297805,135.21809687371058,0.034382060735998955,-0.034644813390528675,0.3800179830170727,0.0023823891953184766,1.0738467844985413,-0.5048298615212878
-4233050.0000,4235,23.739984175296808,0.04664966638981333,53.237697246508844,0.03737222890673967,0.027919668350880007,0.28998417529680864,0.0021761913742808794,1.2255222094351292,-0.3531544365846999
-4238050.0000,4240,23.342827539592516,0.04336999045204682,331.0907835145581,-0.02096605967625097,0.03796551610952385,-0.10717246040748307,0.0018809560718106323,1.3972998973286894,-0.18137674869113973
-4243050.0000,4245,22.917909990196087,0.03925717477647346,248.72622013682542,-0.03658208739950292,-0.014243477557314217,-0.5320900098039125,0.001541125771430584,1.5756706271642265,-0.003006018855602699
-4248050.0000,4250,22.741778041413934,0.034581969473042116,167.05621519378678,0.007746186611660486,-0.03370325215185841,-0.7082219585860656,0.0011959126126344169,1.7466064072377416,0.16792976121791248
-4253050.0000,4255,22.871864358067647,0.029728969225681186,87.64252393228662,0.029703807645917426,0.00122287470978692,-0.5781356419323522,0.0008838116112214991,1.8966640619750983,0.31798741595526914
-4258050.0000,4260,23.13351503847292,0.02521913020907733,12.033927688954918,0.005257958254611871,0.024664922531707975,-0.31648496152708105,0.0006360045285023968,2.0140421319810207,0.4353654859611915
-4263050.0000,4265,23.32600384099697,0.02174486483623476,301.02589709809297,-0.018633923164350603,0.011207856809006662,-0.12399615900302763,0.000472839146746119,2.0895093210199525,0.5108326750001233
-4268050.0000,4270,23.379208398374132,0.020007942240984487,233.74232761277528,-0.01613371266240226,-0.011833049837029009,-0.07079160162586717,0.0004003177527185713,2.11713028086688,0.5384536348470508
-4273050.0000,4275,23.359388096456644,0.020218150866839178,166.99454217970867,0.004549970891624737,-0.019699527643058788,-0.0906119035433548,0.0004087736244742698,2.094732581608102,0.516055935588273
-4278050.0000,4280,23.33956607533689,0.021900112757406196,97.42147111993631,0.021716651738742234,-0.0028287764219339685,-0.1104339246631092,0.0004796149387871056,2.0240775405797726,0.44540089455994347
-4283050.0000,4285,23.308939535556696,0.024340805295435752,24.20754742097745,0.009980781242320831,0.02220042360459029,-0.1410604644433029,0.0005924748024303131,1.9107216898326675,0.3320450438128384
-4288050.0000,4290,23.22048193290721,0.026988730399138752,308.17808020724283,-0.021215663427870807,0.01668194214930328,-0.22951806709279055,0.0007283915685573961,1.7635799505421936,0.18490330452236448
-4293050.0000,4295,23.08295890046081,0.029522960057926456,230.10871059936153,-0.022651864914231674,-0.01893404833862323,-0.36704109953918973,0.0008716051705819209,1.5942243052653107,0.015547659245481515
-4298050.0000,4300,22.999569786983173,0.03179660603103554,150.53811034242585,0.015638986853664716,-0.027684765581160117,-0.4504302130168263,0.0010110241550928857,1.415974019887833,-0.16270262613199615
-4303050.0000,4305,23.079387394561497,0.03374242936710562,69.98138935233453,0.03170376163016608,0.011550889060661982,-0.3706126054385024,0.0011385515395941118,1.2428477976496959,-0.33582884837013327
-4308050.0000,4310,23.29483966899128,0.03538474259492887,348.9972340965296,-0.006753403961875502,0.03473429923630384,-0.1551603310087195,0.0012520800085093734,1.0884616154615756,-0.49021503055825355
-4313050.0000,4315,23.471526119961297,0.036712719811987767,268.007198901596,-0.036690516108160286,-0.0012766454912582,0.021526119961297496,0.001347823795993519,0.964957511399027,-0.6137191346208022
-4318050.0000,4320,23.431584159814157,0.037577767590098954,186.73091219743355,-0.004404360689411828,-0.03731876503815547,-0.01841584018584186,0.0014120886170554913,0.8820489438462976,-0.6966277021735315
-4323050.0000,4325,23.1691551857974,0.0379065055646551,104.42809277248693,0.036710976426047585,-0.00944496553563889,-0.28084481420259877,0.001436903164123228,0.8462565806768279,-0.7324200653430013
-4328050.0000,4330,22.877880189663834,0.037674998968105916,20.671060763312028,0.013299362041656613,0.03524957470001199,-0.5721198103361651,0.0014194055472467818,0.8603956032424729,-0.7182810427773563
-4333050.0000,4335,22.813535231671327,0.03679355250024836,295.7387870664393,-0.033143015584772034,0.015978298518180525,-0.6364647683286719,0.001353765505588532,0.9233541940631286,-0.6553224519567006
-4338050.0000,4340,23.06708732696438,0.035143811214606926,210.56056800423073,-0.01786883274968739,-0.030262060122397995,-0.3829126730356194,0.0012350874666879315,1.0301809172964576,-0.5484957287233716
-4343050.0000,4345,23.466385912779323,0.032617224873223105,125.9091545108713,0.026418254148993982,-0.019130060275638607,0.016385912779323775,0.001063883358430404,1.1724742358302804,-0.4062024101895487
-4348050.0000,4350,23.72581043240495,0.029311450897067146,41.82227981917191,0.019545529186020594,0.021843384411065873,0.27581043240494907,0.0008591611536911784,1.3390430351617408,-0.23963361085808832
-4353050.0000,4355,23.667204557482545,0.02541356648767154,317.9782910030997,-0.017012149699988006,0.018879515995080486,0.21720455748254608,0.000645849361623302,1.5167870548215248,-0.061889591198304394
-4358050.0000,4360,23.3322927041353,0.021040259040012024,233.95036425704347,-0.01701120698958506,-0.012381895542617863,-0.11770729586470097,0.00044269250047080766,1.6917268576683373,0.11305021164850815
-4363050.0000,4365,22.936837892494502,0.016392201243489255,149.69131412043146,0.008272463795530418,-0.014151699698576463,-0.5131621075054973,0.0002687042616070507,1.8501036527718875,0.27142700675205833
-4368050.0000,4370,22.70867171182096,0.011714998668396794,66.47087927867864,0.010740981940221203,0.004676804545881793,-0.7413282881790408,0.00013724119380053866,1.9794610639429948,0.40078441792316566
-4373050.0000,4375,22.744795622817588,0.007298182680271367,348.27718347133225,-0.001482824532618838,0.007145957027583967,-0.7052043771824117,0.00005326347043461296,2.0696251493355353,0.49094850331570616
-4378050.0000,4380,22.979009978289543,0.003819761101409947,289.71760137371325,-0.0035957968351382507,0.0012887280520941064,-0.4709900217104561,0.00001459057487184453,2.113504337432755,0.5348276914129257
-4383050.0000,4385,23.284064927027842,0.0034777092654818026,267.07990742468553,-0.0034731936469678294,-0.0001771655324274091,-0.16593507297215737,0.000012094461735217979,2.1076473871596764,0.5289707411398472
-4388050.0000,4390,23.55466101724643,0.005711436964123157,210.84832768572005,-0.0029286375158343965,-0.004903426811526779,0.10466101724643195,0.00003262051219515234,2.052514770756858,0.4738381247370287
-4393050.0000,4395,23.70826460325049,0.007888284817813257,134.88083971531222,0.00558944810927699,-0.005566247137941597,0.25826460325049183,0.00006222503736694313,1.9524424789410832,0.3737658329212541
-4398050.0000,4400,23.679794250464617,0.009526046109827376,54.05702793032128,0.00771230246737658,0.005591595938393117,0.229794250464618,0.00009074555448655728,1.8153011373896328,0.23662449136980368
-4403050.0000,4405,23.43130017878102,0.010523318032086608,331.39457167251476,-0.005038301988801712,0.009238816778899551,-0.018699821218980617,0.00011074022240443916,1.6518768043139924,0.07320015829416326
-4408050.0000,4410,23.02007960153311,0.010926142245122757,247.17425087070512,-0.010070504095451616,-0.004238576603548458,-0.4299203984668907,0.00011938058436065616,1.4750229392238805,-0.10365370679594865
-4413050.0000,4415,22.642064016412835,0.010840487685382854,161.25748907420325,0.003483218783434997,-0.010265639783455434,-0.8079359835871642,0.00011751617325693731,1.2986491516572176,-0.28002749436261154
-4418050.0000,4420,22.546385844466165,0.010419390869996012,73.85248538215546,0.010008333923161514,0.00289775053865075,-0.903614155533834,0.00010856370610175624,1.1366275589167962,-0.4420490871030329
-4423050.0000,4425,22.84441574129943,0.009795052594359949,345.8534736398276,-0.0023939353855666253,0.009498006564327565,-0.6055842587005706,0.00009594305532627756,1.001701366853134,-0.5769752791666951
-4428050.0000,4430,23.373159323345753,0.009010961288117568,257.3788330694505,-0.008793221375725049,-0.0019689289406795533,-0.07684067665424621,0.00008119742333595341,0.9044829132922552,-0.674193732727574
-4433050.0000,4435,23.798853820930685,0.00824662101009335,167.14719428493208,0.0018344372072434166,-0.008039999889104107,0.3488538209306853,0.00006800675808411307,0.8526186971554934,-0.7260579488643357
-4438050.0000,4440,23.85840883831957,0.007741043857298949,74.0234242979547,0.007442040656204692,0.0021306785003895423,0.40840883831956987,0.000059923760000625796,0.850188136862754,-0.7284885091570752
-4443050.0000,4445,23.52547290212898,0.007662210829924054,337.21687980732236,-0.0029671450264323095,0.007064384275669287,0.07547290212897906,0.00005870947480220546,0.8973825797679905,-0.6812940662518386
-4448050.0000,4450,23.02991032621357,0.008197853855678765,237.40865599610584,-0.006906968817650966,-0.0044157207329114925,-0.42008967378642836,0.0000672048078390672,0.9904902240502018,-0.5881864219696273
-4453050.0000,4455,22.702154894573187,0.009474360239163376,137.19977785919139,0.006437298629942377,-0.006951596096608455,-0.747845105426812,0.0000897635019414399,1.1221881238267934,-0.4564885221930357
-4458050.0000,4460,22.740528908102778,0.011413527472295954,39.57407037129826,0.007271275559858523,0.008797565634507003,-0.7094710918972211,0.00013026860936085445,1.2821179405989729,-0.2965587054208563
-4463050.0000,4465,23.065767785273934,0.013675061657255643,305.61764901714196,-0.011116750392253386,0.00796399221785642,-0.3842322147260653,0.00018700731132974345,1.4577008980434847,-0.12097574797634447
-4468050.0000,4470,23.418357238818015,0.016010066620212003,214.56875415932416,-0.009084028054011668,-0.013183423967147365,-0.031642761181984724,0.0002563222331836266,1.6351268009559747,0.05645015493614558
-4473050.0000,4475,23.58009102435971,0.018271401648079933,125.71350016040594,0.014835391648056579,-0.010665611695267701,0.13009102435971087,0.0003338441181854581,1.8004405982879677,0.2217639522681385
-4478050.0000,4480,23.494917705513906,0.020230630494804603,38.21423706643003,0.012514741843243667,0.01589527120920823,0.044917705513906725,0.0004092784102173179,1.9406396381621076,0.36196299214227845
-4483050.0000,4485,23.25224445637416,0.021707856055805982,311.2954161477244,-0.0163094798429777,0.014325916438088582,-0.19775554362583847,0.00047123101453959247,2.044696717705169,0.46602007168534
-4488050.0000,4490,23.000961717725342,0.022568084207308225,224.7491812238129,-0.015888034544321892,-0.016027750406922028,-0.4490382822746568,0.0005093184247881549,2.1044271498095757,0.5257505037897465
-4493050.0000,4495,22.864948171473465,0.022749716088224382,138.79020993158923,0.014987922791216485,-0.017114664837482176,-0.5850518285265345,0.0005175495820948153,2.115132757281908,0.5364561112620787
-4498050.0000,4500,22.910783772888767,0.02229023881817942,54.096203056566765,0.01805515541540729,0.013071576396784032,-0.5392162271112326,0.0004968547465714726,2.0759713138903626,0.49729466787053345
-4503050.0000,4505,23.13012225410939,0.02128950063253788,331.4203364251067,-0.010184475541645166,0.018695435141351007,-0.3198777458906079,0.00045324283718283073,1.9900228437297605,0.4113461977099313
-4508050.0000,4510,23.43914589481278,0.020021580315378134,251.42702850294938,-0.01897883177107957,-0.006377117133172164,-0.010854105187220853,0.00040086367832513716,1.8640474752542473,0.28537082923441814
-4513050.0000,4515,23.684094933288936,0.01879463445557811,174.63238897522797,0.0017581537189533787,-0.018712220066559027,0.2340949332889366,0.00035323828431880393,1.70795358150468,0.12927693548485086
-4518050.0000,4520,23.699901809562554,0.017876187819639212,100.6831819448301,0.01756634437909565,-0.0033138551745711597,0.24990180956255514,0.00031955809096301734,1.5340187172066344,-0.04465792881319475
-4523050.0000,4525,23.41153132346096,0.01755328788454866,28.170291509532433,0.008286797253942865,0.015474072083000253,-0.03846867653903985,0.0003081179155578428,1.3559236286287677,-0.22275301739106146
-4528050.0000,4530,22.918603809574847,0.0179658480127045,315.1924278236895,-0.012661035783620852,0.012746366843201656,-0.5313961904251521,0.00032277169481559825,1.1876765510341234,-0.39100009498570576
-4533050.0000,4535,22.505378919551852,0.019029379305474804,240.16088467819884,-0.01650657783014412,-0.009468377109569902,-0.9446210804481474,0.00036211727675163275,1.0425110241189797,-0.5361656219008495
-4538050.0000,4540,22.480039684288503,0.020503846152690162,163.06415832878065,0.005972784252400804,-0.019614626056273926,-0.9699603157114964,0.00042040770705318713,0.9318453296191362,-0.6468313164006929
-4543050.0000,4545,22.916334409851256,0.022075794924063953,85.21638419083297,0.021998899342111734,0.0018409642215327494,-0.5336655901487433,0.0004873407215293278,0.8643840652700769,-0.7142925807497522
-4548050.0000,4550,23.56834798640762,0.02355200878722095,7.857876208746234,0.0032199432054533174,0.02333086118571254,0.11834798640762045,0.0005546971179133329,0.8454336741584337,-0.7332429718613954
-4553050.0000,4555,24.0412959275885,0.024963359278850145,291.46749764546996,-0.023231534330856504,0.00913592464500388,0.5912959275885008,0.0006231693064849537,0.8764848934512841,-0.702191752568545
-4558050.0000,4560,24.05561545878027,0.026382097517500515,215.60984637337947,-0.015361311180658385,-0.02144866401979122,0.6056154587802709,0.0006960150694229068,0.9550955038249723,-0.6235811421948568
-4563050.0000,4565,23.59766017086297,0.02787937904205353,139.18937575757553,0.01822087375443697,-0.021101173791885693,0.14766017086297012,0.0007772597757704936,1.0750824560097043,-0.5035941900101248
-4568050.0000,4570,22.92333102772556,0.02948702574825753,61.18263310813677,0.02583537063482539,0.014213314590186358,-0.5266689722744395,0.0008694846874784025,1.2270080204384166,-0.35166862558141254
-4573050.0000,4575,22.425733641556224,0.03118460601582039,341.2065931929766,-0.010046331617132937,0.029522040468106813,-1.024266358443775,0.0009724796523619413,1.3989223476588046,-0.17975429836102452
-4578050.0000,4580,22.387576779117904,0.03295628795360779,259.9154633842945,-0.03244712890336427,-0.005770679475553717,-1.0624232208820956,0.001086116915681114,1.5773030842842686,-0.00137356173556058
-4583050.0000,4585,22.795253301996958,0.034673341624082823,178.60904627188665,0.0008416724055138372,-0.03466312459865889,-0.6547466980030414,0.0012022406193803545,1.748119343023968,0.16944269700413894
-4588050.0000,4590,23.373667184709255,0.03608843440692552,98.07195604908725,0.03573088840684369,-0.005067416659467467,-0.0763328152907441,0.0013023750979429655,1.8979349766742966,0.3192583306544674
-4593050.0000,4595,23.807212136430707,0.037036704731127676,18.273960380564574,0.011613263632281833,0.035168872673827,0.35721213643070726,0.0013717174973407352,2.014965788752303,0.436289142732474
-4598050.0000,4600,23.9106217255536,0.03738660651190939,298.8126212976148,-0.03275816468525274,0.018018351559735028,0.4606217255536009,0.001397758346476346,2.090006168349766,0.5113295223299368
-4603050.0000,4605,23.667133483345882,0.03708401758187424,219.20307287345395,-0.023439727011023873,-0.02873679797161534,0.2171334833458829,0.0013752243600127579,2.117153446989759,0.5384768009699299
-4608050.0000,4610,23.213945209989486,0.03618295015413242,139.2270331018434,0.023629759306842982,-0.027401466328594512,-0.23605479001051322,0.0013092058818564313,2.0942720705628677,0.5155954245430385
-4613050.0000,4615,22.782579080264313,0.0347980473150368,59.09808393678884,0.029858385562661755,0.017871231309872636,-0.6674209197356866,0.00121090409693954,2.0231616662823964,0.4444850202625672
-4618050.0000,4620,22.59493681456823,0.033189737747400236,339.4014507117116,-0.01167674541398547,0.03106786616873089,-0.8550631854317707,0.0011015586917412041,1.9094155656115583,0.3307389195917292
-4623050.0000,4625,22.751634090608572,0.03169924389260697,261.0273825054469,-0.03131133993301985,-0.0049438906704999735,-0.698365909391427,0.0010048420633629802,1.7619807261768425,0.18330408015701338
-4628050.0000,4630,23.165635587248605,0.03064507531405188,184.5230907937647,-0.0024166969136490257,-0.030549635301120554,-0.284364412751394,0.0009391206410039118,1.5924542283891774,0.013777582369348229
-4633050.0000,4635,23.60240864167871,0.030294194447087704,109.66191086227161,0.028527874209678273,-0.010193066774760805,0.15240864167871138,0.0009177382171979595,1.4141707791853781,-0.164505866834451
-4638050.0000,4640,23.801117116901818,0.030705125323049812,35.51685499515793,0.01783790990812401,0.02499227263003199,0.35111711690181835,0.0009428047211041948,1.2411541650433335,-0.3375224809764956
-4643050.0000,4645,23.6298864560405,0.03168756097107939,320.70358324044946,-0.0200687614459991,0.024522363962706645,0.17988645604049935,0.0010041015202958735,1.087013787764799,-0.4916628582550302
-4648050.0000,4650,23.167676757742306,0.03295417830504103,244.0097361291946,-0.029621473633779295,-0.014441127640311012,-0.2823232422576929,0.0010859778677604368,0.963874493588736,-0.6148021524310932
-4653050.0000,4655,22.693100762490946,0.03416906011548376,164.95435048079264,0.00886989674356029,-0.032997721147590205,-0.7568992375090531,0.0011675246691755432,0.8814225050879693,-0.6972541409318599
-4658050.0000,4660,22.539386070441733,0.03506605163792964,84.0495788260273,0.03487711480284762,0.003635222208192425,-0.9106139295582665,0.001229627977473948,0.8461437262451109,-0.7325329197747182
-4663050.0000,4665,22.848462882798223,0.03552621129728214,2.8107117057361393,0.0017420810700982954,0.03548347281037106,-0.6015371172017758,0.001262111689139137,0.860813362992189,-0.7178632830276401
-4668050.0000,4670,23.435891671797187,0.03548827695792292,282.7288938746526,-0.03461610119835499,0.007819420647815874,-0.014108328202812714,0.001259417801442243,0.924277662804241,-0.6543989832155882
-4673050.0000,4675,23.92053017163462,0.03501237825891365,204.2485072923821,-0.014379412142844383,-0.03192333218464934,0.4705301716346213,0.0012258666313452492,1.0315446663105772,-0.547131979709252
-4678050.0000,4680,23.983990122105965,0.03426502910563092,126.82394505475969,0.02742850329216293,-0.020537025752565576,0.5339901221059655,0.0011740922196097343,1.1741767201864923,-0.4044999258333368
-4683050.0000,4685,23.559714223346973,0.03337601843412363,49.37937844456172,0.025333634085207505,0.02172937160968474,0.10971422334697323,0.0011139586065149606,1.340954382607431,-0.2377222634123981
-4688050.0000,4690,22.878015560213612,0.03249473880585978,330.90212932454426,-0.015802285958371076,0.028393587454756706,-0.5719844397863874,0.0010559080500610492,1.5187586510509814,-0.059917994968847754
-4693050.0000,4695,22.361457931899952,0.031682722689504374,251.13076002344462,-0.0299800653540126,-0.010246492004055273,-1.0885420681000468,0.0010037949170200353,1.6936032478938516,0.11492660187402248
-4698050.0000,4700,22.35011800765555,0.030897333790944816,170.70733312300604,0.0049892246787865135,-0.030491849279662392,-1.09988199234445,0.0009546452353890603,1.8517344426382987,0.2730577966184695
-4703050.0000,4705,22.848600545503473,0.030103389487099272,90.73668679039997,0.030100901203258413,-0.0003870469786412246,-0.6013994544965264,0.000906214058611999,1.980713306091399,0.4020366600715699
-4708050.0000,4710,23.54139373310812,0.02920339203698054,12.017835898103272,0.006080618538492189,0.02856333637121062,0.09139373310812005,0.0008528381064655783,2.0703938781263287,0.49171723210649954
-4713050.0000,4715,24.035473311339636,0.028079640349723895,294.5369734463975,-0.025543865646027814,0.011660923206484219,0.5854733113396371,0.0007884662021698423,2.113721555399305,0.535044909379476
-4718050.0000,4720,24.09118598503392,0.026689707088030968,217.87011346791314,-0.01638410432529501,-0.021068972208029984,0.6411859850339212,0.0007123404644448905,2.10728787122145,0.5286112252016208
-4723050.0000,4725,23.710479455817215,0.025044233907010972,141.55691315034016,0.015570925550852757,-0.019615298353042678,0.2604794558172152,0.0006272136519890781,2.051598734287082,0.4729220882672529
-4728050.0000,4730,23.093580561608924,0.02330815545112901,65.21334683112093,0.02116089544455072,0.009771725258048728,-0.35641943839107526,0.0005432701105339949,1.9510346785980497,0.37235803257822053
-4733050.0000,4735,22.538521644483833,0.021782912320198994,348.8633736025629,-0.004207352517173987,0.021372726872013942,-0.9114783555161665,0.00047449526914947714,1.8135061963588737,0.2348295503390445
-4738050.0000,4740,22.319439021298063,0.02075832802343256,272.80538583790906,-0.020733450018819044,0.0010159885066073008,-1.1305609787019364,0.00043090818232842555,1.6498317037624655,0.07115505774263631
-4743050.0000,4745,22.551729592602623,0.02044426652292163,197.20138131285273,-0.00604600502365447,-0.01952981968463096,-0.8982704073973764,0.000417968033660254,1.4728862706633268,-0.10579037535650238
-4748050.0000,4750,23.121880211314803,0.020825666536744933,121.94046021732368,0.017672625466236963,-0.011017563062211648,-0.3281197886851963,0.0004337083866996977,1.2965891650739216,-0.2820874809459075
-4753050.0000,4755,23.743032594276976,0.021636413411155138,46.41254289785701,0.015671747804715936,0.014917463123594276,0.29303259427697625,0.00046813438529841393,1.1348085573646376,-0.44386808865519156
-4758050.0000,4760,24.0967058413829,0.022563386066194714,329.8673944678884,-0.011326887292567572,0.01951430283237454,0.6467058413829001,0.0005091063907721498,1.0002709458105374,-0.5784057002092917
-4763050.0000,4765,23.983411182144458,0.023294268051350903,251.71975859672852,-0.02211869258494144,-0.007306597182070733,0.5334111821444587,0.0005426229240481873,0.9035596961497594,-0.6751169498700698
-4768050.0000,4770,23.42999727227582,0.023521047650059992,171.32077784362377,0.003549381156075972,-0.023251700496206413,-0.020002727724179437,0.0005532396825563927,0.8522827578250258,-0.7263938881948033
-4773050.0000,4775,22.72260293455171,0.023094488929209685,88.25800431449602,0.02308381575026071,0.0007020465151286869,-0.7273970654482902,0.0005333554189013887,0.8504739646689266,-0.7282026813509026
-4778050.0000,4780,22.305189191586106,0.021953130532228193,2.998605713502343,0.0011484045837108936,0.021923072482596083,-1.1448108084138937,0.00048193994016504973,0.8982757861962901,-0.680400859823539
-4783050.0000,4785,22.48139656879031,0.020127024775796257,277.0327776216293,-0.019975594486331183,0.002464295283275053,-0.9686034312096901,0.0004050971263255164,0.9919280834329374,-0.5867485625868918
-4788050.0000,4790,23.132933739549696,0.017731908016183913,192.1985980350213,-0.0037467677695936443,-0.017331540415529763,-0.3170662604503036,0.0003144205618944073,1.12406377223774,-0.45461287378208914
-4793050.0000,4795,23.801578547067816,0.014889023892066021,109.29356689285629,0.014052827357491107,-0.0049194588847821805,0.35157854706781677,0.00022168303245851282,1.2842885184332284,-0.2943881275866007
-4798050.0000,4800,24.052340714467896,0.011807237014748796,27.815221927108325,0.005509512216273783,0.010442993874420497,0.6023407144678963,0.00013941084592245407,1.4599981242738485,-0.1186785217459807
-4803050.0000,4805,23.74345440660901,0.008673999240749432,307.08371453377197,-0.006919729295265324,0.005230259009721086,0.2934544066090119,0.00007523826282852174,1.6373703558498967,0.0586937098300675
-4808050.0000,4810,23.0907856468028,0.0055992654481529704,226.8683429227002,-0.004086257933934285,-0.0038280895569773174,-0.3592143531971992,0.000031351773558879684,1.8024519208826877,0.22377527486285853
-4813050.0000,4815,22.536905816707414,0.0027604704806265226,150.53298939948468,0.0013579371277067812,-0.0024033734690234645,-0.9130941832925856,0.000007620197274410425,1.9422564817552568,0.3635798357354276
-4818050.0000,4820,22.459904993330717,0.0006468092174399069,131.95819679768653,0.00048098856733610394,-0.00043244902804514087,-0.9900950066692822,4.183621637652248e-7,2.045785921536842,0.46710927551701276
-4823050.0000,4825,22.88029023865131,0.002221663149484264,136.02632426442392,0.001542562486957075,-0.0015988396178507533,-0.5697097613486903,0.000004935787149776339,2.104895830248276,0.5262191842284467
-4828050.0000,4830,23.479021670710093,0.004189120352888623,63.79232116384469,0.0037584753898209622,0.001850024884993677,0.029021670710093872,0.000017548729330985703,2.1149360163283193,0.5362593703084901
-4833050.0000,4835,23.884491663465013,0.006091444553649027,347.94603327351297,-0.0012720941093472043,0.0059571363361219576,0.434491663465014,0.0000371056967501804,2.075116473358149,0.49643982733831993
-4838050.0000,4840,23.90235699628547,0.007919085058449328,271.15794933143263,-0.007917467857164504,0.000160034039261395,0.4523569962854701,0.0000627119081629554,1.9885695403652794,0.4098928943454503
-4843050.0000,4845,23.555684405210304,0.009605121841358517,192.63533689422638,-0.0021010732589543165,-0.009372505361313458,0.10568440521030453,0.00009225836558734243,1.862103441193312,0.2834267951734828
-4848050.0000,4850,23.02315524967524,0.011107762958299754,111.99903391349784,0.010299008634767048,-0.004160867587267096,-0.4268447503247579,0.0001233823979377761,1.7056669028233196,0.1269902568034904
-4853050.0000,4855,22.55488845043498,0.012322176012818204,29.533716535168082,0.006074039821184631,0.010721103578528457,-0.8951115495650193,0.00015183602169087233,1.5315662804205512,-0.04711036559927795
-4858050.0000,4860,22.389814769482072,0.013112292156989176,305.8775480652033,-0.010624514723073563,0.007684522920092892,-1.0601852305179271,0.00017193220561023987,1.3534977751696926,-0.22517887085013655
-4863050.0000,4865,22.64656443123604,0.01330633216501811,222.1172648392801,-0.008923893886365454,-0.009870288424898477,-0.8034355687639589,0.00017705847568579556,1.185469636740292,-0.3932070092795372
-4868050.0000,4870,23.23778117487331,0.0127700672018966,139.29373164813904,0.008328399570086738,-0.009680515324192939,-0.21221882512669055,0.00016307461634095525,1.040700517142261,-0.5379761288775682
-4873050.0000,4875,23.885038783613858,0.011544501605734598,58.65197486208183,0.009859270711915677,0.006005855339081224,0.4350387836138587,0.00013327551732480872,0.9305792298531657,-0.6480974161666635
-4878050.0000,4880,24.237926716742102,0.009673020592952403,342.2868869539732,-0.002943027006956062,0.009214440809295402,0.7879267167421027,0.00009356732739168126,0.8637690810261807,-0.7149075649936485
-4883050.0000,4885,24.053735448675436,0.007375575827404156,273.86911131409727,-0.007358765426223806,0.0004976848275783264,0.6037354486754367,0.0000543991187857885,0.8455260891263127,-0.7331505568935165
-4888050.0000,4890,23.359539696779414,0.005705273262650047,220.93996291946905,-0.0037384821473926103,-0.004309744103208014,-0.09046030322058485,0.00003255014300150951,0.8772856035826695,-0.7013910424371597
-4893050.0000,4895,22.502834308287294,0.006619904788420252,175.51095271148165,0.0005181301682259763,-0.006599596998038858,-0.9471656917127049,0.00004382313940774938,0.9565493171918398,-0.6221273288279894
-4898050.0000,4900,22.02784985080709,0.009966565892098418,110.97281486493762,0.00930628445271633,-0.003567282630612533,-1.422150149192909,0.00009933243568153953,1.0770817095397938,-0.5015949364800354
-4903050.0000,4905,22.287585069575726,0.014327373539954388,33.63415915650688,0.007935760704710589,0.011928844646107032,-1.1624149304242728,0.00020527363255338512,1.2294007230425978,-0.3492759229772313
-4908050.0000,4910,23.107513701219634,0.018918372941317565,312.8865187883107,-0.013861549486351314,0.012874870119120044,-0.34248629878036496,0.0003579048347467766,1.4015234459902093,-0.17715320002961987
-4913050.0000,4915,23.94446165704115,0.02328041737291498,231.98742923549867,-0.01834207415053433,-0.014336880724670268,0.49446165704114975,0.0005419778330571217,1.5799090979368453,0.001232451917016153
-4918050.0000,4920,24.30351784054911,0.027247137572301024,151.33939980571165,0.013068277812533948,-0.023908714329681783,0.8535178405491095,0.0007424065058838982,1.750523928110842,0.17184728209101285
-4923050.0000,4925,24.020463011390078,0.030687887688680734,70.40299520271083,0.028910291414285198,0.010292788792848622,0.5704630113900784,0.0009417464507930826,1.899945616004428,0.32126896998459875
-4928050.0000,4930,23.30786988054185,0.03345181199880922,348.3185255816205,-0.006773010798323412,0.0327589690120045,-0.14213011945814813,0.0011190237260036765,2.0164188771402074,0.43774223112037824
-4933050.0000,4935,22.618606657154945,0.03551037899686387,264.74386048786675,-0.035361062008929516,-0.003253046280265996,-0.831393342845054,0.0012609870165009108,2.0907805795922614,0.5121039335724322
-4938050.0000,4940,22.36302744345932,0.03691629441651075,180.3948591218293,-0.00025441001647899113,-0.03691541776805483,-1.0869725565406796,0.0013628127934465029,2.1171804055514807,0.5385037595316515
-4943050.0000,4945,22.628853364537918,0.03779215131421135,96.65617544554021,0.03753741703857943,-0.004380527711134041,-0.8211466354620818,0.0014282467009562464,2.0935412825790523,0.5148646365592231
-4948050.0000,4950,23.169624842211178,0.038208340814865446,14.547366984758128,0.009597182339648104,0.036983393556628344,-0.2803751577888214,0.0014598773078249127,2.021722769007753,0.4430461229879239
-4953050.0000,4955,23.645875298360856,0.038195542269921175,294.0527767220499,-0.034879039139938804,0.015567661287680694,0.19587529836085693,0.0014588994492933352,1.9073747448643155,0.3286980988444863
-4958050.0000,4960,23.833607392229172,0.037852218792304285,214.5630426526459,-0.02147404374206383,-0.03117139574777496,0.38360739222917317,0.0014327904675004736,1.7594931018924105,0.18081645587258133
-4963050.0000,4965,23.6847606273698,0.0371699681918845,135.4877711527024,0.026058432911418516,-0.026505935365249905,0.23476062736980197,0.0013816065353857055,1.5897118144916003,0.011035168471771106
-4968050.0000,4970,23.294846726196717,0.03605477606830042,56.285404957540095,0.02999082274790353,0.020012431842210493,-0.1551532738032826,0.0012999468773352886,1.4113879885118892,-0.16728865750793998
-4973050.0000,4975,22.85310112925904,0.034478079963638365,336.6630455204588,-0.013658070653807471,0.03165746521745929,-0.5968988707409579,0.0011887379979790412,1.2385506949996261,-0.34012595102020304
-4978050.0000,4980,22.579987576985616,0.032505385452217046,256.86501295538835,-0.031654959519865876,-0.007386719244214998,-0.8700124230143835,0.0010566000833972036,1.0847976304372229,-0.4938790155826063
-4983050.0000,4985,22.662237614462843,0.0303262071558127,177.94475685304235,0.0010875908229114025,-0.030306698709347813,-0.7877623855371567,0.0009196788404572655,0.9622249928830462,-0.616451653136783
-4988050.0000,4990,23.109991686756004,0.028189989660514784,101.72676054002363,0.027601607916665983,-0.005729463977945237,-0.3400083132439953,0.0007946755170599305,0.8804761338902368,-0.6982005121295923
-4993050.0000,4995,23.688864002808412,0.026469272147819682,29.49378772262503,0.013031595294164828,0.02303909486339348,0.23886400280841258,0.0007006223680353428,0.8459826153108893,-0.7326940307089399
-4998050.0000,5000,24.05423983358642,0.025824261838900697,320.6602166092878,-0.016370465365286534,0.019972490161420952,0.6042398335864192,0.0006668924995241028,0.8614583534654647,-0.7172182925543644
-5003050.0000,5005,23.930379049828453,0.026852666155472344,252.62271008527853,-0.025627077794755742,-0.00801988549536632,0.4803790498284535,0.0007210656796572499,0.9256860039164999,-0.6529906421033292
-5008050.0000,5010,23.307001780952408,0.02961513259813499,182.03922122816562,-0.001053813359192282,-0.029596377416993207,-0.14299821904759114,0.0008770560788051177,1.0336126700020474,-0.5450639760177818
-5013050.0000,5015,22.52951839376858,0.033644632548504756,106.97054526314423,0.03217957475859357,-0.009820196926742004,-0.9204816062314194,0.0011319612993239056,1.176747532101469,-0.40192911391836006
-5018050.0000,5020,22.11789775536609,0.03823002312933263,27.624289238810093,0.017726179022958425,0.0338720717659156,-1.3321022446339086,0.001461534668469308,1.3438296095880478,-0.2348470364317814
-5023050.0000,5025,22.410176613391858,0.042767079804240826,305.85026996262513,-0.03466486846066602,0.025047355341173756,-1.0398233866081412,0.0018290231149823036,1.52171397836857,-0.056962667651259125
-5028050.0000,5030,23.233452959768908,0.046951995921795324,224.01758313361313,-0.03262596026151769,-0.03376442859066555,-0.21654704023109161,0.002204489921040285,1.6964055899786845,0.11772894395885536
-5033050.0000,5035,24.04126600678577,0.050479012803511525,143.39325904150405,0.0301016107839435,-0.040521892377196014,0.5912660067857693,0.0025481307336170803,1.8541606824309182,0.2754840364110891
-5038050.0000,5040,24.34946603787731,0.052993775762550634,63.62399886899493,0.04747701354390811,0.023543012859935004,0.8994660378773105,0.002808340269571499,1.9825677207559842,0.40389107473615504
-5043050.0000,5045,24.01132709108496,0.05437289300222743,343.54361067159834,-0.015403049844989735,0.052145541984952415,0.5613270910849621,0.002956411493431673,2.071524207785421,0.49284756176559186
-5048050.0000,5050,23.256396468174817,0.05470739254685049,262.13301228775674,-0.0541925134116805,-0.0074880097088626685,-0.19360353182518253,0.0029928987992751924,2.114031262848965,0.5353546168291359
-5053050.0000,5055,22.53042799812634,0.0541466728376925,179.10800417586188,0.0008429356484418579,-0.05414011118278843,-0.9195720018736608,0.0029318621793921066,2.1067444693380075,0.5280678233181784
-5058050.0000,5060,22.235286852112765,0.05278187103675459,95.21124195144023,0.05256370226692436,-0.004794070726921309,-1.2147131478872346,0.0027859259101405934,2.0502369446744746,0.47156029865464544
-5063050.0000,5065,22.475713046103618,0.05072764166983053,11.789350504559252,0.01036437283048847,0.04965756141025613,-0.9742869538963816,0.0025732936293827264,1.9489542683201901,0.370277622300361
-5068050.0000,5070,23.04098961841458,0.0482082722358773,289.9575073148128,-0.04531317348510143,0.016454598769874606,-0.4090103815854178,0.0023240375119684582,1.8108648675289332,0.232188221509104
-5073050.0000,5075,23.616273334775975,0.04533295577435577,210.13360495844495,-0.022757963284046615,-0.039206529894925436,0.16627333477597617,0.002055076879239696,1.646832915448033,0.06815626942820385
-5078050.0000,5080,23.963077160697352,0.042126330470927426,131.94988241939586,0.031330609058042615,-0.028160622418509973,0.5130771606973532,0.0017746277189457885,1.469763878564531,-0.1089127674552981
-5083050.0000,5085,23.97269180901814,0.03873807263576352,54.762680451775736,0.0316400671690262,0.022350490398942054,0.5226918090181414,0.0015006382715336902,1.293588841954558,-0.2850878040652711
-5088050.0000,5090,23.63377223882016,0.03534409184493036,338.14801582670043,-0.013155427716671022,0.03280456599216513,0.18377223882016125,0.0012492048283428729,1.1321688200288291,-0.44650782599100003
-5093050.0000,5095,23.065844294743115,0.03206212062965503,261.95206903216354,-0.03174635031148475,-0.0044887438299643,-0.3841557052568838,0.0010279795792705506,0.9982038545212244,-0.5804727914986048
-5098050.0000,5100,22.542422697435452,0.029019609606938133,186.53963573798706,-0.003305058252231369,-0.028830787913070522,-0.9075773025645475,0.000842137741739096,0.9022341249148781,-0.6764425211049511
-5103050.0000,5105,22.374015833287988,0.026548164422942847,112.6741344563635,0.024496315424828472,-0.010234039516970755,-1.0759841667120114,0.0007048050342276082,0.851810383802502,-0.7268662622173272
-5108050.0000,5110,22.72158426552761,0.025279059764974972,40.98081538319849,0.016578166379962737,0.019083900599181754,-0.7284157344723887,0.0006390308626011764,0.8509000491276322,-0.727776596892197
-5113050.0000,5115,23.394821544135,0.025773593185346864,331.1156999569034,-0.012449740212995705,0.02256727884155899,-0.055178455865000586,0.0006642781056837583,0.8995749235363361,-0.6791017224834931
-5118050.0000,5120,23.94962155186632,0.02800769356610155,261.22990653090335,-0.02768023042617721,-0.004270332826183424,0.4996215518663192,0.0007844308988926462,0.994005513772996,-0.5846711322468332
-5123050.0000,5125,24.031258263618817,0.03143023597035561,189.2149380470504,-0.005033192306057092,-0.0310246145562275,0.5812582636188175,0.0009878597331522355,1.1267623939507327,-0.4519142520690964
-5128050.0000,5130,23.573295398765595,0.035354259308543017,113.73668366871846,0.03236346780336793,-0.014231289576003576,0.12329539876559537,0.0012499236512557006,1.287400520344102,-0.29127612567572725
-5133050.0000,5135,22.863985107140422,0.039227967815973576,34.22045497056098,0.02206097021891425,0.032436816304490135,-0.586014892859577,0.0015388334589710587,1.4632812765225895,-0.11539536949723961
-5138050.0000,5140,22.408246079035138,0.04268744510643023,311.26897643784173,-0.032084796828235625,0.028156416359425705,-1.0417539209648616,0.0018222179697144941,1.640566522578552,0.0618898765587228
-5143050.0000,5145,22.537710266504277,0.0453615324563395,226.71940703059022,-0.0330234230687951,-0.03109858767865373,-0.9122897334957223,0.0020576686267875415,1.8053077125797554,0.22663106655992626
-5148050.0000,5150,23.134228594549267,0.046906402377038636,142.43525284149416,0.028596843287426545,-0.03718105886000321,-0.31577140545073235,0.002200210583956656,1.9445429970527428,0.36586635103291365
-5153050.0000,5155,23.747623564738227,0.047247716900458064,59.20718577240268,0.040586927876301894,0.02418776628524633,0.2976235647382275,0.0022323467523058305,2.047317395764512,0.4686407497446827
-5158050.0000,5160,23.987237718063135,0.04642093008626047,336.7250368019818,-0.018342957895559002,0.04264315473455537,0.5372377180631354,0.0021549027500734827,2.105544467693317,0.5268678216734879
-5163050.0000,5165,23.74901809403407,0.04449615979956127,254.12610077210275,-0.04279934370208019,-0.012170637435208603,0.2990180940340714,0.001979908236908093,2.114642783136432,0.5359661371166029
-5168050.0000,5170,23.212673259740676,0.04160888587308583,170.6310623685331,0.006773555362265374,-0.04105384673028592,-0.23732674025932354,0.0017312993835994816,2.0738963030152027,0.4952196569953735
-5173050.0000,5175,22.705461048075694,0.037942369359214446,86.03931848333332,0.037851751023331694,0.0026207512393898276,-0.7445389519243051,0.0014396233925910553,1.9865107682752718,0.4078341222554427
-5178050.0000,5180,22.493604576899806,0.03372322170095819,0.9293382107978232,0.0005469670644106242,0.033718785697626,-0.9563954231001937,0.0011372556818919776,1.8593615864851611,0.280684940465332
-5183050.0000,5185,22.65317084858403,0.029087370482561416,276.38172864049864,-0.02890712813515522,0.003233119943259542,-0.7968291514159702,0.0008460751215897852,1.7024527251190218,0.12377607909919264
-5188050.0000,5190,23.07200076329172,0.02420076054836906,193.18854375200453,-0.005521553543939895,-0.023562454404855646,-0.3779992367082805,0.0005856768111194964,1.528129874713318,-0.050546771306511085
-5193050.0000,5195,23.560914669979777,0.01935179467555157,111.83480597543246,0.017963498037513015,-0.007197547875559577,0.11091466997977761,0.0003744919571647062,1.3501087803502254,-0.22856786566960374
-5198050.0000,5200,23.92461149840441,0.01469672366227696,33.05128036107237,0.008015437833298457,0.012318540609417143,0.4746114984044105,0.00021599368640533152,1.1823964341975424,-0.3962802118222868
-5203050.0000,5205,23.984281436639424,0.01025137529054996,318.1366577477597,-0.006841318955910617,0.007634595620672802,0.5342814366394251,0.00010509069534769826,1.03818862862486,-0.5404880173949691
-5208050.0000,5210,23.66351262921078,0.006192432988526969,252.30770045326324,-0.005899545362329606,-0.001881911484425418,0.21351262921077918,0.00003834622631739705,0.9288320222705585,-0.6498446237492707
-5213050.0000,5215,23.045120705408024,0.0037689585688723357,215.67116313310692,-0.0021978019207001993,-0.0030618157049768233,-0.404879294591975,0.000014205048693876205,0.8629310576653392,-0.71574558835449
-5218050.0000,5220,22.428570347793325,0.005437179375209879,182.70911683483973,-0.00025699041593660945,-0.0054311026030010165,-1.021429652206674,0.000029562919558207692,0.8456711443552011,-0.7330055016646281
-5223050.0000,5225,22.220378398956612,0.008913616165208492,113.66561830099306,0.00816401337375239,-0.003577909833109027,-1.2296216010433874,0.00007945255314066614,0.8784104974286953,-0.7002661485911339
-5228050.0000,5230,22.603105470701834,0.01252752579912392,33.50318390467987,0.00691498532179707,0.010446141902494262,-0.8468945292981651,0.00015693890264771538,0.9585732722663387,-0.6201033737534904
-5233050.0000,5235,23.36547683306411,0.015772855089396527,310.92809127602175,-0.011916902564740896,0.010332975899206082,-0.08452316693588813,0.00024878295767110194,1.079852271228125,-0.49882437479170405
-5238050.0000,5240,24.033517596888146,0.018453001875917453,227.8313154239961,-0.01367684128282911,-0.012387787968677639,0.5835175968881465,0.000340513278232613,1.2327050175217669,-0.3459716284980623
-5243050.0000,5245,24.209120163936568,0.020496940794070904,144.08467025708728,0.012023281356685128,-0.01660015925627329,0.7591201639365686,0.000420124581915648,1.4051048027381907,-0.17357184328163844
-5248050.0000,5250,23.81544976765046,0.02182177469865605,58.859843024902716,0.01867736281911626,0.011284767127504172,0.36544976765046044,0.00047618985099890526,1.5834866558467484,0.004810009826919259
-5253050.0000,5255,23.106492647497934,0.022270823303647942,331.2171052056526,-0.010723224103744293,0.01951927343533016,-0.34350735250206554,0.0004959895706223083,1.7538150152881573,0.17513836926832815
-5258050.0000,5260,22.53711832627872,0.021779008548646804,240.5565624510914,-0.018966062137973725,-0.010705778829237511,-0.9128816737212802,0.00047432521336203057,1.902687731744191,0.3240110857243619
-5263050.0000,5265,22.444025989769592,0.020551868916060402,147.39761838771295,0.011073466229123146,-0.017313510955765124,-1.005974010230407,0.00042237931594292977,2.018390948311802,0.43971430229197295
-5268050.0000,5270,22.80659690092466,0.018770941047664115,52.87280325014217,0.014966024605324644,0.011329886818838876,-0.6434030990753392,0.0003523482278148816,2.091820505895939,0.51314385987611
-5273050.0000,5275,23.322828070435428,0.016651413820207392,316.68940924488925,-0.01142208502140529,0.012116334263116986,-0.12717192956457168,0.0002772695822117937,2.117198551566398,0.5385219055465689
-5278050.0000,5280,23.668229270919216,0.014765560428199586,217.35107231575887,-0.008958224590951356,-0.011737631231934657,0.21822927091921684,0.00021802177475881352,2.092528044654194,0.5138513986343647
-5283050.0000,5285,23.70951959670324,0.013777465177988443,114.39905793429068,0.012547006004236203,-0.005691325597815042,0.25951959670324243,0.0001898185467306841,2.0197499762677236,0.4410733302478944
-5288050.0000,5290,23.49560344065326,0.014107078051395792,10.035855457370417,0.0024583619461536208,0.013891224124960215,0.0456034406532595,0.00019900965114817292,1.9045907264246913,0.32591408040486214
-5293050.0000,5295,23.181988175428785,0.015678204770413175,267.6920886721948,-0.015665487304351047,-0.0006313575375511615,-0.2680118245712144,0.00024580610482300645,1.7561113698789035,0.17743472385907433
-5298050.0000,5300,22.925123204514264,0.018063234289964453,169.16531789886142,0.0033954522755205475,-0.01774123267585457,-0.524876795485735,0.0003262804330141476,1.5859949661336783,0.007318320113849142
-5303050.0000,5305,22.825115066451193,0.020690849170379486,74.43335285778295,0.019931887023934537,0.005552577694774152,-0.624884933548806,0.00042811123939139344,1.4076269975245004,-0.17104964849532878
-5308050.0000,5310,22.932469660316293,0.023146214399568564,342.57171233850124,-0.006932566108336473,0.022083631227321734,-0.5175303396837059,0.0005357472410307951,1.235042485062092,-0.34363416095773713
-5313050.0000,5315,23.21264826828515,0.025319906902074862,253.18339615927425,-0.024237118764883867,-0.007325282213447659,-0.23735173171484902,0.0006410976855297382,1.0818212793278834,-0.49685536669194574
-5318050.0000,5320,23.53867282947711,0.027103198485041603,166.12889508945625,0.0064976792177056306,-0.026312801692396,0.08867282947711175,0.0007345833681195614,0.9600198637880764,-0.6186567822317528
