year_ce,age_kyr_BP,obliquity_deg,eccentricity,perihelion_deg,e_sin_peri,e_cos_peri,eps_anom,e_squared,inclination_deg,incl_anom
1950.0000,0,23.444545229730146,0.016726568377132517,102.11053599001974,0.016352761365065267,-0.0035085259405283455,-0.005454770269853526,0.00027977808967488953,0.005388433176254787,-1.6623460038951823
950.0000,1,23.550974919483558,0.017192863171510402,85.98101267784392,0.017148866129710456,0.0012051934360272321,0.10097491948355852,0.0002955945440342787,0.11375089299464435,-1.5539835440767928
-50.0000,2,23.65472196553271,0.017625805816393877,69.88555298168512,0.016549035894553813,0.006061129941179384,0.20472196553270905,0.00031066903067722423,0.2238270300092925,-1.4439074070621447
-1050.0000,3,23.75319041781136,0.018024574562769388,53.828542964816336,0.014548835356935344,0.010637342378332795,0.30319041781136136,0.00032488528816883327,0.3353522341153591,-1.3323822029560781
-2050.0000,4,23.84383370855332,0.018388522008901047,37.812737981431155,0.011272395680553177,0.01452600991070568,0.3938337085533199,0.0003381377416718382,0.4481491711516963,-1.2195852659197408
-3050.0000,5,23.92421458166858,0.018717176512001277,21.839419937628406,0.00696203680956563,0.01737224379948323,0.4742145816685799,0.00035033269658141225,0.5620330955245326,-1.1057013415469044
-4050.0000,6,23.992063701080852,0.019010243712032998,5.908552200139695,0.0019565550189216976,0.018907448242676407,0.5420637010808527,0.00036138936599089015,0.6768120209022364,-0.9909224161692007
-5050.0000,7,24.045335993624423,0.019267608019420075,350.0189338541759,-0.0033393575300645125,0.018974145930987167,0.595335993624424,0.0003712407187900208,0.7922869420143585,-0.8754474950570786
-6050.0000,8,24.082263923694526,0.019489333954353268,334.1683543705228,-0.00849137064189037,0.01754018994701476,0.6322639236945271,0.00037983413798430715,0.9082521059182955,-0.7594823311531416
-7050.0000,9,24.101406998515422,0.01967566725035365,318.3537495672656,-0.01307390841618066,0.014701402217719841,0.6514069985154229,0.0003871318817466391,1.0244953322124637,-0.6432391048589734
-8050.0000,10,24.101696852179078,0.01982703565142674,302.57135987104994,-0.016707139206986125,0.010672788640839703,0.6516968521790787,0.00039311134272294694,1.1407983814599598,-0.5269360556114773
-9050.0000,11,24.082477246366235,0.019944049342180765,286.8168921589595,-0.019089345448253185,0.005769482929616567,0.6324772463662356,0.000397765104163341,1.2569373707615363,-0.41079706630990076
-10050.0000,12,24.04353825383868,0.020027500954691812,271.0856867811858,-0.02002202200491395,0.0003793929324206007,0.5935382538386804,0.0004011007944901814,1.3726832350883251,-0.29505120198311197
-11050.0000,13,23.985143760564235,0.02007836509521116,255.37289162570573,-0.019425790640492498,-0.005069879943382123,0.5351437605642353,0.0004031407448965938,1.4878022326709877,-0.17993220440044944
-12050.0000,14,23.908051242529666,0.020097797328224053,239.6736451894974,-0.017346054458164346,-0.010146925302468291,0.4580512425296668,0.00040392145744636986,1.6020564924473892,-0.06567794462404786
-13050.0000,15,23.813522559456082,0.020087132544851907,223.98327045836277,-0.013948180423330582,-0.014452181223499148,0.3635225594560829,0.00040349289387444867,1.7152046012972217,0.04747016422578465
-14050.0000,16,23.70332428354995,0.020047882626969875,208.29748084638982,-0.009502830352912339,-0.01765045378710224,0.25332428354995074,0.0004019175978247605,1.8270022285400094,0.15926779146857228
-15050.0000,17,23.57971588105375,0.019981733297467667,192.61259836958698,-0.0043628118082710025,-0.019497710996902666,0.12971588105375176,0.00039926966557112805,1.937202784943021,0.2694683478715838
-16050.0000,18,23.445423933496777,0.01989054002065989,176.9257824867559,0.001066548840298491,-0.01986005800667652,-0.00457606650322262,0.00039563358231347267,2.0455581132779663,0.37782367620652924
-17050.0000,19,23.303600582445966,0.019776322785003256,161.23526551923078,0.00636102872368886,-0.018723432239083175,-0.14639941755403285,0.0003911029428966389,2.151819207279937,0.4840847702084998
-18050.0000,20,23.15776457512075,0.01964125956345108,145.54058721583084,0.011112338339993371,-0.016193289801422754,-0.29223542487924803,0.0003857790772388585,2.255736955698793,0.5880025186273561
-19050.0000,21,23.011723752003647,0.01948767820605397,129.84281695336028,0.014961260758703116,-0.012484350542080785,-0.43827624799635245,0.0003797696018627109,2.357062907991883,0.6893284709204459
-20050.0000,22,22.869478617819823,0.019318046476820564,114.14474756402319,0.01762630376286767,-0.007901285719829378,-0.5805213821801765,0.00037318691968059943,2.4555500580873484,0.7878156210159113
-21050.0000,23,22.735107814201243,0.019134959905688528,98.45104045029012,0.01892539576193,-0.0028120191433186788,-0.7148921857987567,0.0003661466905923075,2.5509536425490267,0.8832192054775896
-22050.0000,24,22.612637855612732,0.01894112709167474,82.76829838430416,0.018788713467076848,0.0023839921962194796,-0.8373621443872672,0.0003587662955029748,2.6430319493968057,0.9752975123253687
-23050.0000,25,22.505901312868286,0.018739352071790005,67.10504133595617,0.017261503610686155,0.007289603052448036,-0.9440986871317136,0.0003511633160705004,2.731547133779893,1.0638126967084558
-24050.0000,26,22.41838954907079,0.018532513371160415,51.47156302557755,0.014496710901140457,0.011542775063062916,-1.031610450929211,0.0003434540518522396,2.8162660366644303,1.1485315995929932
-25050.0000,27,22.353107855178514,0.01832353938401377,35.87965257171567,0.010738269312857273,0.014845191495743225,-1.096892144821485,0.0003357520955575037,2.8969610026810493,1.2292265656096122
-26050.0000,28,22.31244205763649,0.018115379815103944,20.342176837259046,0.006296930968499152,0.016983979602278886,-1.137557942363511,0.00032816698584547537,2.9734106932817834,1.3056762562103463
-27050.0000,29,22.298046041802877,0.017910973049025933,4.872534067819572,0.0015213426935437994,0.01784461544933394,-1.1519539581971223,0.00032080295556293333,3.045400891379191,1.3776664543077537
-28050.0000,30,22.310758907540013,0.017713209520635268,349.48400620252846,-0.003232420494413275,0.017414160875384898,-1.1392410924599865,0.0003137577915219239,3.112725293683018,1.444990856611581
-29050.0000,31,22.350558583821247,0.01752489143781297,334.18905294121396,-0.007629607623731405,0.01577518803469157,-1.0994414161787525,0.00030712181990713035,3.1751862870112664,1.5074518499398293
-30050.0000,32,22.416555849062803,0.017348689553159997,318.99860211199496,-0.011381006717566911,0.013091875868191535,-1.0334441509371963,0.0003009770292119228,3.2325957049325735,1.5648612678611364
-31050.0000,33,22.50702922909855,0.01718709807585512,303.92139550725824,-0.014260640944418323,0.009590606021782092,-0.9429707709014501,0.0002953963402690627,3.284775561195377,1.61704112412394
-32050.0000,34,22.619497713764513,0.017042389225297928,288.96344588595116,-0.016116041591160826,0.005537792940060294,-0.830502286235486,0.0002904430305065509,3.33155875651597,1.663824319444533
-33050.0000,35,22.75082519641668,0.01691656930532614,274.12764972829484,-0.01687128271594623,0.0012176072555589237,-0.6991748035833183,0.0002861703170619025,3.372789755432227,1.70505531836079
-34050.0000,36,22.897348426442278,0.01681133846159417,259.4135835794616,-0.0165238514016531,-0.0030882388311230954,-0.5526515735577213,0.0002826211008702755,3.4083252300822444,1.7405907930108073
-35050.0000,37,23.055019286953367,0.016728056412625182,244.8174923866984,-0.015136972719268126,-0.007117224449354371,-0.39498071304663185,0.00027982787134397046,3.438034667937343,1.7703002308659057
-36050.0000,38,23.219552346033673,0.016667716364949688,230.33245924622827,-0.012829165081351224,-0.010638666532970508,-0.23044765396632627,0.0002778127688224116,3.4618009407067296,1.7940665036352925
-37050.0000,39,23.386569665886366,0.016630929006835972,215.94873005565807,-0.0097626196997011,-0.01346238326544991,-0.06343033411363308,0.0002765877996304181,3.479520831836922,1.8117863947654849
-38050.0000,40,23.551736468428338,0.016617917931365155,201.65415544010352,-0.006131591195986566,-0.015443965032277105,0.10173646842833861,0.0002761551963735875,3.4911055202529107,1.8233710831814736
-39050.0000,41,23.710883109852794,0.016628527116224576,187.43470671491286,-0.002151490884794627,-0.016487468621339908,0.26088310985279506,0.000276507914055016,3.4964810182306802,1.8287465811592432
-40050.0000,42,23.860110624354803,0.01666224026791975,173.27502240909052,0.001951088943428241,-0.016546336790420137,0.41011062435480383,0.00027763025074588647,3.495588561553175,1.8278541244817381
-41050.0000,43,23.995878661037246,0.01671821102595527,159.15894617477898,0.005947538021470424,-0.015623157757190457,0.5458786610372464,0.00027949857990837234,3.4883849503854627,1.8206505133140256
-42050.0000,44,24.11507585425131,0.016795302321580177,145.0700244940856,0.009615886059597224,-0.013768599267870519,0.6650758542513096,0.0002820821800732765,3.474842839612182,1.8071084025407451
-43050.0000,45,24.215073510941934,0.01689213267865143,130.99194201870796,0.012749293427543466,-0.011079557695581024,0.7650735109419351,0.00028534414643316354,3.45495097771469,1.7872165406432527
-44050.0000,46,24.293763997678077,0.01700712697771782,116.90888222264306,0.015164608636081009,-0.007696316090661828,0.843763997678078,0.00028924236803621727,3.4287143936315276,1.7609799565600905
-45050.0000,47,24.34958542344134,0.0171385691836876,102.80581011102186,0.016711030208120627,-0.003798347163778977,0.8995854234413407,0.0002937305536640462,3.3961545314509873,1.7284200943795502
-46050.0000,48,24.381534211086404,0.017284654730452743,88.66868114985334,0.01727866770870286,0.00040165203680506275,0.9315342110864044,0.0002987592891509624,3.3573093332385913,1.6895748961671542
-47050.0000,49,24.38916699799887,0.017443540605367625,74.48458590050785,0.01680655235009934,0.0046658449531694285,0.9391669979988713,0.0003042771088511091,3.31223327081942,1.6444988337479831
-48050.0000,50,24.372593063889035,0.01761339161482104,60.24184297029558,0.015289440723459145,0.008741648688399802,0.9225930638890354,0.00031023156417704813,3.2609973279356463,1.5932628908642092
-49050.0000,51,24.332458199475877,0.01779242177469022,45.93005402609532,0.01278261709742828,0.012374382206301875,0.8824581994758773,0.0003165702726084707,3.2036889349120448,1.5359544978406077
-50050.0000,52,24.26992064283598,0.017978930204218126,31.54013413565258,0.009403853223833731,0.015321821348187204,0.8199206428359815,0.0003232419312881468,3.1404118588281493,1.4726774217567122
-51050.0000,53,24.18661945129154,0.018171331273899707,17.064329037454343,0.0053317440672998925,0.01736999613537761,0.736619451291542,0.0003301972802658056,3.0712860532746893,1.4035516162032522
-52050.0000,54,24.084635471012206,0.018368179049596693,2.4962285077955357,0.000799809156332877,0.01834926213093921,0.6346354710122064,0.0003373900015980429,2.996447473151312,1.3287130360798751
-53050.0000,55,23.966444935195007,0.018568186282978797,347.83078213191595,-0.003913970711449649,0.01814942207380431,0.5164449351950076,0.00034477754183940196,2.9160478617707732,1.2483134246993361
-54050.0000,56,23.8348656829883,0.018770238329337455,333.06432074630925,-0.008502135548184386,0.016732502183267182,0.3848656829883019,0.0003523218469401289,2.8302545199637645,1.1625200828923274
-55050.0000,57,23.692996060400908,0.018973402440567236,318.1945837794806,-0.012646752257891018,0.014141733252103661,0.24299606040090893,0.00035999000017172274,2.739250070218477,1.07151563314704
-56050.0000,58,23.54414675197537,0.01917693289874734,303.22074981454034,-0.01604146317072925,0.010505378989779404,0.09414675197536937,0.0003677547554030581,2.6432322335859486,0.9754977965145115
-57050.0000,59,23.391766101539385,0.01938027243920351,288.14346506039396,-0.018415117773459957,0.006034313309044841,-0.058233898460613887,0.0003755949598177512,2.5424136438324103,0.8746792067609732
-58050.0000,60,23.239359904503566,0.019583050374434585,272.9648622075797,-0.019555117458610882,0.001012680481039536,-0.2106400954964336,0.0003834958619676425,2.4370217332310764,0.7692872961596393
-59050.0000,61,23.09040717045733,0.019785077782721414,257.68856056303594,-0.01932832376914542,-0.004218436735145703,-0.35959282954267024,0.00039144930286833646,2.3272987392549984,0.6595643021835613
-60050.0000,62,22.948273922150744,0.019986340075964067,242.31963764612624,-0.017697297536424877,-0.009283705392940461,-0.5017260778492556,0.00039945378963208734,2.213501904239947,0.5457674671685098
-61050.0000,63,22.816127654417265,0.020186987216368326,226.86456283011762,-0.014729803172369098,-0.013801189744504385,-0.6338723455827342,0.00040751445287381824,2.095903975892929,0.4281695388214919
-62050.0000,64,22.696855546236375,0.020387321815097545,211.33108531451649,-0.010599958131166412,-0.017412841531081233,-0.7531444537636247,0.00041564289079235224,1.9747941741519885,0.30705973708055145
-63050.0000,65,22.592989814104605,0.020587785320374904,195.72807176366143,-0.005580122555535138,-0.01981515177079559,-0.857010185895394,0.0004238569043978444,1.850479885192314,0.182745448120877
-64050.0000,66,22.506643633142993,0.0207889424889121,180.0652931867054,-0.000023550373234055156,-0.020786980677429494,-0.9433563668570066,0.0004321801298072948,1.7232895056631565,0.055555068591719436
-65050.0000,67,22.439460774193392,0.020991464333033772,164.35316565675862,0.005661146429301246,-0.02021162874492502,-1.0105392258066068,0.00044064157484502897,1.5935771458507069,-0.07415729122073023
-66050.0000,68,22.3925814906979,0.021196109745640977,148.60245463804142,0.011041677997676937,-0.018090643193848146,-1.0574185093020994,0.0004492750683492564,1.461730421839953,-0.20600401523148415
-67050.0000,69,22.366626270732645,0.021403706024601087,132.8239572389544,0.015697064163478394,-0.014547640455976561,-1.083373729267354,0.00045811863158754483,1.3281835584396569,-0.33955087863178024
-68050.0000,70,22.36169793383506,0.02161512854494995,117.02817988056745,0.019252628321931302,-0.009821469118361762,-1.088302066164939,0.00046721378201471016,1.1934400002662702,-0.4742944368051669
-69050.0000,71,22.377401329435358,0.021831279858519133,101.22503009654946,0.02141164498273656,-0.004249187454442931,-1.0725986705646413,0.00047660478026098315,1.0581128748324846,-0.6096215622389525
-70050.0000,72,22.412878735155886,0.022053068532841735,85.42354022375469,0.021980656336982513,0.0017595881288236866,-1.0371212648441137,0.0004863378317142143,0.9230008754257468,-0.7447335616456903
-71050.0000,73,22.466858102696182,0.022281388070727576,69.63163775640248,0.020886191900388734,0.007754550085196726,-0.9831418973038168,0.0004964602543583611,0.7892389856717605,-0.8784954513996766
-72050.0000,74,22.53771066511585,0.022517096274951368,53.855972628587836,0.018181567827247856,0.013279843750213464,-0.9122893348841501,0.0005070196246554288,0.6586185680092586,-1.0091158690621786
-73050.0000,75,22.623514156929225,0.022760995435527537,38.10180639479245,0.01404345600774293,0.01790939681775264,-0.826485843070774,0.0005180629132161054,0.5343159723574019,-1.133418464714035
-74050.0000,76,22.722118003159146,0.023013813717082724,22.372962987131245,0.008758854200907851,0.02127953214426896,-0.7278819968408534,0.0005296356218045849,0.42262391227438356,-1.2451105247970535
-75050.0000,77,22.831207249468846,0.023276188108812105,6.67183612514134,0.0027038512446826164,0.02311641406318869,-0.6187927505311528,0.000541780932876806,0.3366609657545382,-1.3310734713168988
-76050.0000,78,22.94836264247914,0.023548649268518265,350.99944500395713,-0.003683889080341583,0.023256489676788457,-0.5016373575208597,0.0005545388823716858,0.29921234716904654,-1.3685220899023904
-77050.0000,79,23.071115023610442,0.023831608545720015,335.35552779485147,-0.00993671105926468,0.02165875533822918,-0.378884976389557,0.0005679455658764353,0.3265966909755439,-1.3411377460958933
-78050.0000,80,23.196992972879006,0.024125347408598518,319.738661727248,-0.015590318893529319,0.018408324940253788,-0.25300702712099365,0.0005820323875855712,0.40488701843289554,-1.2628474186385414
-79050.0000,81,23.323563351329053,0.024430009428675084,304.1463988814787,-0.02021667301398165,0.013711351495223872,-0.12643664867094628,0.0005968253606851536,0.5100836828526669,-1.1576507542187702
-80050.0000,82,23.448464987727988,0.024745594899620665,288.5754080134701,-0.023454385218479014,0.007881837338917626,-0.0015350122720114712,0.0006123444669361322,0.6276552065711962,-1.0400792305002409
-81050.0000,83,23.569436207986506,0.02507195808708045,273.02161444303806,-0.025034808718483844,0.001321263774151101,0.11943620798650656,0.0006286030823203187,0.7506438104528068,-0.9170906266186303
-82050.0000,84,23.68433720759745,0.025408807029573592,257.48033198464054,-0.024802297458457162,-0.005507707478704174,0.23433720759745214,0.0006456074746661084,0.8756109247444428,-0.7921235123269943
-83050.0000,85,23.791168427413666,0.025755705740760852,241.9463828604048,-0.022727413178618046,-0.012111944699260472,0.3411684274136668,0.0006633563782046615,1.0006753050126822,-0.6670591320587549
-84050.0000,86,23.888086130460735,0.026112078604276494,226.41420335458952,-0.01891218964115571,-0.018001234798394362,0.43808613046073575,0.0006818406490359143,1.1246894486781347,-0.5430449883933024
-85050.0000,87,23.97341631592208,0.02647721670647165,210.87793455352926,-0.013586928109569331,-0.022722444090816366,0.5234163159220806,0.0007010430045214615,1.2468812364263657,-0.42085320064507137
-86050.0000,88,24.045667970208104,0.026850285821208315,195.3314988236698,-0.007098403234881603,-0.025892425755504146,0.5956679702081047,0.0007209378486805803,1.3666867512477041,-0.301047685823733
-87050.0000,89,24.103546466234338,0.027230335744485516,179.7686637079646,0.00011019458184927729,-0.027227598192241798,0.6535464662343387,0.0007414911847574056,1.4836666788311874,-0.18406775824024968
-88050.0000,90,24.145967699174058,0.027616310674324806,164.18309568748816,0.007526772565656283,-0.026568157493476324,0.6959676991740587,0.0007626606152608262,1.5974618600836055,-0.07027257698783163
-89050.0000,91,24.172073304302288,0.028007060341305328,148.56840679406878,0.014603997316417172,-0.023895035962797753,0.7220733043022882,0.0007843954289615177,1.7077683913589112,0.04003395428747414
-90050.0000,92,24.1812470502803,0.028401351615167745,132.91819740946795,0.02079730654877924,-0.0193379932669297,0.7312470502803023,0.0008066367735683914,1.814323044767196,0.146588607695759
-91050.0000,93,24.173132245895523,0.028797880340459443,117.22609878393575,0.025605024143779444,-0.013173636037010633,0.723132245895524,0.0008293179121034204,1.9168944039648623,0.24915996689342523
-92050.0000,94,24.147649743636713,0.029195283186698652,101.4858188815777,0.028607965429877837,-0.005812704005333845,0.6976497436367133,0.0008523645603515289,2.0152772960162375,0.3475428589448004
-93050.0000,95,24.105015871540196,0.029592149333587885,85.69119513014772,0.02950567615014344,0.002223377140339626,0.655015871540197,0.0008756953021813659,2.1092891891390124,0.44155475206757533
-94050.0000,96,24.0457593769626,0.029987031847323327,69.8362575214299,0.028146367715486627,0.01033591958766654,0.5957593769626008,0.0008992220790123834,2.198767795312542,0.5310333582411051
-95050.0000,97,23.9707362247008,0.030378458638338202,53.915305259312674,0.024547728230950014,0.01789080429698404,0.5207362247008014,0.000922850749241225,2.283569426871273,0.6158349897998359
-96050.0000,98,23.881140862127502,0.030764942922628116,37.92299974876585,0.01890613102879852,0.02426632911685825,0.4311408621275028,0.0009464817130325658,2.3635678316363293,0.6958333945648922
-97050.0000,99,23.778512355024045,0.03114499313728749,21.85447610106729,0.0115923471007104,0.028903917143231126,0.32851235502404563,0.0009700105975216848,2.438653333750731,0.7709188966792939
-98050.0000,100,23.664733625063143,0.031517122285563484,5.7054744204322105,0.0031326979690281904,0.031357884510311046,0.2147336250631433,0.0009933289971631625,2.508732169249471,0.840997732178034
-99050.0000,101,23.54202190674266,0.03187985670743469,349.4724908449632,-0.005824353912492717,0.03134002470544159,0.0920219067426622,0.0010163252636865687,2.5737259437422475,0.9059915066708104
-100050.0000,102,23.412908520123132,0.032231744288514295,333.15294655542357,-0.014554927699675233,0.028754609940965934,-0.03709147987686734,0.001038885339880174,2.633571163971182,0.9658367268997448
-101050.0000,103,23.2802061664944,0.032571362133197085,316.745370683959,-0.022317133978541223,0.023719622805092447,-0.16979383350560084,0.001060893631211865,2.688218810889235,1.0204843738177978
-102050.0000,104,23.146962243302852,0.03289732373776731,300.24959026391093,-0.02841515058804113,0.016570687502412397,-0.3030377566971474,0.0010822339091074687,2.7376339324903194,1.0698994954188823
-103050.0000,105,23.016397188213823,0.03320828570606349,283.6669171854653,-0.03226467259198443,0.007845319079766015,-0.43360281178617655,0.0011027902395355407,2.7817952418352325,1.1140608047637954
-104050.0000,106,22.89182763556667,0.033502954054690774,267.000318840373,-0.03345348237129469,-0.0017532448918947206,-0.5581723644333287,0.001122447930390721,2.820694710741548,1.1529602736701108
-105050.0000,107,22.776575212785566,0.03378009015709757,250.25455621665242,-0.03179044196454313,-0.011411289634215654,-0.673424787214433,0.00114109449102164,2.8543371531827297,1.1866027161112926
-106050.0000,108,22.67386308981103,0.034038516376486756,233.4362712781873,-0.02733649266476043,-0.020275261093183596,-0.7761369101889706,0.0011586205971123571,2.882739795046003,1.215005357974566
-107050.0000,109,22.586703835893978,0.03427712143686382,216.55400527081338,-0.020412416974129585,-0.02753177117296924,-0.8632961641060213,0.001174921053997509,2.9059318288385194,1.2381973917670823
-108050.0000,110,22.51778358665397,0.03449486557984041,199.6181318218339,-0.01158022740413555,-0.03248897492937666,-0.9322164133460298,0.0011898957513712587,2.923953953410665,1.256219516339228
-109050.0000,111,22.469348775551293,0.034690785552371595,182.6406937658702,-0.0015979781608366835,-0.03465014309253899,-0.9806512244487067,0.0012034506022406337,2.9368578999214465,1.2691234628500094
-110050.0000,112,22.443102503766756,0.034863999467614204,165.6351404657405,0.008648774297174526,-0.03377024133252946,-1.0068974962332433,0.0012154984588778036,2.9447059461971623,1.2769715091257252
-111050.0000,113,22.440117793361978,0.03501371157771916,148.61597227891406,0.018232224843610915,-0.029887715078166663,-1.0098822066380215,0.0012259599984477047,2.9475704223968258,1.2798359853253887
-112050.0000,114,22.460774346606446,0.035139216993730946,131.598309373058,0.026274887879472984,-0.02332643833124893,-0.9892256533935537,0.0012347645709325098,2.9455332115427164,1.2777987744712793
-113050.0000,115,22.50472400110581,0.035239906383941644,114.59741151326028,0.03203856449405902,-0.014666577466627077,-0.9452759988941892,0.001241851001948971,2.9386852490369537,1.2709508119655166
-114050.0000,116,22.57088795989271,0.035315270678080705,97.62818191146249,0.03499892116868755,-0.004687328887658538,-0.8791120401072909,0.0012471683430661069,2.9271260257921794,1.2593915887207423
-115050.0000,117,22.657486361670976,0.03536490580061663,80.70469041142485,0.03489672907127386,0.005711652605177848,-0.792513638329023,0.0012506765622864878,2.9109631000790355,1.2432286630075984
-116050.0000,118,22.76209819856316,0.03538851745217459,63.83974872543911,0.03176004521742032,0.01560052941072104,-0.6879018014368405,0.0012523471674628656,2.8903116236555544,1.2225771865841173
-117050.0000,119,22.88174735200073,0.03538592595356439,47.044563706233134,0.025895629286730136,0.024110420896206866,-0.5682526479992696,0.001252163755591142,2.8652938882142536,1.1975594511428165
-118050.0000,120,23.013008890696305,0.03535707116205837,30.328485137836594,0.01785193010319875,0.030515019428222413,-0.436991109303694,0.0012501224811588597,2.83603889868348,1.1683044616120428
-119050.0000,121,23.152128913938846,0.0353020174642044,13.698854099565551,0.008359350758099517,0.03429420761463766,-0.29787108606115353,0.0012462324370429926,2.8026819804752927,1.1349475434038556
-120050.0000,122,23.295151135065872,0.0352209588434039,357.160948368115,-0.0017442643896891565,0.03517408977746638,-0.1548488649341273,0.0012405159418487513,2.7653644284130774,1.0976299913416403
-121050.0000,123,23.43804396310142,0.03511422401347006,340.7180138788542,-0.011594068942266573,0.03314112125942892,-0.011956036898578049,0.0012330087280681573,2.7242332058349126,1.0564987687634755
-122050.0000,124,23.5768228555634,0.03498228160108846,324.37136661291515,-0.02037605734912812,0.028431123189336174,0.12682285556340034,0.0012237600260178523,2.679440703300078,1.0117062662286411
-123050.0000,125,23.70766395884685,0.034825745350141865,308.1205474158734,-0.027395078060178008,0.0214965056167356,0.25766395884685167,0.0012128325391929278,2.631144567484744,0.9634101304133069
-124050.0000,126,23.827006322567698,0.03464537930877169,291.96351272376114,-0.03212766861015813,0.01295677291770709,0.3770063225676985,0.0012003023074486658,2.5795076123140435,0.9117731752426064
-125050.0000,127,23.931641118374444,0.03444210294529577,275.8968462722996,-0.034256487164787255,0.003538308554835683,0.48164111837444423,0.0011862584552943514,2.524697826237314,0.8569633891658768
-126050.0000,128,24.01878721798916,0.034216996121074164,259.9159798642081,-0.03368518330761436,-0.0059903861405803185,0.5687872179891613,0.0011708028235496045,2.4668884919343013,0.7991540548628642
-127050.0000,129,24.086153149155535,0.03397130382645293,244.01541454439825,-0.03053436279784944,-0.014882239439576906,0.6361531491555361,0.0011540494836691753,2.406258437799574,0.7385240007281371
-128050.0000,130,24.13198585241227,0.03370644055932222,228.18893663284916,-0.025120744219211802,-0.022469014148884955,0.6819858524122715,0.0011361241351791219,2.342992444490041,0.6752580074186039
-129050.0000,131,24.15510683366972,0.03342399419393611,212.42982571450568,-0.017922639930308345,-0.028208720835756162,0.7051068336697206,0.0011171633878762747,2.2772818348891555,0.6095473978177184
-130050.0000,132,24.15493628946593,0.033125729149887644,196.73105375137027,-0.009535530279800761,-0.03172037811424945,0.7049362894659303,0.001097313931711716,2.2093252823567724,0.5415908452853353
-131050.0000,133,24.131505621298853,0.03281358862717486,181.08547592603588,-0.0006217796895062522,-0.03280464760763403,0.6815056212988537,0.0010767315985934591,2.139329880483329,0.47159544341189186
-132050.0000,134,24.0854585012572,0.03248969562319129,165.48601465963168,0.008141478741785968,-0.03144998507971887,0.6354585012572009,0.0010555803216876153,2.067512528212059,0.3997780911406221
-133050.0000,135,24.018040351208292,0.0321563523919087,149.9258384959524,0.01611252823325499,-0.027824938699110235,0.5680403512082925,0.0010340309991526122,1.9941016976536616,0.32636726058222454
-134050.0000,136,23.931075799658572,0.03181603794611003,134.3985372252602,0.02273001282091828,-0.022258061186740126,0.48107579965857283,0.0010122602705883133,1.919339668723361,0.25160523165192394
-135050.0000,137,23.826933432963557,0.031471403143168326,118.89829373985646,0.02754992030711078,-0.01520756963085343,0.37693343296355764,0.0009904492157998253,1.843485335296925,0.17575089822548784
-136050.0000,138,23.70847701240795,0.031125262838131867,103.42005166814681,0.030272566071925994,-0.0072233791874323616,0.2584770124079512,0.0009687819867427926,1.76681771195112,0.09908327487968283
-137050.0000,139,23.5790023402199,0.030780584541402374,87.95967584327917,0.030758281631340596,0.001095545791225771,0.12900234021990187,0.0009474443847104188,1.6896402976690954,0.02190586059765831
-138050.0000,140,23.44215918062205,0.03044047299106585,72.51410020297192,0.02903127993499055,0.009145435461168059,-0.007840819377950226,0.0009266223959198095,1.612286480399946,-0.05544795667149116
-139050.0000,141,23.301858125486746,0.030108150053333227,57.08145497038373,0.025271935786333407,0.01636049163824971,-0.14814187451325367,0.0009065006996340296,1.5351261875837015,-0.13260824948773564
-140050.0000,142,23.162163070348925,0.029786929411990085,41.66116226398401,0.019798456524343977,0.022251331547380508,-0.28783692965107477,0.00088726116379488,1.458573989242983,-0.2091604478284541
-141050.0000,143,23.027171036016508,0.02948018561371765,26.253987135569503,0.013039594777162173,0.026436591271355128,-0.42282896398349124,0.0008690813438192451,1.38309881615598,-0.284635620915457
-142050.0000,144,22.90088238555401,0.02919131721436987,10.862030103592929,0.005500635888723684,0.028665701561879565,-0.5491176144459899,0.0008521330007099667,1.3092353192432094,-0.35849911782822774
-143050.0000,145,22.7870659343304,0.028923704032049642,355.48864826111753,-0.0022746650379537425,0.028831514028874232,-0.6629340656695994,0.0008365806549336047,1.2375965884622304,-0.4301378486092067
-144050.0000,146,22.689124852072933,0.02868065885937273,340.13829560882823,-0.009743265211710818,0.02697223814773749,-0.7608751479270666,0.0008225801926077155,1.1688873471356565,-0.49884708993578064
-145050.0000,147,22.6099703744132,0.028465374411865217,324.81627965472126,-0.01640017954469332,0.02326299851556171,-0.8400296255867978,0.0008102775404076711,1.1039156746069756,-0.5638187624644615
-146050.0000,148,22.55191092006254,0.028280866769589227,309.5284401972435,-0.021811272468969,0.017998161775651382,-0.8980890799374599,0.0007998074252392562,1.0435996223448916,-0.6241348147265455
-147050.0000,149,22.5165640258288,0.028129917065705917,294.280766491147,-0.025639283236480785,0.011566317554482139,-0.9334359741712,0.000791292234123493,0.9889627662320031,-0.678771670839434
-148050.0000,150,22.504797441961124,0.028015013633822448,279.078978932881,-0.02766159861607377,0.004420326279533719,-0.9452025580388757,0.0007848409889032576,0.9411102634719778,-0.7266241735994593
-149050.0000,151,22.516703804961974,0.02793829717986658,263.9281088967548,-0.027779146483236143,-0.0029549133361359446,-0.9332961950380252,0.000780548449310541,0.9011758396904208,-0.7665585973810163
-150050.0000,152,22.55161072801029,0.027901511726707143,248.83211350530848,-0.026016649272322764,-0.01007440953834757,-0.8983892719897106,0.0007784943566355762,0.8702330790360474,-0.7975013580353897
-151050.0000,153,22.608125270597895,0.02790596403505887,233.79355982108518,-0.022515211423526686,-0.016482551035617063,-0.8418747294021038,0.0007787428287259992,0.8491744260493224,-0.8185600110221147
-152050.0000,154,22.68420899185952,0.02795249390181031,218.81340530264788,-0.017518709920059425,-0.02177851503068056,-0.7657910081404786,0.0007813419153307425,0.8385782490889928,-0.8291561879824443
-153050.0000,155,22.7772775546462,0.028041457182331607,203.89088973125263,-0.011355659155436723,-0.025636682506233785,-0.6727224453537985,0.0007863233209085368,0.8386006140089479,-0.8291338230624892
-154050.0000,156,22.884317413226626,0.02817272262254991,189.02354044100014,-0.004418148965561357,-0.02782173855746651,-0.5656825867733737,0.0007937022999671355,0.8489305699918432,-0.8188038670795939
-155050.0000,157,23.002011601969368,0.028345682701468602,174.20728009560435,0.0028608123807623716,-0.028198574393929247,-0.4479883980306312,0.0008034777278123364,0.8688278088598962,-0.7989066282115409
-156050.0000,158,23.126866988822286,0.02855927777963503,159.4366165664121,0.010030566364413076,-0.026737332638026794,-0.3231330111777133,0.0008156323472943552,0.8972289668748501,-0.770505470196587
-157050.0000,159,23.255336377250753,0.02881203203133079,144.70488891806457,0.01664601580263494,-0.023513963369374613,-0.1946636227492462,0.0008301331897744315,0.9328849729689339,-0.7348494641025032
-158050.0000,160,23.38393027686466,0.029102098998709934,130.00454230832696,0.022290314006162625,-0.0187065481195866,-0.06606972313533888,0.0008469321661307138,0.9744900335462099,-0.6932444035252272
-159050.0000,161,23.509314756105006,0.02942731420322433,115.32740708973967,0.02659661707491101,-0.012587489704733508,0.059314756105006694,0.0008659668212152884,1.0207781034668115,-0.6469563336046256
-160050.0000,162,23.628393324378262,0.029785252102359563,100.66496236662357,0.029268395745420415,-0.005511542604967324,0.17839332437826272,0.0008871612428011147,1.0705810724571556,-0.5971533646142815
-161050.0000,163,23.73837211887131,0.030173284769094255,86.00857037448401,0.030097618857869907,0.0021003643315082943,0.28837211887131176,0.0009104271137568554,1.122854849840989,-0.5448795872304482
-162050.0000,164,23.83680871709661,0.03058863995010995,71.34967414274877,0.02897990556276539,0.009781450636138082,0.3868087170966099,0.0009356648939974624,1.1766836321782512,-0.49105080489318587
-163050.0000,165,23.921645643374717,0.031028456563559376,56.679956154433114,0.02592556573997995,0.017043245288613527,0.4716456433747176,0.0009627651167166909,1.2312717895209833,-0.43646264755045383
-164050.0000,166,23.991230110210367,0.031489836162655035,41.99145969426979,0.021065366638548806,0.023402925636560906,0.5412301102103676,0.0009916097815508569,1.2859301526057105,-0.38180428446572656
-165050.0000,167,24.044321780608037,0.03196988935991654,27.276677181203752,0.014649920623488775,0.028412757210987544,0.5943217806080376,0.001022073825685305,1.3400608568263817,-0.32767358024505544
-166050.0000,168,24.0800904092089,0.03246577663522123,12.528611146759715,0.0070418060081019924,0.03169013403954822,0.6300904092089006,0.001054026652528077,1.3931429526182475,-0.2745914844531896
-167050.0000,169,24.09810517076692,0.032974743311618315,357.7408139085576,-0.0013000887344689583,0.03294634824234437,0.6481051707669216,0.0010873336964671168,1.4447197590643175,-0.2230146780071196
-168050.0000,170,24.098317358032446,0.03349414876396757,342.9074116964564,-0.009843986149201046,0.03201195625755873,0.6483173580324468,0.0011218580014227904,1.4943882414035357,-0.17334619566790144
-169050.0000,171,24.08103796157126,0.03402149012648452,328.02311829322764,-0.01801576751859188,0.02885650588186202,0.6310379615712591,0.0011574617904264836,1.5417903420772867,-0.12594409499415038
-170050.0000,172,24.04691145536964,0.034554420893916596,313.08324237389434,-0.02523532438031553,0.023600480313681838,0.5969114553696393,0.0011940080033139397,1.5866060443060552,-0.08112839276538186
-171050.0000,173,23.996886919429084,0.03509076487951322,298.0836918252028,-0.030956712350916724,0.01651762393104607,0.5468869194290846,0.0012313617798292787,1.6285479034358907,-0.03918653363554636
-172050.0000,174,23.93218744220362,0.03562852601493369,283.0209774958788,-0.03470950049789989,0.008026342532964977,0.482187442203621,0.0012693918659968065,1.667356789407409,-0.00037764766402803573
-173050.0000,175,23.854278564994406,0.036165894466091184,267.89221811594336,-0.036138248031327744,-0.001330399554027936,0.4042785649944065,0.001307971922532445,1.7027986135001307,0.03506417642869364
-174050.0000,176,23.76483635755148,0.03670124950635696,252.69514753852764,-0.035036788867224083,-0.010916371396441322,0.3148363575514814,0.0013469817153278672,1.7346618485294112,0.0669274114579741
-175050.0000,177,23.665715548060177,0.03723315954409888,237.42812498356352,-0.031374019682577504,-0.020043249725156122,0.215715548060178,0.0013863081696363214,1.7627556866637135,0.09502124959227642
-176050.0000,178,23.558917970463895,0.03776037965250507,222.09014856684234,-0.025308207105801787,-0.028019355857946272,0.10891797046389584,0.0014258462715013188,1.7869087100698189,0.11917427299838179
-177050.0000,179,23.446561438123027,0.038281846901297475,206.68087203976154,-0.017187469283720776,-0.03420269715618154,-0.0034385618769725568,0.001465499802174379,1.8069679759400117,0.1392335388685746
-178050.0000,180,23.330849007887785,0.03879667374578536,191.20062430305893,-0.007535031160175747,-0.03805429381099093,-0.11915099211221403,0.001505181893736911,1.8227984393734502,0.15506400230201312
-179050.0000,181,23.21403846843055,0.03930413969088002,175.65043085548496,0.0029809470722212805,-0.03918728917516383,-0.23596153156944766,0.0015448153968402104,1.834282655749424,0.16654821867798697
-180050.0000,182,23.09841177984203,0.039803681417278934,160.03203587034034,0.013591795459353285,-0.03740722650981965,-0.35158822015796787,0.0015843330543682363,1.8413207194412478,0.17358628236981066
-181050.0000,183,22.98624411934136,0.040294881534357105,144.34792305122812,0.023484408428042447,-0.03273919138949462,-0.4637558806586384,0.0016236774778678731,1.8438304087742616,0.17609597170282454
-182050.0000,184,22.87977216327205,0.040777456109171384,128.60133281882457,0.03186501013647823,-0.025438295835506976,-0.5702278367279483,0.0016628009267353986,1.8417475187914218,0.17401308171998475
-183050.0000,185,22.78116127084651,0.041251241112814405,112.79627276672431,0.038025534748138974,-0.015981200562098292,-0.6688387291534887,0.0017016648933475494,1.835026374388658,0.1672919373172208
-184050.0000,186,22.692471340129735,0.041716177923328934,96.9375177702222,0.041406811760655936,-0.00503796606702653,-0.757528659870264,0.0017402395005308364,1.8236405274596565,0.15590609038821945
-185050.0000,187,22.61562128576479,0.042172298027525874,81.03059573771878,0.04165253049577521,0.006574632246879474,-0.8343787142352106,0.0017785027209224627,1.8075836536432082,0.13984921657177107
-186050.0000,188,22.55235233688072,0.04261970707124715,65.08175487748434,0.0386483515876521,0.017955268973078232,-0.8976476631192796,0.001816439430838914,1.7868706780203558,0.11913624094891873
-187050.0000,189,22.504190657975993,0.04305856841771556,49.097908628868424,0.032541568661883305,0.028190871603805262,-0.9458093420240061,0.001854040314183092,1.7615391758039218,0.09380473873248474
-188050.0000,190,22.47241012956776,0.04348908638541968,33.08655516729084,0.023738355335672513,0.03643379459710103,-0.9775898704322401,0.0018913006346384952,1.7316511151760938,0.06391667810465673
-189050.0000,191,22.457996453178644,0.04391148934927984,17.055669673967657,0.012877730609472046,0.04197624657378029,-0.9920035468213548,0.0019282188968719168,1.6972950369297726,0.02956059985833548
-190050.0000,192,22.461614024377823,0.04432601290045053,1.013569324273135,0.0007837273699075905,0.04431473814687551,-0.988385975622176,0.001964795419650907,1.6585888021263941,-0.009145634945042946
-191050.0000,193,22.483577204928768,0.04473288326989518,344.96875306177435,-0.011600420305337051,0.04319801954488717,-0.9664227950712316,0.002001030845638068,1.6156830882298574,-0.05205134884157969
-192050.0000,194,22.523827683892705,0.04513230122778922,328.92972047069713,-0.023290245781356522,0.038653464597540946,-0.9261723161072943,0.0020369246141159042,1.5687658810140417,-0.09896855605739541
-193050.0000,195,22.581919524862776,0.04552442667396275,312.9047761599538,-0.033342940293617396,0.030988981496733185,-0.8680804751372229,0.0020724734239930113,1.518068300415874,-0.14966613665556316
-194050.0000,196,22.657013248793593,0.045909364133259405,296.9018277344745,-0.0409373297581372,0.020770036452171254,-0.7929867512064064,0.002107669715120205,1.4638722214496371,-0.20386221562179996
-195050.0000,197,22.74787991734524,0.046287149363358635,280.9281864035115,-0.0454434015033334,0.008773941356283768,-0.7021200826547584,0.0021425001961858717,1.4065203152005474,-0.26121412187088966
-196050.0000,198,22.852915698331966,0.04665773727102252,264.9903794041502,-0.04647500048764591,-0.004074155030343642,-0.5970843016680334,0.002176944447251764,1.3464293467403663,-0.3213050903310708
-197050.0000,199,22.970166864784254,0.04702099131589296,249.0939826736378,-0.043921155154739065,-0.016777410329388284,-0.47983313521574544,0.0022109736243292816,1.2841078238583945,-0.3836266132130426
-198050.0000,200,23.097364659583345,0.047376674559164805,233.24348069411917,-0.0379537500579796,-0.028348439746581557,-0.35263534041665423,0.0022445492922850137,1.2201793615007555,-0.44755507557068164
-199050.0000,201,23.231969001667373,0.04772444248823297,217.4421583779515,-0.02901162456662068,-0.037888209146812554,-0.21803099833262607,0.002277622410812656,1.1554133092598593,-0.5123211278115778
-200050.0000,202,23.371219658197358,0.048063837718541266,201.69202754703485,-0.017763347974448614,-0.04465602997722271,-0.07878034180264137,0.00231013249623427,1.0907640206284568,-0.5769704164429803
-201050.0000,203,23.51219328318917,0.04839428664130584,185.99378828155534,-0.005052668306357245,-0.04812524773916839,0.0621932831891705,0.002342006979520873,1.0274190348076813,-0.6403154022637558
-202050.0000,204,23.651864631643086,0.0487150980516553,170.34682342695078,0.008168185070377053,-0.048020834112343744,0.20186463164308677,0.0023731607781823905,0.9668532305846109,-0.7008812064868262
-203050.0000,205,23.787170287170824,0.04902546375718167,154.74922303115216,0.02091158754016733,-0.04433686596559147,0.3371702871708244,0.0024034960966067337,0.9108787713133806,-0.7568556657580565
-204050.0000,206,23.915073366327782,0.04932446113310525,139.19783452524752,0.032228220881017206,-0.03733359670864943,0.4650733663277826,0.0024329024660712105,0.8616672507258991,-0.806067186345538
-205050.0000,207,24.03262785323659,0.0496110575583137,123.68833406315133,0.04127606109972306,-0.027515342832697152,0.5826278532365912,0.002461257032054315,0.8217015166918116,-0.8460329203796255
-206050.0000,208,24.13704144079402,0.0498841166374213,108.2153145382054,0.04738009590798374,-0.015591628533829808,0.6870414407940224,0.002488425092695853,0.7936010269003537,-0.8741334101710834
-207050.0000,209,24.225735979145355,0.05014240608850151,92.77238629622485,0.050079185335555165,-0.0024249191213030342,0.775735979145356,0.0025142608883441937,0.7797846380961201,-0.887949798975317
-208050.0000,210,24.296404832270742,0.05038460715487678,77.35228735026863,0.04915753251796505,0.011031160308340004,0.8464048322707427,0.0025386086381512605,0.7820189650377221,-0.885715472033715
-209050.0000,211,24.347066599371857,0.05060932538267477,61.94700086215221,0.044659283331686464,0.023798941618099062,0.8970665993718576,0.0025613038156894487,0.8010218853161075,-0.8667125517553296
-210050.0000,212,24.376114755079996,0.0508151025939396,46.54787869563688,0.0368857686769624,0.0349449344826977,0.9261147550799969,0.002582174651632607,0.8363287974129194,-0.8314056396585177
-211050.0000,213,24.38236279246867,0.051000429877868986,31.14577089277759,0.026375814743192498,0.04364504660196397,0.9323627924686697,0.0026010438477274316,0.8864932946677644,-0.7812411424036727
-212050.0000,214,24.36508441116807,0.05116376142000556,15.731161922145873,0.013870368376066665,0.04924296020919125,0.9150844111680705,0.0026177304826432496,0.9494918701150452,-0.7182425669563919
-213050.0000,215,24.324048179288436,0.05130352899057085,0.2943154497143041,0.0002634235707754288,0.05129818892813649,0.8740481792884367,0.0026320520868863433,1.0231276760770078,-0.6446067609944293
-214050.0000,216,24.259545916041787,0.05141815691811088,344.82543014388796,-0.013458096819663645,0.04962079748482179,0.8095459160417882,0.0026438268608554734,1.105307305827633,-0.5624271312438041
-215050.0000,217,24.172413800072597,0.05150607738267812,329.3148095867325,-0.026282242781556036,0.04429031730173494,0.7224138000725979,0.002652876007350427,1.1941753215348383,-0.4735591155365988
-216050.0000,218,24.06404492057855,0.0515657458733229,313.753049640653,-0.03724391248108845,0.035657046646684495,0.6140449205785501,0.002659026147472118,1.2881485190844515,-0.3795859179869856
-217050.0000,219,23.936391676359833,0.05159565666713653,298.1312464959858,-0.04549641373331678,0.024324706112650703,0.48639167635983327,0.0026621117869130304,1.3858975260302167,-0.28183691104122044
-218050.0000,220,23.791956124881004,0.05159435820092518,282.4412279438541,-0.050378046904722,0.01111435274032326,0.3419561248810048,0.002661977798165375,1.486308427650794,-0.18142600942064302
-219050.0000,221,23.633766136178096,0.05156046822130309,266.6758089911234,-0.051468819779626786,-0.0029894420769408076,0.18376613617809667,0.002658481883200006,1.5884417402527382,-0.07929269681869888
-220050.0000,222,23.465335078415727,0.051492688614136084,250.8290705616689,-0.04863240813637349,-0.016907871455119086,0.015335078415727565,0.00265149698071238,1.6914960352513324,0.023761598179895316
-221050.0000,223,23.290602833449505,0.05138981982947419,234.8966565497259,-0.042038804573699705,-0.02954892879616236,-0.15939716655049452,0.0026409135821058183,1.7947782916849344,0.12704385461349732
-222050.0000,224,23.113856305201857,0.051250774833086044,218.87607986159503,-0.03216386374554236,-0.039895006954731575,-0.33614369479814243,0.0026266419209916856,1.8976807629973473,0.22994632592591024
-223050.0000,225,22.939628336302604,0.051074592530216165,202.7670224768856,-0.019763260706992813,-0.04709043681593731,-0.510371663697395,0.0026086140021276127,1.999663349308275,0.33192891223683785
-224050.0000,226,22.772575166018093,0.050860450621052725,186.5716084916677,-0.005820298842797343,-0.050521185860807324,-0.677424833981906,0.0025867854373765424,2.100240338647268,0.4325059015758308
-225050.0000,227,22.61733427261148,0.05060767786049469,170.29462350850554,0.008530481423338473,-0.04987833987477158,-0.8326657273885196,0.002561137058431605,2.1989705054435267,0.5312360683720896
-226050.0000,228,22.478366587281357,0.050315765707047266,153.94364996667957,0.022098986934802667,-0.045197273202098986,-0.9716334127186421,0.0025316762786864737,2.295449746277053,0.627715309205616
-227050.0000,229,22.359789465675938,0.049984379356986124,137.52908766776437,0.03374658379827067,-0.03686586384447268,-1.0902105343240613,0.0024984381797031005,2.3893056176797876,0.7215711806083505
-228050.0000,230,22.26520914212103,0.04961336817023911,121.06403333689622,0.04249382998775865,-0.025597877183067205,-1.1847908578789692,0.0024614863011956957,2.480193295034117,0.8124588579626799
-229050.0000,231,22.197563243500454,0.04920277550365909,104.56400339570001,0.04761673799010953,-0.012371611308796094,-1.2524367564995451,0.002420913117263475,2.5677925923472302,0.9000581552757931
-230050.0000,232,22.15898483610929,0.04875284797537753,88.04649980505474,0.04871946218072232,0.001661395939189418,-1.2910151638907088,0.002376840185710273,2.651805774148153,0.984071337076716
-231050.0000,233,22.150699029325956,0.04826404419055365,71.53043789061996,0.04577342933268949,0.015288155102326001,-1.299300970674043,0.0023294179616277153,2.7319559589168385,1.0642215218454014
-232050.0000,234,22.17296118605705,0.0477370429637954,55.035474098992324,0.039117021780274895,0.02735347710278238,-1.2770388139429478,0.0022788252709272476,2.807985963868174,1.140251526796737
-233050.0000,235,22.22504242530743,0.04717275107643111,38.58128659080711,0.029415377992618227,0.036872031395335125,-1.2249575746925707,0.0022252684441189325,2.8796574781216924,1.2119230410502553
-234050.0000,236,22.305263809100754,0.046572310607093464,22.186868922864505,0.017585652260582348,0.04311940356575203,-1.1447361908992448,0.0021689801152835904,2.946750478787877,1.27901604171644
-235050.0000,237,22.41107608339457,0.04593710587097597,5.8698949635936515,0.004697968882275015,0.04569158857329632,-1.0389239166054303,0.002110217695801255,3.009062824903226,1.3413283878317888
-236050.0000,238,22.53917784966537,0.045268769995591984,349.64620212826003,-0.008134687688302993,0.04452729785663573,-0.9108221503346279,0.002049261536913809,3.0664099793636677,1.3986755422922306
-237050.0000,239,22.685662200262513,0.04456919114754909,333.52942267802746,-0.01986379133466379,0.039893012893199534,-0.7643377997374863,0.0019864127995467685,3.118624820433223,1.450890383361786
-238050.0000,240,22.846180489394868,0.04384051840396995,317.5307731022839,-0.029597617129799907,0.03233574501873239,-0.6038195106051312,0.0019219910539288278,3.1655575130530322,1.4978230759815951
-239050.0000,241,23.016112031661965,0.043085167231507654,301.6589933911731,-0.036669766447299024,0.02261209203563714,-0.4338879683380341,0.001856331635366981,3.207075416779004,1.5393409797075668
-240050.0000,242,23.19072984191464,0.042305824492643404,285.9204141487992,-0.04067917480812515,0.011604001146601806,-0.2592701580853607,0.0017897827860023465,3.243063012267826,1.575328575196389
-241050.0000,243,23.365354616819197,0.04150545283978476,270.31912128825036,-0.04150099358187639,0.00023170000468164444,-0.08464538318080272,0.0017227026154355968,3.2734218322004818,1.6056873951290447
-242050.0000,244,23.53549154738996,0.04068729427874045,254.8571853086139,-0.039271139715882114,-0.010627080558916337,0.08549154738996023,0.0016554559157248255,3.2980703856654814,1.6303359485940443
-243050.0000,245,23.696946856560448,0.03985487258020319,239.53492370588447,-0.03434968340235528,-0.02020467069659988,0.24694685656044868,0.001588410868384232,3.3169440675316526,1.6492096304602155
-244050.0000,246,23.845922917414114,0.03901199408665071,224.35116932962228,-0.02726952414722948,-0.027893439198114982,0.395922917414115,0.0015219356826168698,3.3299950463793992,1.6622606093079622
-245050.0000,247,23.979092299081618,0.03816274629891669,209.3035229601104,-0.018677113629598313,-0.03327629396465649,0.5290922990816185,0.0014563952050754793,3.3371921262476043,1.6694576891761672
-246050.0000,248,24.09365208893785,0.037311493429589136,194.388573910172,-0.009271539312636655,-0.03613796233811352,0.6436520889378521,0.0013921475419462733,3.3385205788804457,1.6707861418090086
-247050.0000,249,24.187360402638394,0.03646286788068817,179.60207738207203,0.0002526705637664933,-0.03645898245069483,0.7373604026383944,0.0013295407340845212,3.3339819443937344,1.6662475073222973
-248050.0000,250,24.258557204482535,0.03562175634776085,164.93908139527707,0.009254901592810748,-0.034395497732228844,0.8085572044825362,0.0012689095252992407,3.323593799379019,1.6558593623075821
-249050.0000,251,24.306171515711732,0.03479327898743295,150.39399944039758,0.017187200666654405,-0.03024861804106251,0.8561715157117327,0.0012105722626973433,3.3073894924713327,1.6396550553998956
-250050.0000,252,24.329716876994873,0.03398275983897725,135.96062792124087,0.023620980390463585,-0.024427349655291673,0.8797168769948733,0.0011548279662736052,3.2854178483625196,1.6176834112910825
-251050.0000,253,24.329276628467518,0.033195686507406605,121.63211034371392,0.028261460826456804,-0.017408973351134588,0.8792766284675189,0.0011019536026980168,3.2577428421835792,1.5900084051121421
-252050.0000,254,24.30548023514639,0.03243765705997455,107.40085353142211,0.030950667130102513,-0.00970033853191581,0.8554802351463913,0.0010522015955405166,3.224443247143362,1.556708810071925
-253050.0000,255,24.259471561723053,0.03171431224266615,93.25840523702283,0.03166061918067597,-0.0018029137693237659,0.8094715617230541,0.0010057976010253242,3.185612259337871,1.517877822266434
-254050.0000,256,24.192869721516796,0.031031251584009156,79.19530751393734,0.030478918781714964,0.005816339887920242,0.7428697215167972,0.0009629385748700708,3.1413571047814535,1.4736226677100164
-255050.0000,257,24.107722914071914,0.030393932813817783,65.20094591786716,0.027589246225230325,0.01274705752510381,0.6577229140719147,0.0009237911518908693,3.0917986350173625,1.4240641979459254
-256050.0000,258,24.006455542633397,0.0298075553492788,51.263420366834055,0.023249317969958015,0.018650163367326483,0.5564555426333975,0.0008884903559003192,3.0370709192160485,1.3693364821446115
-257050.0000,259,23.891808879644323,0.029276930389843834,37.369468126089544,0.017768642149268744,0.02326560372037824,0.4418088796443236,0.0008571386530517614,2.9773208425664786,1.3095864054950415
-258050.0000,260,23.766775633576856,0.028806342309541093,23.504471276966626,0.011487967430366685,0.026414213008547703,0.31677563357685656,0.0008298053572544572,2.9127077231465566,1.2449732860751195
-259050.0000,261,23.63452896573601,0.028399408297836666,9.652578395917715,0.004761702982890376,0.027995262974095096,0.18452896573601052,0.000806526391667234,2.8434029625145003,1.1756685254430632
-260050.0000,262,23.498346804653572,0.0280589451983211,355.79696160545814,-0.0020561351284241,0.02798144901960164,0.04834680465357266,0.0007873044056423867,2.769589749262514,1.101855312191077
-261050.0000,263,23.361532690711005,0.027786853760495698,341.92021531629564,-0.008622630599473683,0.02641298912744284,-0.08846730928899404,0.0007721092419071739,2.691462840100189,1.023728403028752
-262050.0000,264,23.227334823538413,0.02758403060299931,328.00488317561906,-0.014614147249424683,0.023392153503886903,-0.2226651764615859,0.0007608787443072024,2.6092284502391494,0.9414940131677123
-263050.0000,265,23.098865433687568,0.02745031679527778,314.0340781355702,-0.019733244497553926,0.019078952399614643,-0.3511345663124317,0.0007535198921611093,2.5231042947370774,0.8553698576656403
-264050.0000,266,22.979022998957227,0.027384489099679787,299.99214167313266,-0.02371574003748629,0.01368797539593368,-0.4709770010427725,0.0007499102432504811,2.433319836214481,0.7655853991430437
-265050.0000,267,22.87042010714049,0.027384295933014627,285.8652766998697,-0.026339140903373623,0.007485626573617406,-0.5795798928595097,0.0007498996637469214,2.3401168137529735,0.6723823766815364
-266050.0000,268,22.775319864094207,0.027446535664914416,271.64208790662576,-0.027433137407036488,0.0007863872477420694,-0.6746801359057919,0.000753312320005419,2.243750155495807,0.5760157184243697
-267050.0000,269,22.695583604889855,0.02756717076830194,257.3139739230686,-0.02689206588229618,-0.0060535927354375555,-0.7544163951101446,0.000759948904168721,2.1444894175944187,0.4767549805229816
-268050.0000,270,22.632632258306568,0.027741468291436797,242.8753355347351,-0.024688335111739658,-0.012647214769299288,-0.8173677416934311,0.0007695890629647932,2.0426209510181206,0.3748865139466835
-269050.0000,271,22.58742304973208,0.02796415557402486,228.32358886610825,-0.020884962207859903,-0.01859261329421344,-0.8625769502679184,0.0007819939969682657,1.9384510852975994,0.27071664822616226
-270050.0000,272,22.56044235490881,0.028229580159162077,213.65899669183398,-0.015644770646487074,-0.02349508143534449,-0.8895576450911911,0.0007969091959625572,1.8323107502254155,0.16457631315397836
-271050.0000,273,22.551714524972056,0.028531864203071706,198.8843504096344,-0.009233626256395074,-0.02699390889504799,-0.8982854750279436,0.0008140672749025246,1.7245621579759995,0.05682772090456245
-272050.0000,274,22.56082550484461,0.028865045892071957,184.00454702553043,-0.0020154126052819277,-0.02879214393977317,-0.889174495155391,0.0008331908743514202,1.6156084792442518,-0.05212595782718532
-273050.0000,275,22.58695918060664,0.029223202924307246,169.02610918812218,0.005562736416342839,-0.02868631621008727,-0.8630408193933583,0.0008539955891552395,1.5059079320547948,-0.1618265050166423
-274050.0000,276,22.628943719075785,0.02960055556096207,153.95669301785097,0.01299523300932615,-0.026592563440436257,-0.8210562809242141,0.0008761928895176025,1.3959944615539008,-0.27173997551753626
-275050.0000,277,22.685304772503052,0.0299915488018725,138.80462037248992,0.01975175921172398,-0.022565525707377746,-0.7646952274969472,0.0008994929995350998,1.2865083734977372,-0.3812260635736999
-276050.0000,278,22.7543223369119,0.030390914754645046,123.57846169319049,0.0253174616449513,-0.01680684521136859,-0.6956776630880981,0.0009236076996241019,1.1782420892765617,-0.4894923477948754
-277050.0000,279,22.83408825391546,0.030793717233965855,108.28668480379577,0.029236056859368958,-0.009661080814773522,-0.6159117460845387,0.0009482530210854457,1.0722087726948915,-0.5955256643765456
-278050.0000,280,22.922561777095545,0.03119538112088057,92.93737550398987,0.0311516041637368,-0.0015981775279822422,-0.5274382229044541,0.0009731518032769919,0.969744673760845,-0.697989763310592
-279050.0000,281,23.017621208144362,0.03159170914107247,77.53802834968656,0.03084454046295782,0.0068168652252752916,-0.432378791855637,0.0009980360864541217,0.8726576500619709,-0.7950767870094662
-280050.0000,282,23.117110261983516,0.03197888860245923,62.09540091931018,0.028257948305639963,0.01496500889734802,-0.33288973801648325,0.001022649316248497,0.7834269930160884,-0.8843074440553487
-281050.0000,283,23.218878468288153,0.03235349036712934,46.615421975554455,0.02351088851981783,0.022221499371366214,-0.23112153171184602,0.0010467483389359309,0.7054222602601314,-0.9623121768113057
-282050.0000,284,23.32081549960268,0.032712461999086354,31.103142861993035,0.016896858924648206,0.028007228911180636,-0.12918450039731866,0.0010701051700416687,0.6429999082081368,-1.0247345288633003
-283050.0000,285,23.420879793791247,0.03305311668195106,15.562721742073734,0.008866890227157777,0.03183842848451497,-0.02912020620875211,0.0010925085223906714,0.6011400121175574,-1.0665944249538797
-284050.0000,286,23.51712219079297,0.033373119173590156,359.99743142384887,-0.0000017059827747837111,0.033370035841306225,0.06712219079297199,0.0011137650833746508,0.58421862341859,-1.083515813652847
-285050.0000,287,23.60770552695285,0.03367046977574677,344.4096831165891,-0.009048524563777926,0.03242860907959257,0.15770552695284934,0.0011337005349194766,0.5941511271535735,-1.0735833099178635
-286050.0000,288,23.690921233102507,0.03394348705332592,328.80106022965697,-0.01758162437279513,0.02903158226731193,0.24092123310250813,0.0011521603133393045,0.6293183272397889,-1.0384161098316482
-287050.0000,289,23.765203981166582,0.03419078984027245,313.17235804035715,-0.02493308914109149,0.023390884170724217,0.315203981166583,0.0011690101099016777,0.6854020377701207,-0.9823323993013164
-288050.0000,290,23.829145338039616,0.03441127891328165,297.52362660001927,-0.030513838541438514,0.015900335599902397,0.37914533803961703,0.0011841361164476622,0.7572579639800334,-0.9104764730914037
-289050.0000,291,23.881507235037475,0.034604118595366745,281.8542155551338,-0.0338629867319791,0.007107669101175396,0.43150723503747557,0.0011974450237622065,0.8402955407928936,-0.8274388962785435
-290050.0000,292,23.921235865056126,0.03476871846251815,266.1628206172725,-0.03468751176075176,-0.0023266543224022846,0.47123586505612636,0.0012088637835258507,0.930947851889957,-0.7367865851814801
-291050.0000,293,23.947476393657965,0.03490471526251504,250.44753223448674,-0.03288882338743146,-0.011680536950841692,0.4974763936579656,0.0012183391475572504,1.0266068897133778,-0.6411275473580593
-292050.0000,294,23.95958862743038,0.035011955110214155,234.7058876252447,-0.028573913486984785,-0.02022712881954001,0.5095886274303822,0.0012258370006396511,1.1253992097305647,-0.5423352273408724
-293050.0000,295,23.957163532752304,0.03509047599394815,218.93492776519247,-0.022050039108119143,-0.02729292209904354,0.5071635327523047,0.0012313415054818514,1.2259712561486975,-0.4417631809227396
-294050.0000,296,23.940040247482692,0.0351404906094018,203.13126119505137,-0.013803213988817946,-0.032312381325486285,0.4900402474826926,0.0012348540802694563,1.3273273237826666,-0.3404071132887705
-295050.0000,297,23.908322982000243,0.035162369527611065,187.29113666356216,-0.004462064475174546,-0.03487470996297552,0.4583229820002437,0.0012363922307962712,1.4287172039204243,-0.23901723315101275
-296050.0000,298,23.86239696847288,0.035156624700263844,171.41052663819164,0.00525025248369413,-0.03475895708562885,0.4123969684728799,0.0012359882603152018,1.5295605843545257,-0.1381738527169114
-297050.0000,299,23.802942392468985,0.0351238933065063,155.48522359809635,0.014572442775642735,-0.031954543070807605,0.35294239246898584,0.0012336878810068383,1.629396454815812,-0.038337982255625125
-298050.0000,300,23.73094503494834,0.035064921949606184,139.5109507411554,0.02276549110532959,-0.02666536085667864,0.280945034948342,0.0012295487513319736,1.7278490248879619,0.06011458781652479
-299050.0000,301,23.647702174366934,0.03498055121804058,123.48348824567012,0.02917244746239472,-0.019296815233935262,0.1977021743669347,0.00122363896351796,1.824604478264159,0.15687004119272197
-300050.0000,302,23.55482216179548,0.0348717006330444,107.39881547045638,0.033272883024999374,-0.010426423042164616,0.10482216179548232,0.0012160355050406693,1.9193948757048642,0.25166043863342713
-301050.0000,303,23.454216006143934,0.034739354012733176,91.25326839216552,0.03472758068810554,-0.0007598419502295887,0.004216006143934692,0.0012068227172220005,2.011986826545461,0.3442523894740237
-302050.0000,304,23.348079317719275,0.03458454529108217,75.0437101120487,0.033409598355994954,0.008924641311764918,-0.10192068228072415,0.0011960907729909136,2.102173386362005,0.43443894929056803
-303050.0000,305,23.23886308807297,0.034408344837877344,58.767710391828246,0.029418707392576904,0.017839115075770774,-0.21113691192702788,0.0011839341944822805,2.18976817199988,0.522033734928443
-304050.0000,306,23.129232067240103,0.034211846332882045,42.42372793302576,0.023077341739174702,0.025251685941710393,-0.320767932759896,0.0011704504295047347,2.27460102633109,0.6068665892596528
-305050.0000,307,23.022009968998535,0.03399615425356802,26.011286618318536,0.01490756147344603,0.030549387264714317,-0.42799003100146393,0.001155738504032391,2.3565147851490718,0.6887803480776347
-306050.0000,308,22.920111413789535,0.03376237204055052,9.531134427528116,0.005590084466955762,0.03329282231641829,-0.5298885862104648,0.0011398977658045476,2.4353628421289537,0.7676284050575166
-307050.0000,309,22.826461410107505,0.0335115910080859,352.9853715970021,-0.004091913537253515,0.03325729937485069,-0.6235385898924939,0.0011230267318932238,2.5110073025338,0.8432728654623629
-308050.0000,310,22.743904248901515,0.03324488006841143,336.3775332978528,-0.013319913687557722,0.03045601730598848,-0.7060957510984842,0.0011052220507630594,2.5833175796773546,0.9155831426059176
-309050.0000,311,22.675104869900935,0.03296327633813825,319.7126122095531,-0.021312354252622213,0.025142207957928247,-0.7748951300990647,0.0010865775869444653,2.6521693309870567,0.9844348939156196
-310050.0000,312,22.622446935326806,0.03266777669220589,302.9970083480722,-0.027395388721520877,0.01778900293001867,-0.827553064673193,0.0010671836340118306,2.7174436598040987,1.0497092227326617
-311050.0000,313,22.587932856608383,0.032359330325976696,286.23839765111154,-0.031065009166590447,0.009048039658470331,-0.8620671433916165,0.001047126259145675,2.7790265292925564,1.1112920922211194
-312050.0000,314,22.573091685013317,0.03203883237887188,269.44551704143055,-0.03203388861786686,-0.00030978009424247326,-0.8769083149866823,0.0010264867802014493,2.8368083489313456,1.1690739118599085
-313050.0000,315,22.578900932672823,0.031707118663570635,252.62787142760726,-0.03025763159720206,-0.009465745877845315,-0.8710990673271759,0.0010053413739457492,2.890683703963884,1.222949266892447
-314050.0000,316,22.60572792603702,0.03136496153334975,235.79537634262033,-0.025937271134851045,-0.017629702875618748,-0.8442720739629799,0.0009837608119885096,2.9405512051738025,1.2728167681023654
-315050.0000,317,22.653295190745496,0.031013066906848984,218.95795734056492,-0.01949756370811137,-0.024113226879630457,-0.7967048092545035,0.0009618103189686916,2.986313441317974,1.318579004246537
-316050.0000,318,22.720672718538875,0.030652072454712367,202.1251325282468,-0.011543513566860914,-0.028391798942840836,-0.7293272814611242,0.0009395495457689367,3.0278770200815295,1.3601425830100924
-317050.0000,319,22.8062979713601,0.030282546936565787,185.30560668393855,-0.002800138835922975,-0.030149536309572816,-0.6437020286399004,0.0009170326489653099,3.0651526859414804,1.3974182488700433
-318050.0000,320,22.908022402441773,0.02990499066009547,168.50690390182626,0.005957652037870015,-0.029302268825910784,-0.5419775975582262,0.0008943084663803973,3.0980555051292873,1.4303210680578502
-319050.0000,321,23.023181399341055,0.029519837017097574,151.7350609166424,0.013977354109678587,-0.02599746185629831,-0.42681860065894384,0.0008714207775160042,3.12650510917679,1.458770672105353
-320050.0000,322,23.148683113745225,0.02912745503480997,134.9943961621288,0.020595837371891162,-0.020592217495233447,-0.3013168862547744,0.0008484086368048768,3.1504259894640736,1.4826915523926365
-321050.0000,323,23.281110780468072,0.028728152865152404,118.28736151892241,0.025294669574627858,-0.01361291293487938,-0.16888921953192693,0.0008253067670435643,3.169747835870683,1.502013398799246
-322050.0000,324,23.416832876739303,0.02832218212021224,101.61447595551999,0.027739278474434647,-0.005701663846298049,-0.033167123260696485,0.0008021460000504699,3.1844059131428226,1.5166714760713855
-323050.0000,325,23.552115765953033,0.027909742949892867,84.97433392732268,0.027799546095525256,0.0024443913220800213,0.10211576595303384,0.0007789537515290946,3.1943414689878877,1.5266070319164506
-324050.0000,326,23.68323417120812,0.027490989747495302,68.36367709051342,0.02555148726679063,0.010134963252503447,0.23323417120812096,0.0007557545172968918,3.1995021682380975,1.5317677311666604
-325050.0000,327,23.80657576631153,0.027066037361448976,51.77751575215103,0.021261428996574724,0.016744215131788948,0.3565757663115292,0.0007325703784513518,3.1998425477211025,1.5321081106496655
-326050.0000,328,23.918737193381354,0.026634967686656304,35.20928627679638,0.015355435861336296,0.02175968554855336,0.46873719338135444,0.0007094215036692255,3.195324486763636,1.5275900496921988
-327050.0000,329,24.016609784317225,0.026197836507077445,18.651031936264246,0.008377582345739192,0.02481933710141193,0.566609784317226,0.0006863266376515597,3.18591768855602,1.518183251484583
-328050.0000,330,24.097454086840038,0.025754680462247014,2.0935968811080556,0.0009410946200949558,0.02573478941071948,0.6474540868400389,0.0006633035657124481,3.171600167939231,1.503865730867794
-329050.0000,331,24.158962924673514,0.025305524014280073,345.52682553037164,-0.00632354779102387,0.024499965720880902,0.7089629246735143,0.0006403695456373054,3.15235874155906,1.4846243044876228
-330050.0000,332,24.199313140623573,0.024850386298386658,328.9397623271748,-0.01281965301796243,0.021285408085228635,0.749313140623574,0.0006175416991790433,3.1281895167811484,1.4604550797097113
-331050.0000,333,24.217206390682627,0.024389287748700826,312.32084922460945,-0.018030973665987236,0.016419377064884118,0.7672063906826274,0.0005948373568889282,3.0990983762952973,1.4313639392238602
-332050.0000,334,24.211899402206036,0.023922256402007867,295.6581202937484,-0.02156093769065279,0.01035755507518609,0.761899402206037,0.0005722743513634064,3.06510145598049,1.397367018909053
-333050.0000,335,24.183224013019238,0.023449333794360254,278.93939440873874,-0.02316197191476095,0.0036437376450749546,0.7332240130192389,0.0005498712553993259,3.026225614382413,1.358491177310976
-334050.0000,336,24.131597107589855,0.022970580379228216,262.15246803426317,-0.022753054373002964,-0.0031356559026188176,0.6815971075898553,0.0005276475629585843,2.982508893111455,1.314774456040018
-335050.0000,337,24.058020298736658,0.0224860804103678,245.2853107038327,-0.020424304325881115,-0.009400079362988908,0.6080202987366583,0.0005056238122215265,2.934000968653093,1.266266531581656
-336050.0000,338,23.964068907307066,0.02199594624765837,228.32626581073873,-0.016428152853071257,-0.014622956654404686,0.5140689073070668,0.00048382165132987627,2.8807635975657853,1.2130291604943482
-337050.0000,339,23.851869508604693,0.021500322059460696,211.26425879371243,-0.011157439381742136,-0.0183758607980065,0.40186950860469395,0.00046226384866053223,2.822871058923875,1.1551366218524377
-338050.0000,340,23.724065087858797,0.020999386910320366,194.08901362299218,-0.005111649587411046,-0.02036530241060721,0.2740650878587978,0.00044097425060933435,2.7604106002852076,1.0926761632137705
-339050.0000,341,23.58376672787928,0.02049335723789624,176.79127661092184,0.0011465690693212012,-0.02045890199387012,0.13376672787928,0.00041997769088003426,2.6934828966256372,1.0257484595542001
-340050.0000,342,23.434490795643743,0.01998248873770217,159.36304394196054,0.00704154753181785,-0.018698218924386348,-0.015509204356256134,0.0003992998561523941,2.6222025358734125,0.9544680988019754
-341050.0000,343,23.28008085858821,0.019467077688552832,141.79778597158156,0.012037456756003395,-0.015296306670940287,-0.1699191414117891,0.0003789671137321515,2.5466985503142134,0.8789641132427763
-342050.0000,344,23.124614098546736,0.018947461765514616,124.09065744794623,0.015689258037331327,-0.01061918429639895,-0.32538590145326296,0.00035900630735563827,2.467115020837542,0.799380583766105
-343050.0000,345,22.972292837149308,0.01842402040076279,106.2386787259394,0.0176867175224992,-0.005151844405635433,-0.4777071628506917,0.0003394445277277235,2.3836117916719033,0.7158773546004662
-344050.0000,346,22.82732294235158,0.017897174766196802,88.24086936699035,0.01788652860377181,0.0005489191317270304,-0.6226770576484206,0.00032030886461179156,2.296365348286871,0.628630911215434
-345050.0000,347,22.693782299325783,0.017367387465198267,70.09831306905897,0.01632825503465085,0.005910840684370895,-0.7562177006742168,0.0003016261473663259,2.2055699326266422,0.5378354955552052
-346050.0000,348,22.575484077924315,0.016835162034847688,51.814132591237694,0.013231162494700167,0.010406071349926958,-0.874515922075684,0.00028342268073957693,2.111439001034627,0.4437045639631898
-347050.0000,349,22.47584101584787,0.0163010423746439,33.39335608826303,0.008971024430265283,0.013607922288273736,-0.9741589841521296,0.00026572398249993605,2.014207176240806,0.3464727391693687
-348050.0000,350,22.39773810349699,0.015765612233794815,14.842662544511484,0.004038495214432619,0.015237437913782625,-1.0522618965030084,0.00024855452910638073,1.9141329137584089,0.2463984766869718
-349050.0000,351,22.343421624929817,0.015229494907066637,356.17000361728265,-0.0010167003833797448,0.015193481226165546,-1.1065783750701819,0.00023193751512436863,1.8115022081613765,0.14376777108993943
-350050.0000,352,22.314412243974925,0.014693353309711596,337.38411112418964,-0.005649178244884402,0.013561823892906711,-1.1355877560250747,0.0002158946314840127,1.7066338276606896,0.038899390589252514
-351050.0000,353,22.311448605096192,0.01415789062597552,318.49391177763573,-0.009380816385749826,0.010601481060025618,-1.138551394903807,0.00020044586697708552,1.599886822278751,-0.06784761479268608
-352050.0000,354,22.33446579748715,0.013623851754063583,299.5078812460737,-0.011854820884999888,0.006709796379055519,-1.1155342025128476,0.00018560933661670138,1.4916714625955763,-0.17606297447586083
-353050.0000,355,22.382610250593466,0.013092025804233975,280.4333759978924,-0.01287369243729286,0.0023709672145742467,-1.0673897494065336,0.00017140113965872825,1.3824654356982133,-0.28526900137322375
-354050.0000,356,22.45428958497737,0.0125632499468804,261.2759822377519,-0.012416222446008188,-0.00190482942457635,-0.9957104150226286,0.0001578352492277904,1.2728382267925258,-0.3948962102789113
-355050.0000,357,22.54725309523524,0.01203841495480471,242.03891641922723,-0.010631827429421675,-0.005643285751995752,-0.9027469047647578,0.0001449234346240657,1.1634884351978352,-0.5042460018736019
-356050.0000,358,22.658696309136644,0.01151847283845895,222.72250251563173,-0.007813893724666706,-0.008460521718418875,-0.7913036908633551,0.00013267521653031658,1.0553017461422325,-0.6124326909292046
-357050.0000,359,22.78538172805603,0.011004447033422309,203.32373970856077,-0.004356717603935384,-0.01010356429745686,-0.6646182719439686,0.00012109785451139705,0.9494419125017017,-0.7182925245697354
-358050.0000,360,22.92376749768647,0.010497445661645717,183.8359631516986,-0.0007026068388349743,-0.010472377277261316,-0.5262325023135297,0.00011019636541920448,0.8474933562257164,-0.8202410808457207
-359050.0000,361,23.0701362910987,0.00999867844274761,164.24859264021438,0.002713475796621408,-0.009621915114019358,-0.3798637089013006,0.00009997357060146576,0.7516785964538404,-0.9160558406175967
-360050.0000,362,23.2207178827894,0.009509477860414693,144.54696158294053,0.005514674204928454,-0.007745426925153761,-0.2292821172105981,0.0000904301691777172,0.6651609066626416,-1.0025735304087955
-361050.0000,363,23.371800468067484,0.009031325157637353,124.71222339473798,0.007422599231304381,-0.005142493354169479,-0.0781995319325155,0.00008156483410297336,0.5923612973426348,-1.0753731397288022
-362050.0000,364,23.519827462702672,0.008565881583295874,104.72134584355041,0.008283316970492356,-0.002176801503879602,0.0698274627026727,0.00007337432729904744,0.5389673887461292,-1.128767048325308
-363050.0000,365,23.66147808635118,0.008115024941607093,84.54722764532886,0.008077076058008448,0.0007706214429588168,0.21147808635118182,0.0000658536298029052,0.5109203474840183,-1.1568140895874188
-364050.0000,366,23.793731350883057,0.007680890746892375,64.15900750645386,0.006911915506047313,0.0033470309411215565,0.34373135088305773,0.00005899608266569691,0.511943668946804,-1.155790768124633
-365050.0000,367,23.91391407800578,0.007265915925581182,43.52268512252607,0.005003056599266362,0.005267410482682283,0.4639140780057822,0.00005279353423761425,0.5411834012356669,-1.1265510358357702
-366050.0000,368,24.019734255800344,0.006872880727350324,22.602234760164322,0.0026413401616767833,0.00634380300994045,0.5697342558003449,0.000047236489492383516,0.5936322955665864,-1.0741021415048508
-367050.0000,369,24.109301445995605,0.006504940981986167,1.3614555220503917,0.00015485896782746358,0.0065019614808839304,0.6593014459956059,0.00004231425717912315,0.662842690119763,-1.004891746951674
-368050.0000,370,24.18113612735339,0.0061656379098100605,339.7668422931954,-0.0021316581288991663,0.005784236477388324,0.7311361273533912,0.00003801509083488697,0.7431175661759797,-0.9246168708954574
-369050.0000,371,24.234169864324038,0.005858866788342082,317.7917244541161,-0.003935204388542774,0.004339082608874941,0.7841698643240385,0.00003432632004353786,0.8301879810270616,-0.8375464560443755
-370050.0000,372,24.267738078291607,0.00558878061632878,295.4217206509852,-0.0050465489576317305,0.0023988954430728448,0.8177380782916082,0.0000312344687774523,0.9210477889307418,-0.7466866481406953
-371050.0000,373,24.281567015915577,0.00535960429436229,272.66110371180616,-0.0053527414253500445,0.00024899494298743894,0.8315670159155779,0.000028725358192146703,1.01359720289053,-0.6541372341809071
-372050.0000,374,24.275756289149783,0.005175344609745355,249.5389408249215,-0.004847887988637995,-0.001808622417721956,0.8257562891497834,0.0000267841918296203,1.1063415181609568,-0.5613929189104803
-373050.0000,375,24.25075812820942,0.005039406887406347,226.1130700168335,-0.0036312591954198014,-0.0034926856268136805,0.80075812820942,0.000025395621776838526,1.1981832474239194,-0.46955118964751774
-374050.0000,376,24.20735425737862,0.004954169443673823,202.4696142685525,-0.001893102223903596,-0.004577056483682651,0.7573542573786192,0.000024543794876631396,1.2882880368458176,-0.3794464002256195
-375050.0000,377,24.14663108305716,0.0049206075440248066,178.71647333617057,0.00011018928395877297,-0.004918314872283247,0.6966310830571594,0.000024212378602313838,1.37599972050698,-0.29173471656445704
-376050.0000,378,24.06995367842572,0.004938073183348509,154.97125750003147,0.0020887575206272146,-0.004473391039807128,0.6199536784257198,0.00002438456676410568,1.4607863545975606,-0.20694808247387653
-377050.0000,379,23.978938861593456,0.005004304738086262,131.34658035236237,0.003756136917479849,-0.0033051388654663054,0.5289388615934563,0.000025043065911632608,1.5422055305681142,-0.12552890650332293
-378050.0000,380,23.875427495061462,0.005115668491561059,107.9369370031718,0.004866064203920596,-0.0015750195227129103,0.42542749506146293,0.0000261700641155506,1.6198817444224032,-0.04785269264903391
-379050.0000,381,23.761455984966133,0.0052675596422443755,84.81059543990528,0.005244899397030203,0.00047651684815239463,0.311455984966134,0.000027747184584601693,1.6934914022919438,0.025756965220506745
-380050.0000,382,23.639226831178497,0.005454853538695341,62.00761829508815,0.00481565646366937,0.0025599359919018998,0.18922683117849814,0.000029755427128617085,1.7627527404579084,0.09501830338647133
-381050.0000,383,23.51107797805205,0.005672310004829076,39.542868807880836,0.00361044994370306,0.004373508104629839,0.06107797805205095,0.00003217510079088404,1.8274189612647707,0.15968452419333357
-382050.0000,384,23.379450646651314,0.005914875412937875,17.41176354748194,0.001769390669242468,0.005642884904384627,-0.07054935334868517,0.000034985751150577,1.8872735074958529,0.21953907042441578
-383050.0000,385,23.246855300828784,0.006177870663511908,355.5966655450343,-0.00047449007092875353,0.006158514787231144,-0.20314469917121514,0.00003816608593508106,1.9421267797994695,0.27439234272803237
-384050.0000,386,23.115835420964704,0.006457081593151568,334.07256155630535,-0.0028229944287175004,0.005806038443965422,-0.3341645790352956,0.000041693902700616786,1.9918138404954773,0.3240794034240402
-385050.0000,387,22.988928839887613,0.006748779326902767,312.8114467130425,-0.004950208430095096,0.004585407432084075,-0.461071160112386,0.000045546022403230164,2.0361927988833983,0.36845836181196123
-386050.0000,388,22.868626542731214,0.0070496973448351385,291.7853693943973,-0.006545224944258363,0.0026156653661043383,-0.5813734572687856,0.0000496982326537756,2.0751436714077176,0.4074092343362805
-387050.0000,389,22.757329048948762,0.007356986088955868,270.9683467816584,-0.007354737618859566,0.0001240331260733178,-0.6926709510512374,0.00005412524431309016,2.1085675747663513,0.44083313769491417
-388050.0000,390,22.657300775772,0.007668159155728249,250.33743270068635,-0.00721977848955863,-0.0025800319761645867,-0.7926992242279987,0.00005880066483757897,2.13638615349812,0.4686517164266828
-389050.0000,391,22.570623113662254,0.007981039496213406,229.87319558370882,-0.006101317087127656,-0.005143030540011088,-0.8793768863377451,0.00006369699144011834,2.1585411733287097,0.49080673625727256
-390050.0000,392,22.49914730020054,0.008293710068425787,209.55980749790933,-0.004090672896738301,-0.007213221199154116,-0.9508526997994586,0.00006878562669910727,2.1749942323649667,0.5072597952935296
-391050.0000,393,22.44444852314537,0.008604470857789134,189.3848871103694,-0.0014026105480748853,-0.008488038958833873,-1.005551476854631,0.00007403691874254249,2.1857265571705264,0.5179921200990893
-392050.0000,394,22.40778297201487,0.008911802711451373,169.3391925709043,0.0016486446172895406,-0.008756600267815825,-1.042217027985128,0.00007942022756783205,2.1907388618419015,0.5230044247704644
-393050.0000,395,22.390049744345152,0.00921433765638056,149.41622688876015,0.0046877524002255505,-0.00793117191511275,-1.0599502556548472,0.0000849040184457928,2.190051256787891,0.5223168197164538
-394050.0000,396,22.391759557071776,0.0095108350166225,129.61179656917324,0.007326049206011586,-0.006062848277250771,-1.0582404429282235,0.00009045598271341272,2.183703200943314,0.5159687638718768
-395050.0000,397,22.413012088569943,0.009800162529269404,109.92355100865694,0.009212335925737732,-0.003338842557600446,-1.0369879114300566,0.00009604318560009607,2.1717534973193384,0.5040190602479013
-396050.0000,398,22.453483477148076,0.010081281668101752,90.35052249842528,0.01007963254324967,-0.00006143005837557492,-0.9965165228519233,0.00010163224007160445,2.154280337664085,0.486545900592648
-397050.0000,399,22.512425046433606,0.010353236451980153,70.89268230098799,0.009781370830234006,0.003388741697723417,-0.9375749535663935,0.00010718950503061059,2.131381408073345,0.463646971001908
-398050.0000,400,22.58867376006056,0.010615145104902756,51.55052545110033,0.00831201176067639,0.0065999892269139,-0.8613262399394408,0.00011268130559814095,2.1031740741438574,0.4354396370724203
-399050.0000,401,22.68067428780077,0.01086619402691913,32.324694603572425,0.005809348223736159,0.00918110088954809,-0.7693257121992296,0.00011807417263065296,2.069795672250815,0.402061235179378
-400050.0000,402,22.786511960553497,0.011105633620702004,13.21565083425196,0.0025383947370565202,0.010810067792385643,-0.6634880394465021,0.0001233350981172667,2.0314039434249964,0.3636695063535593
-401050.0000,403,22.90395536591866,0.011332775593944239,354.2233966192605,-0.0011406699789570686,0.011273669082190164,-0.5460446340813405,0.0001284318026626982,1.9881776589651885,0.3204432218937514
-402050.0000,404,23.03050693832739,0.011546991422225067,335.34725336145266,-0.004815959477702187,0.010493025771182685,-0.4194930616726076,0.00013333301090493927,1.9403175035003126,0.27258306642887553
-403050.0000,405,23.16345965551303,0.011747711711283061,316.58569303410013,-0.008072876403051203,0.008532328422887273,-0.2865403444869692,0.0001380087304514172,1.888047303281018,0.22031286620958102
-404050.0000,406,23.29995787096651,0.01193442624302092,297.93622103444545,-0.010542383404783468,0.00559027567157769,-0.15004212903349057,0.00014243052975010644,1.8316157171851546,0.1638812801137175
-405050.0000,407,23.437060373890166,0.012106684527469679,279.3953054006158,-0.011942747084593593,0.00197596878768286,-0.012939626109833569,0.0001465718102476737,1.771298548218176,0.10356411114673891
-406050.0000,408,23.57180394331528,0.012264096714684692,260.9583462688861,-0.012110129384577208,-0.0019272037085295772,0.12180394331528177,0.00015040806822713985,1.7074018881820965,0.03966745111065939
-407050.0000,409,23.701265913125056,0.01240633474732836,242.61967885652416,-0.011015042299749471,-0.005704977659073927,0.25126591312505653,0.00015391714186276705,1.6402663829772521,-0.027468054094184957
-408050.0000,410,23.822624550446655,0.012533133657519168,224.37260328366403,-0.008763517949955387,-0.00895770927973877,0.37262455044665543,0.0001570794392772398,1.5702730073666742,-0.0974614297047629
-409050.0000,411,23.933216336093977,0.012644292931216917,206.20943507366246,-0.005583625768060735,-0.011342895424554238,0.48321633609397807,0.0001598781437304221,1.4978508735479823,-0.1698835635234548
-410050.0000,412,24.03058949443204,0.012739677880662617,188.12157104805374,-0.0017994930794252594,-0.012610350402704725,0.58058949443204,0.00016229939250304436,1.4234877740122034,-0.2442466630592337
-411050.0000,413,24.11255333136236,0.01281922098072548,170.09956641463918,0.0022038763944592188,-0.012626751186223473,0.6625533313623606,0.0001643324265526723,1.3477443755765957,-0.31999006149484144
-412050.0000,414,24.177223091024942,0.012882923138867873,152.13322001104052,0.006021002037966726,-0.011387561553172252,0.7272230910249426,0.00016596970860197725,1.2712732168149898,-0.39646122025644726
-413050.0000,415,24.223060128744866,0.012930854881153125,134.21166581565785,0.009267322046548603,-0.009015705214952423,0.7730601287448664,0.0001672070079574416,1.1948438406046105,-0.47289059646682663
-414050.0000,416,24.248907219227455,0.012963157448528963,116.32346990694577,0.011617535898386303,-0.0057476449792327935,0.7989072192274556,0.00016804345103535193,1.1193753201153167,-0.5483591169561204
-415050.0000,417,24.254018778212394,0.01298004380870297,98.45673299723472,0.01283735607582725,-0.0019086388604478031,0.8040187782123951,0.0001684815372758483,1.0459766581188186,-0.6217577789526185
-416050.0000,418,24.238085678721244,0.012981799599361535,80.5991994608641,0.012805898159858092,0.0021201820230134063,0.7880856787212451,0.0001685271208379833,0.9759931326638547,-0.6917413044075824
-417050.0000,419,24.20125419808956,0.012968784028297538,62.73837439491888,0.01152687221822657,0.0059396711056817365,0.751254198089562,0.00016818935917262533,0.911051011722658,-0.7566834253487791
-418050.0000,420,24.144138450267178,0.012941430765128357,44.86165066680138,0.00912775705422194,0.009171906521618135,0.6941384502671788,0.00016748063024861072,0.8530820857682152,-0.8146523513032219
-419050.0000,421,24.06782545395631,0.012900248867524486,26.956448076587662,0.005847169784042813,0.011497230795147733,0.6178254539563106,0.00016641642084406678,0.8042926470332414,-0.8634417900381957
-420050.0000,422,23.973871780282973,0.012845823791952118,9.010366637285244,0.0020116248713946384,0.012685739031833777,0.523871780282974,0.00016501518889388308,0.7670258546262991,-0.900708582445138
-421050.0000,423,23.864290539203846,0.01277881854440658,351.01135547977617,-0.001996242267956221,0.012620332791642631,0.4142905392038472,0.0001632982033908695,0.743474740183163,-0.9242596968882741
-422050.0000,424,23.74152733449388,0.012699975029865612,332.94789793859127,-0.005775175762615124,0.011309132459946785,0.2915273344938818,0.00016128936575921006,0.7352682692712533,-0.9324661678001838
-423050.0000,425,23.608423783678123,0.01261011565938943,314.8092118933222,-0.00894516136943356,0.008885892519112428,0.15842378367812415,0.00015901501694317853,0.7430695355376494,-0.9246649015337877
-424050.0000,426,23.46816730947591,0.012510145269818054,296.58546238624956,-0.011185961191476973,0.005598055960020382,0.018167309475909832,0.00015650373467195102,0.766393918212741,-0.901340518858696
-425050.0000,427,23.324226214621163,0.012401053401482783,278.26798094141793,-0.0122705712605293,0.0017831718774698438,-0.12577378537883632,0.00015378612546642771,0.8037589167154493,-0.8639755203559878
-426050.0000,428,23.180269600200724,0.01228391696248499,259.8494830278637,-0.012090097632846984,-0.0021644751522444505,-0.2697303997992755,0.00015089461594122646,0.853072440102796,-0.8146619969686411
-427050.0000,429,23.040072511880823,0.012159903281815689,241.32427206209104,-0.010667132404830757,-0.005834095004301829,-0.4099274881191768,0.00014786324782311194,0.9120533133114697,-0.7556811237599674
-428050.0000,430,22.90740780118071,0.012030273515467548,222.68841574758585,-0.008155652603124928,-0.00884162350815908,-0.542592198819289,0.00014472748085695992,0.9785338736276751,-0.689200563443762
-429050.0000,431,22.785927525349564,0.011896386317096608,203.93987908892427,-0.004826741460984383,-0.01087145181597179,-0.6640724746504354,0.0001415240074056034,1.0506120133869066,-0.6171224236845305
-430050.0000,432,22.679038172440084,0.011759701615155266,185.07859885767482,-0.0010409664925148817,-0.011711929240491855,-0.7709618275599155,0.00013829058207748537,1.1266915384650362,-0.5410428986064009
-431050.0000,433,22.589775414090695,0.011621784249626971,166.1064872843158,0.002790105277172595,-0.011280246002723843,-0.8602245859093038,0.00013506586914487754,1.2054623294689675,-0.4622721076024696
-432050.0000,434,22.5206852290108,0.011484307112644098,147.02735860734248,0.006249235475115992,-0.009633255379361291,-0.9293147709891976,0.00013188930985752782,1.28585733192035,-0.3818771051510872
-433050.0000,435,22.47371885640961,0.011349053309685631,127.84678052012919,0.00896049858179707,-0.006962342355850244,-0.9762811435903878,0.00012880101102608638,1.3670063271898454,-0.3007281098815917
-434050.0000,436,22.45014891523897,0.011217916716686852,108.57186244039963,0.010632197271993014,-0.0035724320985061845,-0.9998510847610298,0.00012584165546252233,1.44819491784357,-0.21953951922786707
-435050.0000,437,22.45051304260202,0.011092900163580943,89.21100208292307,0.011090260190787113,0.00015262666068857958,-0.9994869573979805,0.0001230524340391741,1.5288310965088612,-0.13890334056257592
-436050.0000,438,22.474589590712963,0.010976110343977056,69.7736188245052,0.010297802745384717,0.003794136593131106,-0.9754104092870364,0.00012047499828316013,1.608419120284852,-0.05931531678658519
-437050.0000,439,22.521407470243354,0.01086974845978216,50.269904719593455,0.00835837166635928,0.006946562241234151,-0.9285925297566457,0.00011815143157893665,1.6865395132241037,0.018805076152666578
-438050.0000,440,22.589289471912572,0.010776095593016562,30.710620420340376,0.005502636650295982,0.009263439660555251,-0.8607105280874272,0.00011612423622983097,1.7628338910003958,0.09509945392895869
-439050.0000,441,22.675925740366267,0.010697491895298766,11.106953611211907,0.0020605330937526816,0.010495569792256552,-0.774074259633732,0.00011443633284998278,1.8369934590312162,0.16925902195977915
-440050.0000,442,22.778471894301354,0.010636308938831626,351.47044329642574,-0.0015772972172811883,0.01051712612092221,-0.6715281056986449,0.00011313106784226955,1.9087502632321123,0.24101582616067518
-441050.0000,443,22.893664856108874,0.010594915010741349,331.812957087546,-0.005003763437225919,0.009337104704359937,-0.5563351438911255,0.00011225222408483235,1.9778704878211033,0.3101360507496662
-442050.0000,444,23.017948886304524,0.010575633759613401,312.146694007698,-0.007839924855010127,0.007095538597215706,-0.43205111369547566,0.00011184402941747468,2.044149271861643,0.3764148347902059
-443050.0000,445,23.147604563857172,0.010580697382799743,292.48417575759765,-0.009774975279388438,0.004045748138825536,-0.3023954361428274,0.00011195115710638534,2.107406653484257,0.43967221641281995
-444050.0000,446,23.278874339370972,0.010612196388405031,272.83818757686777,-0.010597625263543787,0.0005253518694596183,-0.171125660629027,0.0001126187121860768,2.1674843537564747,0.49974991668503765
-445050.0000,447,23.408079574667546,0.010672028740781391,253.22163694788094,-0.010216192686886935,-0.003080307827627629,-0.04192042533245299,0.00011389219744406404,2.2242431883268656,0.5565087512554285
-446050.0000,448,23.53172542527279,0.01076185173827195,233.64731357953133,-0.008666103939333737,-0.006378274972812003,0.08172542527278992,0.000115817452836547,2.277560950883579,0.6098265138121417
-447050.0000,449,23.646591317238396,0.01088304012256441,214.12755446696985,-0.006104810295212261,-0.009007641169472877,0.19659131723839707,0.00011844056230934677,2.3273306534591525,0.6595962163877154
-448050.0000,450,23.749805975429922,0.011036653584830868,194.67383891889563,-0.0027952231247327444,-0.010675180546057445,0.2998059754299227,0.00012180772235156006,2.373459038715607,0.7057246016441701
-449050.0000,451,23.838906902046965,0.011223416018734562,175.296355414132,0.0009203815663768885,-0.011184010966824209,0.38890690204696554,0.00012596506712958758,2.415865301531923,0.748130864460486
-450050.0000,452,23.911884862913134,0.011443707691687822,156.00359107350369,0.00465344539319984,-0.010453083095389813,0.46188486291313424,0.00013095844573279502,2.4544799736503533,0.7867455365789162
-451050.0000,453,23.967214335814507,0.011697570170811302,136.80199360036522,0.008006287346363088,-0.008526094221416324,0.5172143358145078,0.00013683314790105436,2.489243937377103,0.821509500305666
-452050.0000,454,24.003871053743357,0.011984722591169391,117.69574553357728,0.010610260466944268,-0.0055692211582438885,0.5538710537433573,0.00014363357558728595,2.5201075434978466,0.8523731064264095
-453050.0000,455,24.02133778978404,0.012304586901639353,98.68667453307324,0.012161818465547107,-0.0018578439440339667,0.5713377897840424,0.00015140285881999472,2.547029815466632,0.8792953783951951
-454050.0000,456,24.019599433487144,0.01265631919452191,79.77430522504056,0.012453545980024561,0.002246819986606942,0.569599433487145,0.00016018241555362372,2.5699777271410538,0.9022432900696167
-455050.0000,457,23.999128250203277,0.013038844140029138,60.956041696640625,0.011397489176210498,0.006329539829013934,0.5491282502032782,0.0001700114565079722,2.588925545290271,0.9211911082188338
-456050.0000,458,23.960860037510685,0.013450889835952365,42.22745766714087,0.009038554656864081,0.00995905940289184,0.5108600375106853,0.00018092643737892665,2.603854231104396,0.9361197940329591
-457050.0000,459,23.906161732065417,0.013891020920949494,23.58266469328987,0.005556335217994441,0.012729365248486304,0.4561617320654179,0.00019296046222625653,2.614750897211679,0.947016460140242
-458050.0000,460,23.83679090491087,0.014357668448722653,5.0147270991499795,0.0012544793872435746,0.014300874622152075,0.3867909049108711,0.00020614264328344597,2.6216083184336663,0.9538738813622292
-459050.0000,461,23.754847536539145,0.014849155661547157,346.51609437797606,-0.0034623553157699417,0.014437875957454169,0.3048475365391461,0.00022049742386085798,2.624424495806056,0.956690058734619
-460050.0000,462,23.662718501907985,0.015363719354299966,328.079026028774,-0.008122862473477419,0.013038484033236267,0.21271850190798602,0.00023604387239769135,2.6232022743644725,0.9554678372930354
-461050.0000,463,23.563015330596492,0.015899526943609348,309.6959887643318,-0.012232509234874095,0.010153610061898086,0.11301533059649316,0.0002527949570305596,2.617949015918679,0.950214578847242
-462050.0000,464,23.458506040442956,0.016454689643292,291.3600107811578,-0.015322628187171864,0.00599205480748683,0.00850604044295622,0.000270756811257061,2.6086763285819674,0.9409418915105303
-463050.0000,465,23.352042165903455,0.01702727231101229,273.0649818141429,-0.017000777662998887,0.0009098448158091104,-0.0979578340965439,0.00028992800235336577,2.595399855242925,0.9276654181714878
-464050.0000,466,23.24648249372079,0.017615300597143915,254.80589092086086,-0.0169972521890698,-0.00461666548391808,-0.2035175062792085,0.0003102988151277388,2.5781391235182936,0.9104046864468565
-465050.0000,467,23.144615442608426,0.018216766022878,236.57899654570792,-0.015202365108860773,-0.010032688996835218,-0.305384557391573,0.00033185056433228236,2.5569174600624898,0.8891830229910527
-466050.0000,468,23.04908243079332,0.018829629565933904,218.38192573407628,-0.01168947096876898,-0.014758792597403963,-0.40091756920667976,0.00035455494959029223,2.53176197249075,0.864027535419313
-467050.0000,469,22.96230490479371,0.019451824259094176,200.21370173858145,-0.006719736485629816,-0.018251675396576426,-0.48769509520628773,0.00037837346700668467,2.502703602664141,0.8349691655927041
-468050.0000,470,22.88641789000799,0.02008125722405142,182.07470191934954,-0.0007264004054024363,-0.020065601614973373,-0.5635821099920086,0.0004032568916985174,2.4697772557676005,0.8020428186961635
-469050.0000,471,22.82321290979251,0.02071581148058363,163.9665508530975,0.005721445601210951,-0.019907359025113747,-0.6267870902074897,0.00042914484529908047,2.4330220105865217,0.7652875735150846
-470050.0000,472,22.77409286397878,0.021353347794781475,145.8919567964661,0.011972931365779996,-0.01767770266439132,-0.6759071360212197,0.0004559654620448989,2.392481417784188,0.7247469807127511
-471050.0000,473,22.740040948886953,0.021991706762940974,127.8545027851817,0.017362189125647312,-0.013493331707997026,-0.7099590511130458,0.00048363516634718375,2.348203894976465,0.6804694579050281
-472050.0000,474,22.721604964468725,0.02262871127083012,109.85840626995775,0.02128064572000911,-0.007685487800209019,-0.7283950355312747,0.0005120585737785942,2.300243230228748,0.632508793157311
-473050.0000,475,22.718897453524704,0.02326216942118498,91.9082628630145,0.023246440672962262,-0.0007740262776650968,-0.7311025464752952,0.0005411285261799134,2.248659209593478,0.580924772522041
-474050.0000,476,22.731611146434503,0.02388987798461055,74.00879016949744,0.022962507305195654,0.006581086943390102,-0.7183888535654965,0.0005707262701195798,2.1935183899318385,0.5257839528604014
-475050.0000,477,22.759048251222648,0.024509626399405703,56.16458667223003,0.020355961273347337,0.013645931479056926,-0.6909517487773513,0.0006007217862384449,2.134895046187961,0.46716060911652413
-476050.0000,478,22.800161338143802,0.025119201322954407,38.37991832600568,0.015593597177139807,0.01968914830587543,-0.6498386618561973,0.0006309742751031144,2.0728723334817913,0.40513789641035425
-477050.0000,479,22.85360300335919,0.025716391720032955,20.658542213968133,0.009071181522100052,0.024060110156720143,-0.5963969966408094,0.0006613328030981795,2.007543720289563,0.3398092832181261
-478050.0000,480,22.91778120551053,0.026298994460631803,3.0035727826332845,0.0013774166316877405,0.026259784919286898,-0.5322187944894701,0.0006916371096403422,1.9390147717264534,0.27128033465501633
-479050.0000,481,22.990917159478812,0.026864820390752595,345.4173923072366,-0.0067635253904317575,0.02599623059357441,-0.4590828405211873,0.0007217185746273964,1.8674053947645195,0.1996709576930824
-480050.0000,482,23.071102913625648,0.02741170083337809,327.9016037942931,-0.014564540961816553,0.023218541173412287,-0.3788970863743515,0.000751401342578621,1.7928527050473766,0.1251182679759395
-481050.0000,483,23.156356173400066,0.027937494472813976,310.45702182562354,-0.021255241989407224,0.018125621603110834,-0.2936438265999328,0.0007805035974185115,1.7155147454326216,0.04778030836118452
-482050.0000,484,23.24467049428177,0.028440094573374618,293.08369505033306,-0.0261601354850138,0.011149042319554228,-0.20532950571822894,0.0008088389793424924,1.635575391418537,-0.032159045652900176
-483050.0000,485,23.334059578366848,0.028917436482576813,275.7809531481539,-0.028767138323856013,0.0029120465367052082,-0.11594042163315166,0.0008362181327238645,1.5532509369324972,-0.11448350013893993
-484050.0000,486,23.42259500814523,0.029367505369312957,258.54747101088424,-0.028779478142020753,-0.005830757328108517,-0.027404991854769634,0.0008624503716166253,1.468799095168278,-0.1989353419031592
-485050.0000,487,23.508437289814808,0.02978834414870892,241.3813434392082,-0.0261459465458903,-0.01426662455546716,0.058437289814808224,0.0008873454471219211,1.38253151983114,-0.285202917240297
-486050.0000,488,23.589860525476055,0.030178061547376477,224.28016462621383,-0.02106680436651206,-0.021603311942714212,0.1398605254760561,0.0009107153987572427,1.2948315243869057,-0.37290291268453135
-487050.0000,489,23.665271373283602,0.030534840265453625,207.24110790412192,-0.013975129909212902,-0.027145290718420097,0.21527137328360268,0.000932376470036768,1.206179557559982,-0.461554879511455
-488050.0000,490,23.73322318449292,0.030856945195137472,190.26100250827096,-0.005495802188529478,-0.030360152714498052,0.28322318449292183,0.0009521510667757176,1.1171903241232823,-0.5505441129481548
-489050.0000,491,23.792426332840357,0.03114273165933453,173.33640534631445,0.003613594678784607,-0.030928963479422124,0.3424263328403576,0.0009698697352053174,1.0286673524764307,-0.6390670845950064
-490050.0000,492,23.841755786829783,0.031390653638599345,156.46366687695627,0.012534045396591094,-0.028775994326939912,0.3917557868297834,0.0009853731358585103,0.9416832190735411,-0.726051217997896
-491050.0000,493,23.8802569337896,0.03159927195975358,139.63899116306692,0.020461641725002082,-0.024075310043583317,0.4302569337896003,0.000998513988386469,0.8576955376757508,-0.8100388993956863
-492050.0000,494,23.907150560906093,0.03176726242553875,122.85849095695755,0.026682122827572957,-0.01723390353663054,0.4571505609060935,0.0010091589620130458,0.7787062516984089,-0.8890281853730282
-493050.0000,495,23.92183774674956,0.03189342387147899,106.11823930649734,0.030636478937766585,-0.008853251782134785,0.4718377467495607,0.001017190486245826,0.7074530985984306,-0.9602813384730065
-494050.0000,496,23.92390522935176,0.03197668614393705,89.41431965471929,0.031971624863675864,0.00032687171684222155,0.47390522935176094,0.0010225084567478556,0.6475617121865925,-1.0201727248848447
-495050.0000,497,23.913131604060794,0.032016118002330965,72.74287676072078,0.030571617053200537,0.009496919938967533,0.4631316040607949,0.0010250318119391809,0.6034567152522898,-1.0642777218191473
-496050.0000,498,23.889494474867583,0.032010934958850504,56.10017101271586,0.026566736076164398,0.017851966449109715,0.4394944748675833,0.0010246999569397573,0.5796955094204537,-1.0880389276509834
-497050.0000,499,23.85317844396741,0.031960507081051207,39.4826388468577,0.020319815999812807,0.024665047972285,0.4031784439674091,0.0010214740128779243,0.5795829868278877,-1.0881514502435494
-498050.0000,500,23.80458358244791,0.03186436679674726,22.88696203241301,0.01239128989284969,0.029352702028861047,0.354583582447912,0.001015337871357649,0.6037466458790761,-1.063987791192361
-499050.0000,501,23.744333786425823,0.031722216757076926,6.310148530433082,0.0034863546985429454,0.03152671906666203,0.294333786425824,0.0010062990359829722,0.6499063650308516,-1.0178280720405855
-500050.0000,502,23.673284194499985,0.03153393783297963,349.7496274643347,-0.0056107268082242635,0.03102743138349063,0.2232841944999855,0.000994389235254224,0.7140510572298364,-0.9536833798416007
-501050.0000,503,23.592526632256842,0.031299597343196345,333.2033604311697,-0.014109011356149195,0.02793557794052888,0.1425266322568426,0.0009796647938462237,0.7919063261879025,-0.8758281108835346
-502050.0000,504,23.503391868302298,0.03101945763899601,316.66997089651807,-0.021283169494006438,0.022561766536574462,0.05339186830229892,0.0009622067522174678,0.8797894748815681,-0.787944962189869
-503050.0000,505,23.407447327606068,0.03069398520298433,300.1488927117425,-0.026538917187125942,0.015414633738681745,-0.042552672393931346,0.0009421207276410211,0.9748293720325577,-0.6929050650388794
-504050.0000,506,23.30648882934269,0.03032386045751729,283.64053782698784,-0.02946543549200579,0.007150800893583531,-0.1435111706573089,0.0009195365130469806,1.0748727506140177,-0.5928616864574194
-505050.0000,507,23.202524919270818,0.02990998852349885,267.14648201298166,-0.02986982641344897,-0.0014885330489727779,-0.24747508072918123,0.000894607413475833,1.1783111023809005,-0.48942333469053656
-506050.0000,508,23.097752475440736,0.02945351122380291,250.66966583855856,-0.027790338083489068,-0.009748195033905081,-0.3522475245592638,0.0008675093234106839,1.28392409512725,-0.38381034194418717
-507050.0000,509,22.994522505927797,0.028955820688294397,234.21460630795934,-0.023487134940695105,-0.016929897724309192,-0.45547749407220195,0.0008384395517326578,1.390761806343471,-0.2769726307279661
-508050.0000,510,22.89529545052818,0.02841857499021365,217.78761252812376,-0.017411619123603495,-0.022456297701553683,-0.5547045494718184,0.0008076154044743967,1.4980622211245056,-0.1696722159469315
-509050.0000,511,22.802585858118228,0.027843716326644476,201.3969967047559,-0.010157524701076302,-0.02592178705443783,-0.6474141418817716,0.0007752725388786482,1.6051949894319564,-0.06253944763948072
-510050.0000,512,22.71889703446987,0.027233492347669773,185.0532698734495,-0.0023989793246768096,-0.027124853021370687,-0.7311029655301304,0.0007416631054505881,1.7116233679365547,0.04388893086511758
-511050.0000,513,22.646647114267004,0.02659048133586481,168.76931030819173,0.0051777771754624455,-0.026078768381516314,-0.8033528857329948,0.0007070536976729749,1.8168784195101755,0.1491439824387384
-512050.0000,514,22.588088947887137,0.025917622031839213,152.56049173125143,0.011941529575753809,-0.02299976811313051,-0.8619110521128626,0.0006717231317852774,1.9205414227932849,0.2528069857218478
-513050.0000,515,22.545227117805688,0.025218248977013007,136.44475835676923,0.017374657435380633,-0.018274474368414652,-0.9047728821943117,0.0006359600814666176,2.0222318017396357,0.3544973646681986
-514050.0000,516,22.519736193860062,0.02449613427396157,120.44263424869723,0.021116720345356513,-0.012410827769340589,-0.9302638061399371,0.0006000605943679548,2.1215987995806174,0.4538643625091803
-515050.0000,517,22.512884871214982,0.023755536600460973,104.57715487642872,0.022988524306566376,-0.0059788077572855616,-0.9371151287850168,0.0005643255191758408,2.218315721485694,0.5505812844142568
-516050.0000,518,22.525470790413387,0.023001258079250634,88.87370804028825,0.022994689712525482,0.00045155899490935874,-0.9245292095866127,0.0005290578732282926,2.3120759606645986,0.6443415235931615
-517050.0000,519,22.557770534237804,0.022238709081675377,73.35976799081408,0.02130561121541662,0.006367235285754029,-0.8922294657621954,0.0004945601816193909,2.402590277389594,0.7348558403181569
-518050.0000,520,22.609508513348395,0.021473980050416314,58.06449881708494,0.01822243577234132,0.011357542902865243,-0.8404914866516044,0.00046113181920567784,2.489584967817125,0.8218505307456878
-519050.0000,521,22.679847251282965,0.020713917711396003,43.01818951988588,0.014130829367074481,0.015143097340693572,-0.7701527487170345,0.00042906638695448503,2.5728006706104023,0.9050662335389652
-520050.0000,522,22.76740009308992,0.019966200280732004,28.251463249197627,0.009450490633296987,0.017586145727145258,-0.682599906910081,0.0003986491536503027,2.6519916339809964,0.9842571969095593
-521050.0000,523,22.870265776370957,0.019239402098470353,13.794179194438925,0.004587418071521204,0.018682949548443056,-0.5797342236290426,0.0003701545931066254,2.7269253164846896,1.0591908794132525
-522050.0000,524,22.986082820590454,0.01854303226914006,359.6739244968684,-0.00010510937131996459,0.01854136161955887,-0.46391717940954535,0.0003438440457343695,2.797382229811264,1.129647792739827
-523050.0000,525,23.112100487747647,0.017887524468747452,345.9139895257383,-0.004352765356531832,0.01734854673820818,-0.3378995122523527,0.00031996353162003883,2.863155956131576,1.195421519060139
-524050.0000,526,23.245262265533583,0.017284147077647534,332.53075629375905,-0.007971878896495092,0.01533464371633184,-0.2047377344664163,0.00029874174020175177,2.9240532897282887,1.2563188526568516
-525050.0000,527,23.382297469607753,0.016744796780935968,319.5305370951821,-0.010867194740480965,0.012738024227190517,-0.06770253039224627,0.00028038821923484356,2.9798944648992096,1.3121600278277725
-526050.0000,528,23.51981662889823,0.016281639445511482,306.9061042341773,-0.013018230903673333,0.009776819113833057,0.0698166288982307,0.00026509178303363545,3.030513440993455,1.362779003922018
-527050.0000,529,23.654406725404442,0.015906575902935885,294.6334455908286,-0.014458086062945175,0.006629830348738186,0.20440672540444282,0.0002530191569558606,3.075758221941439,1.408023784870002
-528050.0000,530,23.78272299546823,0.01563054291184482,282.669588094004,-0.015249118637302755,0.003428151313623437,0.3327229954682309,0.00024431387171902234,3.115491192465807,1.4477567553943698
-529050.0000,531,23.901574744618937,0.015462710544001017,270.95248418885535,-0.015459778349911,0.00025708322637147475,0.451574744618938,0.00023909541736756023,3.1495894567931284,1.4818550197216913
-530050.0000,532,24.008003378392473,0.015409693787042848,259.40374573626343,-0.015146155584546305,-0.00283350408961982,0.558003378392474,0.00023745866261042694,3.1779451684603917,1.5102107313889546
-531050.0000,533,24.099351527705604,0.015474932667854189,247.93433355556556,-0.014340713718970072,-0.005813219329466712,0.6493515277056048,0.00023947354107462077,3.2004658419618988,1.5327314048904617
-532050.0000,534,24.17332269902023,0.015658384404482653,236.45234458790515,-0.013049385611770783,-0.008652962943860604,0.7233226990202297,0.00024518500215854556,3.2170746386789353,1.5493402016074982
-533050.0000,535,24.228031282827075,0.015956604302880453,224.8712373625907,-0.011256928002056915,-0.011307893135902605,0.7780312828270759,0.00025461322087870297,3.227710620896603,1.559976183825166
-534050.0000,536,24.262043006227096,0.016363192178449084,213.1166612848598,-0.008939279555090317,-0.013704548477692572,0.8120430062270962,0.0002677540582688573,3.232328968826148,1.564594531754711
-535050.0000,537,24.274406028667848,0.01686949202266301,201.13061498980255,-0.0060807593781435,-0.015734430726208358,0.8244060286678483,0.00028457976110269094,3.230901156480882,1.5631667194094447
-536050.0000,538,24.264672875382026,0.017465391110792174,188.8726185901403,-0.0026933324795457058,-0.01725543713953095,0.8146728753820263,0.0003050398866529383,3.223415083045125,1.555680645973688
-537050.0000,539,24.23291330685752,0.018140078140146815,176.31843876052199,0.0011651168994532084,-0.01810150483996939,0.7829133068575196,0.00032906243493063234,3.20987515706421,1.5421407199927728
-538050.0000,540,24.179718063253205,0.01888266844767928,163.45733303597513,0.005376522585599097,-0.018099783887085195,0.7297180632532054,0.00035655516770498265,3.1903023313946335,1.5225678943231964
-539050.0000,541,24.10619322997483,0.019682659650421194,150.28877012028562,0.009755052681663533,-0.01709367402867558,0.6561932299748321,0.0003874070909143186,3.1647340874075742,1.4969996503361371
-540050.0000,542,24.01394477605398,0.020530223451891712,136.81931927450262,0.014048242329726464,-0.014969216831101487,0.5639447760539795,0.0004214900749846044,3.133224367451975,1.4654899303805378
-541050.0000,543,23.905052654048923,0.02141636257769953,123.06008298194394,0.017948009709309046,-0.011681697378288461,0.4550526540489237,0.0004586605860594888,3.095843455068459,1.4281090179970217
-542050.0000,544,23.782033755134385,0.022332968905742868,109.02479197229002,0.02111166232014698,-0.007278940211235401,0.33203375513438615,0.0004987615001448778,3.05267780291378,1.384943365842343
-543050.0000,545,23.647793024630886,0.023272816151618272,94.72852467926117,0.023191818909351153,-0.001917739789079346,0.19779302463088655,0.0005416239716270243,3.0038298088197193,1.3360953717482822
-544050.0000,546,23.50556220109544,0.024229513563270876,80.18693977775524,0.02387295487787955,0.004129804800729817,0.055562201095440855,0.0005870693275127273,2.9494175408810905,1.2816831038096534
-545050.0000,547,23.358825982889194,0.025197439533803524,65.41589109621844,0.022911135806892517,0.010482545389598193,-0.09117401711080575,0.0006349109590596848,2.8895744129607186,1.2218399758892815
-546050.0000,548,23.211235976712075,0.02617166756655691,50.43130278549921,0.02017257017423142,0.016670479517448895,-0.23876402328792423,0.000684956183214367,2.8244488125323968,1.1567143754609597
-547050.0000,549,23.066513550498925,0.027147892136378797,35.24920192217655,0.015666043290622045,0.02216872070669266,-0.38348644950107413,0.0007370080474484577,2.754203683381254,1.0864692463098171
-548050.0000,550,22.928343675087717,0.02812235859895388,19.885826635949343,0.009564248528497282,0.02644330678948687,-0.5216563249122821,0.0007908670531681552,2.679016066380214,1.011281629308777
-549050.0000,551,22.800262930520226,0.029091799099393363,4.35774676833131,0.0022096424562420415,0.029005056766365132,-0.649737069479773,0.0008463327748394645,2.5990766024122216,0.9313421653407845
-550050.0000,552,22.68554596146418,0.030053375089897853,348.681950411455,-0.00589821451046138,0.029466013276379863,-0.7644540385358205,0.0009032053542940928,2.5145890025862236,0.8468545655147866
-551050.0000,553,22.58709563576918,0.03100462630505135,332.8758641413408,-0.014134852815000664,0.02759182005445457,-0.8629043642308183,0.000961286852315882,2.425769492316202,0.7580350552447648
-552050.0000,554,22.50734280761654,0.031943425653971305,316.9572882460112,-0.021801130849550408,0.023342985986691024,-0.9426571923834608,0.0010203824425107921,2.3328462377718253,0.6651118007003882
-553050.0000,555,22.448161734602422,0.03286793932671955,300.9442412454341,-0.02818734733631518,0.016898605214971545,-1.001838265397577,0.0010803014355849178,2.2360587659448448,0.5683243288734077
-554050.0000,556,22.410806716988176,0.03377659138280867,284.85472034344343,-0.032644674715499755,0.00865780209112555,-1.039193283011823,0.0011408581254412247,2.1356573935488576,0.46792295647742055
-555050.0000,557,22.395874378274243,0.03466803213192385,268.7063953625377,-0.034655730957015636,-0.0007832011112362521,-1.0541256217257562,0.0012018724519001045,2.0319026859051803,0.3641682488337432
-556050.0000,558,22.403294268392635,0.03554110969418813,252.51626206423362,-0.03389561749063935,-0.010677311387909331,-1.0467057316073642,0.0012631704782943135,1.9250649760742973,0.2573305390028602
-557050.0000,559,22.432348341646605,0.03639484421763715,236.3002854802412,-0.030275575229628347,-0.020191798712772477,-1.0176516583533939,0.001324584685626076,1.815423988844851,0.1476895517734138
-558050.0000,560,22.48171762423224,0.03722840432177396,220.07306436445936,-0.023963455523583234,-0.028485591777503892,-0.9682823757677603,0.001385954088345478,1.7032686374509738,0.035534200379536696
-559050.0000,561,22.549552350983674,0.038041085421655754,203.84754423856566,-0.01537811795342389,-0.03479005206217409,-0.9004476490163249,0.00144712418005771,1.5888970997152454,-0.0788373373561917
-560050.0000,562,22.633560287568518,0.03883228966384794,187.63479961117412,-0.005158133300070069,-0.038484268297236494,-0.8164397124314817,0.0015079467205369916,1.4726173472605129,-0.19511708981092424
-561050.0000,563,22.731107036334443,0.03960150727265913,171.443897206075,0.0058917656794151415,-0.039156786536068716,-0.7188929636655566,0.0015682793782664742,1.3547484210981575,-0.3129860159732796
-562050.0000,564,22.83932190158027,0.040348299162261944,155.2818430184916,0.016870637271388496,-0.03664756021613429,-0.6106780984197293,0.0016279852452873878,1.2356229696672387,-0.43211146740419837
-563050.0000,565,22.955203295967795,0.0410722807180838,139.1536081120172,0.026860364392456364,-0.031066375229276973,-0.4947967040322041,0.0016869322433850785,1.1155919998241135,-0.5521424372473236
-564050.0000,566,23.075718552052365,0.041773106689913145,123.06222219557912,0.035005967131466156,-0.022786650676973948,-0.3742814479476344,0.0017449924425268664,0.9950336852556576,-0.6727007518157795
-565050.0000,567,23.19789416986304,0.042450457170271336,107.00892054878756,0.04058980356612113,-0.01241597198529788,-0.25210583013695853,0.0018020413139650411,0.8743700359359436,-0.7933644011354934
-566050.0000,568,23.31889379511044,0.043104024655525264,90.99332867458253,0.043093355249497686,-0.0007467302733250275,-0.1311062048895586,0.0018579569415041299,0.7540998581334915,-0.9136345789379456
-567050.0000,569,23.43608242950981,0.04373350220467383,75.01366969887067,0.04224180864789506,0.011308302619102477,-0.01391757049018949,0.0019126192150862105,0.6348683777538103,-1.0328660593176267
-568050.0000,570,23.547076420947754,0.04433857272242497,59.06698141044126,0.03802835779147137,0.022789758069471512,0.09707642094775437,0.0019659090310617674,0.5176282421731317,-1.1501061948983053
-569050.0000,571,23.64977961314309,0.04491889939973703,43.14933235178529,0.030716887692107363,0.03276876060415255,0.19977961314308956,0.002017707523283696,0.4040588608945028,-1.2636755761769343
-570050.0000,572,23.742406640073096,0.045474117347039156,27.256029049836513,0.020823331449411626,0.040421367826444524,0.29240664007309647,0.0020678953484922873,0.297831698002047,-1.36990273906939
-571050.0000,573,23.823494746696998,0.0460038264534908,11.381808979610469,0.009077454785009063,0.04509485724553233,0.37349474669699845,0.0021163520483629,0.20895162997670058,-1.4587828070947366
-572050.0000,574,23.891905737512182,0.04650758550046871,355.5210159923922,-0.003631927251122916,0.04636108837649464,0.4419057375121831,0.0021629555090834076,0.16512922066875446,-1.5026052164026826
-573050.0000,575,23.94681973708498,0.046984907549576585,339.66775664013835,-0.016324274481125875,0.044053117943001666,0.49681973708498006,0.002207581537442259,0.19593849495242388,-1.4717959421190132
-574050.0000,576,23.98772242935086,0.047435256615443525,323.8160370972487,-0.028002380120641476,0.03828236751598928,0.5377224293508611,0.0022501035701729785,0.2751699627353721,-1.392564474336065
-575050.0000,577,24.014387357116057,0.04785804562196791,307.95988127537294,-0.037729836259082085,0.029434898543772896,0.5643873571160576,0.002290392530754362,0.3710922138547647,-1.2966422232166723
-576050.0000,578,24.02685473455775,0.04825263562804258,292.09343132237154,-0.044705338967139976,0.01814670144891511,0.5768547345577524,0.002328316845052644,0.4718331278652241,-1.195901309206213
-577050.0000,579,24.025408071152107,0.048618336295674025,276.21103207065084,-0.048328332295234325,0.005259307598646233,0.5754080711521077,0.002363742624159254,0.5732080084661908,-1.0945264286052463
-578050.0000,580,24.01054973660751,0.04895440756027748,260.3073012211423,-0.04825088795611078,-0.008241573324639637,0.5605497366075092,0.002396534019577753,0.6734156088823298,-0.9943188281891073
-579050.0000,581,23.98297641943239,0.04926006245023409,244.37718717063103,-0.04441146139834827,-0.021300377069994294,0.5329764194323907,0.002426553752600963,0.7715108034205549,-0.8962236336508822
-580050.0000,582,23.943555249763946,0.04953447099090983,228.4160164489026,-0.03704725332802949,-0.03287381662218706,0.49355524976394705,0.0024536638163492877,0.8669110943315502,-0.8008233427398869
-581050.0000,583,23.893301171210986,0.049776765117599334,212.41953274936895,-0.02668331118635424,-0.04201479861552473,0.44330117121098667,0.002477726345572654,0.9592109476723438,-0.7085234893990933
-582050.0000,584,23.83335595732209,0.04998604451251302,196.38392951968535,-0.014098168845026729,-0.04795159812473468,0.3833559573220917,0.002498604646006933,1.0481025308612242,-0.6196319062102129
-583050.0000,585,23.764969077009425,0.050161383273173675,180.30587802335754,-0.000267651755088831,-0.0501557181292579,0.314969077009426,0.002516164371878228,1.1333383322522006,-0.5343961048192365
-584050.0000,586,23.68948042228616,0.05030183731355718,164.18255267712038,0.01370965694947128,-0.048392331985053647,0.23948042228616018,0.0025302748371195736,1.2147120885145655,-0.4530223485568716
-585050.0000,587,23.60830472536586,0.050406452395047235,148.01165529455398,0.026700038827484215,-0.04274822677338441,0.15830472536585916,0.0025408104430541634,1.2920484151017524,-0.3756860219696847
-586050.0000,588,23.522917317052226,0.050474272681803475,131.79143960492814,0.0376286265275186,-0.033633713411416966,0.0729173170522266,0.0025476522027570525,1.3651968615146926,-0.30253757555674454
-587050.0000,589,23.43484072310651,0.05050434971440369,115.52073705076879,0.04557200524944563,-0.02175697270887436,-0.015159276893488283,0.0025506893400747883,1.434028339973482,-0.2337060970979552
-588050.0000,590,23.34563147045361,0.050495751696538485,99.19898438744508,0.049841255564832807,-0.008071635673873267,-0.10436852954638809,0.002549820939398469,1.4984328814549084,-0.1693015556165287
-589050.0000,591,23.256866392399637,0.05044757299199741,82.8262530130475,0.05004755205699597,0.0062991304296610845,-0.19313360760036247,0.0025449576207829065,1.5583181572674814,-0.10941627980395574
-590050.0000,592,23.170127693420014,0.050358943733039674,66.40327926162797,0.046143490727182254,0.0201563649576957,-0.2798723065799855,0.0025360232139074556,1.613608450805442,-0.054125986265995074
-591050.0000,593,23.08698607034824,0.05022903944635779,49.9314941307033,0.03843513278411943,0.03232915411066081,-0.3630139296517605,0.0025229564037037664,1.6642438957254324,-0.003490541346004683
-592050.0000,594,23.00898129603773,0.05005709060904981,33.41305013901456,0.027562226746270055,0.041779348084269335,-0.4410187039622677,0.0025057123202426226,1.7101798700704505,0.04244543299901338
-593050.0000,595,22.937599857289392,0.04984239205417941,16.850842298223426,0.014447021953913172,0.047697247138074356,-0.5124001427106073,0.0024842640456825267,1.7513864782267037,0.08365204115526659
-594050.0000,596,22.87424949813046,0.04958431215348032,0.24851962558688,0.00021525097447996498,0.04957862916406129,-0.575750501869539,0.002458604011733776,1.7878480779320856,0.12011364086064846
-595050.0000,597,22.820230841466383,0.049282301713436984,343.61048332640803,-0.013904091827512744,0.04727481906721717,-0.629769158533616,0.0024287452621742337,1.8195628251899676,0.1518283881185305
-596050.0000,598,22.776706626808366,0.0489359025302567,326.9418678344655,-0.02669097569828153,0.041009839007604576,-0.6732933731916333,0.0023947225564507845,1.8465422198858452,0.17880778281440812
-597050.0000,599,22.744669480462004,0.04854475555907139,310.2485013939179,-0.037047622997375296,0.03136185948252037,-0.7053305195379949,0.0023565932922899923,1.8688106414186059,0.20107620434716877
-598050.0000,600,22.724909491294788,0.04810860866304098,293.5368438347973,-0.044101311682695904,0.019209891295395957,-0.7250905087052111,0.002314438227493622,1.886404868056652,0.218670430985215
-600050.0000,602,22.724185485081517,0.04710088446680256,260.08711398154014,-0.04639282459969335,-0.008107189481923634,-0.7258145149184827,0.0022184933175550823,1.9077768227088625,0.24004238563742542
-602050.0000,604,22.775717547059557,0.04591311724050495,226.65317489080894,-0.033385343883324425,-0.03151166976606231,-0.6742824529404423,0.002108014334740353,1.9111807758276917,0.24344633875625465
-604050.0000,606,22.875942197106085,0.04454782552684601,193.29807538632951,-0.010246191421898983,-0.04334865064267157,-0.5740578028939147,0.001984508759170313,1.8973037683717064,0.22956933130026935
-606050.0000,608,23.01645338259779,0.04300983111408804,160.0826392893457,0.01464983852547862,-0.040433171394747044,-0.4335466174022109,0.0018498455724623758,1.8669787430096756,0.1992443059382385
-608050.0000,610,23.184515727156246,0.041306411889958844,127.0611642343074,0.032958427488384595,-0.02489196556444296,-0.26548427284375364,0.0017062196632229333,1.821165754086281,0.1534313170148438
-610050.0000,612,23.36416603005165,0.039447447400118144,94.27856332498999,0.03933346859120457,-0.002943389613028387,-0.08583396994835013,0.0015561011063850876,1.7609336313713346,0.09319919429989754
-612050.0000,614,23.537766876860722,0.03744557594806901,61.76964458841775,0.03298859208376258,0.017710007805212716,0.08776687686072293,0.001402171158082604,1.6874431660849336,0.019708729013496518
-614050.0000,616,23.687807044110755,0.035316392087242694,29.560851179114536,0.01742222015824109,0.03071595472305593,0.23780704411075604,0.0012472475500598583,1.6019332712176215,-0.06580116585381557
-616050.0000,618,23.798730138486782,0.03307872828039847,357.67450168344146,-0.0013412993399076934,0.03304835282727321,0.3487301384867827,0.0010942022646484334,1.5057121869367687,-0.16202225013466842
-618050.0000,620,23.858600834703115,0.030755087205147746,326.1354804059556,-0.017135415017477118,0.025535777098569183,0.40860083470311537,0.0009458753889962427,1.400156892355658,-0.2675775447157791
-620050.0000,622,23.860461233336792,0.02837232565406134,294.98041199210525,-0.025715470624792697,0.011981513980723226,0.4104612333367932,0.0008049888630201073,1.286725929268538,-0.3810085078028991
-622050.0000,624,23.80326594247681,0.025962741375551622,264.2694645747795,-0.025830790876143206,-0.0025913549841564275,0.35326594247680987,0.0006740639397337801,1.1669948668113415,-0.5007395702600956
-624050.0000,626,23.692303228557826,0.023565779691751113,234.10073102400418,-0.019088273287639596,-0.013816279487261007,0.2423032285578266,0.0005553459724801492,1.0427318921735704,-0.6250025448978667
-626050.0000,628,23.53901463479911,0.02123063227674315,204.62590082829547,-0.008846576992960011,-0.01929780691540217,0.08901463479910987,0.00045073974687028797,0.9160485530153145,-0.7516858840561226
-628050.0000,630,23.360132789635486,0.019019937238673873,176.0619902371136,0.001305489718345286,-0.018973656426406284,-0.08986721036451328,0.0003617580125630931,0.7896985871392919,-0.8780358499321452
-630050.0000,632,23.176091335041605,0.01701426393775133,148.6841185252714,0.008842199757726623,-0.014534835023020654,-0.2739086649583946,0.0002894851773434654,0.6676766478481313,-1.0000577892233058
-632050.0000,634,23.008747499629113,0.015315265219714517,122.76634437449474,0.012877374236624432,-0.008288690782465432,-0.4412525003708865,0.00023455734875019716,0.5563955507572016,-1.1113388863142355
-634050.0000,636,22.878607842802438,0.014041335670348182,98.42508952798886,0.01388903025359534,-0.0020574343422919148,-0.5713921571975611,0.00019715910740739223,0.4666475555340889,-1.201086881537348
-636050.0000,638,22.801936303637977,0.013305511677241703,75.37630128885104,0.012873876769163514,0.0033589685896981353,-0.6480636963620228,0.0001770366409932153,0.4147229248639467,-1.2530115122074905
-638050.0000,640,22.788277855023388,0.013172932315160021,52.80783372356069,0.010493183796232618,0.007962551824300244,-0.6617221449766113,0.00017352614577978716,0.41570951316170457,-1.2520249239097325
-640050.0000,642,22.838951002221187,0.013623346572093908,29.65294568483148,0.00673956173017327,0.011838662892551567,-0.6110489977788127,0.00018559557182338285,0.4686704289888256,-1.1990640080826114
-642050.0000,644,22.946885095196095,0.01455668503175603,5.1191497303108235,0.0012984614258653832,0.01449776362668732,-0.5031149048039047,0.00021189707911375004,0.5575446959395893,-1.1101897411318478
-644050.0000,646,23.097842977118894,0.01583753391517027,338.94585562336783,-0.0056896275602687525,0.014779069297404537,-0.35215702288110506,0.00025082748051416856,0.6661058527120556,-1.0016285843593815
-646050.0000,648,23.272714889503884,0.017337645498959425,311.26618108528226,-0.013031227491281784,0.011433944916233476,-0.17728511049611484,0.000300593951447588,0.7838252109244557,-0.8839092261469814
-648050.0000,650,23.450347983613845,0.018954735589455582,282.3640046683022,-0.018513706450376137,0.004057769288408686,0.0003479836138460257,0.00035928200126617406,0.9044773998072477,-0.7632570372641894
-650050.0000,652,23.61035373811021,0.020613652308672993,252.52041826802963,-0.01965992191774519,-0.006191621971434927,0.16035373811021003,0.00042492266150285943,1.024186690296101,-0.6435477467753361
-652050.0000,654,23.73546960934,0.02226109030269926,221.95663084056696,-0.014881292927011056,-0.01655334938050251,0.28546960934000154,0.000495556141464931,1.140286300424379,-0.527448136647058
-654050.0000,656,23.813243170667548,0.023859790678501316,190.82761470545302,-0.0044812283447527934,-0.023432915359950533,0.3632431706675483,0.0005692896112218983,1.2507431251839,-0.416991311887537
-656050.0000,658,23.83697378809899,0.025383995568035174,159.23407962854844,0.008999531311480121,-0.02373250094890774,0.38697378809899163,0.0006443472309980294,1.3538720959413828,-0.3138623411300543
-658050.0000,660,23.80595283885231,0.02681624601950466,127.23810569884586,0.021347343354759112,-0.016225294674035343,0.35595283885231055,0.0007191110505785995,1.4481931819265577,-0.21954125514487943
-660050.0000,662,23.725093240371663,0.028145193771222484,94.87732086475808,0.028040493680491697,-0.002392283939489629,0.27509324037166394,0.000792151932419661,1.5323607164603539,-0.13537372061108321
-662050.0000,664,23.604055815278535,0.029364096744036,62.17636888152572,0.025966406260608383,0.013704693838402175,0.15405581527853585,0.0008622501775931055,1.6051312469911236,-0.06260319008031345
-664050.0000,666,23.455987676407435,0.030469755914205164,29.15565138780397,0.014842486428096525,0.026606617962282007,0.005987676407436027,0.0009284060254712406,1.6653529899969803,-0.002381447074456755
-666050.0000,668,23.296001618450006,0.031461732822313335,355.8375636901667,-0.0022837260527381873,0.03137537701996748,-0.153998381549993,0.0009898406321826282,1.7119679447138954,0.04423350764245826
-668050.0000,670,23.139548615357715,0.03234174534071576,322.25038567141246,-0.019798101249394885,0.02556946209895268,-0.3104513846422847,0.0010459884916837095,1.7440216376745874,0.0762872006031503
-670050.0000,672,23.00085913917726,0.03311317767698306,288.4299361596013,-0.031411477320423556,0.01046715879174916,-0.44914086082274096,0.0010964825358674493,1.7606774990685017,0.09294306199706459
-672050.0000,674,22.891636011089712,0.03378066506551049,254.41916739030307,-0.03253564791641818,-0.009072622746412122,-0.5583639889102869,0.0011411333322682007,1.7612340040827013,0.09349956701126416
-674050.0000,676,22.82015450610177,0.034349729135177504,220.26607008272015,-0.02219891441330349,-0.026207808918697145,-0.6298454938982303,0.0011799038916600624,1.7451434267880952,0.0774089897166581
-676050.0000,678,22.790857784703046,0.034826449870545916,186.02049548859145,-0.0036521753513288754,-0.03463050627671799,-0.6591422152969528,0.0012128816105856477,1.7120316086660212,0.04429717159458413
-678050.0000,680,22.804439448537675,0.03521716651224096,151.7306498696965,0.016677701239853716,-0.031013309536687603,-0.6455605514623244,0.001240248817150906,1.6617187169706829,-0.0060157201007542405
-680050.0000,682,22.858309065374684,0.035528203959393725,117.43997883795885,0.03152759028076065,-0.016370155106733553,-0.5916909346253156,0.00126225327658028,1.594241751819904,-0.07349268525153319
-682050.0000,684,22.947273783412122,0.03576562402074743,83.18492637288728,0.03550894645785288,0.004243736641079443,-0.5027262165878774,0.0012791798615934653,1.509880870262438,-0.1578535668089991
-684050.0000,686,23.064259803977432,0.03593500267135481,48.993717890803396,0.027114861392669703,0.02357587708015352,-0.38574019602256726,0.0012913244169902775,1.4091940829038183,-0.2585403541676188
-686050.0000,688,23.20093952020649,0.03604123557522966,14.8860120517773,0.009257830329843345,0.03482780986073847,-0.24906047979350987,0.0012989706617892,1.2930700622090696,-0.3746643748623675
-688050.0000,690,23.34820267876857,0.03608837468287116,340.87309237346653,-0.011823483999805769,0.03409237467458927,-0.10179732123143026,0.0013023707872512962,1.1628205216939,-0.504913915377537
-690050.0000,692,23.49648501667543,0.03607949879614135,306.9582537490453,-0.028827026022651928,0.021689826541040826,0.04648501667542959,0.001301730233380765,1.02036240390008,-0.647372033171357
-692050.0000,694,23.636022433728254,0.03601662067491128,273.13714208830936,-0.03595873874435464,0.0019708682079053047,0.18602243372825455,0.0012971969648404465,0.8686172261630015,-0.7991172109084356
-694050.0000,696,23.757121313476883,0.0359006326007884,239.3979599097679,-0.030897217853824648,-0.01827398776409788,0.307121313476884,0.0012888554211367908,0.7124799182052748,-0.9552545188661623
-696050.0000,698,23.850526317332438,0.035731291384650504,205.72159516289707,-0.015505726287110617,-0.032187301393669744,0.4005263173324387,0.0012767251840147993,0.561393342490047,-1.10634109458139
-698050.0000,700,23.907934218745346,0.035507242693890356,172.0818283728329,0.004890812745913409,-0.035164936413723494,0.457934218745347,0.00126076428372283,0.4361923911100984,-1.2315420459613386
-700050.0000,702,23.922657687113706,0.03522608338192351,138.44581582604587,0.023363845177355368,-0.02635792588259846,0.47265768711370626,0.0012408769504302277,0.3794353055190891,-1.288299131552348
-702050.0000,704,23.89039678041211,0.03488445932976934,104.77504520184812,0.033727307122787306,-0.008895567453752612,0.4403967804121116,0.0012169255027303313,0.42966551955916565,-1.2380689175122714
-704050.0000,706,23.810034926533802,0.03447819525208358,71.02693283865392,0.032601553594307636,0.011208304454412543,0.3600349265338032,0.0011887459478407986,0.5633337483105638,-1.1044006887608733
-706050.0000,708,23.684343053838365,0.03400245205298946,37.15719043744696,0.020535508873255254,0.02709623597493026,0.23434305383836573,0.0011561667456158474,0.7374078761816034,-0.9303265608898337
-708050.0000,710,23.520450983555254,0.033451906688254124,3.1230290569037606,0.00182248217465682,0.03339851008593033,0.07045098355525425,0.0011190300610796609,0.9282867467442849,-0.7394476903271522
-710050.0000,712,23.32993147310051,0.03282094911814773,328.88716546318847,-0.016957288609207317,0.028096674899436756,-0.12006852689949099,0.0010772147010160423,1.1248094729431357,-0.5429249641283014
-712050.0000,714,23.128346905453302,0.032103890811878893,294.4224125057133,-0.02922785165649578,0.01327244539713122,-0.3216530945466971,0.001030659805261042,1.3208091972504474,-0.34692523982098966
-714050.0000,716,22.934146059880014,0.03129517936372357,259.71634337682985,-0.03078895654909494,-0.005585899101547472,-0.5158539401199853,0.0009793882514076296,1.512175342987432,-0.15555909408400503
-716050.0000,718,22.76688663679684,0.030389614069000676,224.77514646666828,-0.0214019619959783,-0.021570087151696553,-0.6831133632031587,0.0009235286432628038,1.6957636146532922,0.02802917758185508
-718050.0000,720,22.644907448559422,0.029382557755171786,189.62546709336425,-0.0049127896720183705,-0.028965412012500635,-0.8050925514405769,0.0008633347002360057,1.8689667242086119,0.20123228713717478
-720050.0000,722,22.582763130264393,0.028270140756383674,154.31301118933675,0.012251953119069544,-0.02547351788410665,-0.8672368697356063,0.0007992008583857453,2.0295363461348055,0.3618019090633684
-722050.0000,724,22.588901432753865,0.027049453676964964,118.89720646707741,0.023678403900123615,-0.013070238263138328,-0.8610985672461346,0.0007316729442222734,2.1755090139693913,0.5077745768979542
-724050.0000,726,22.66411665432623,0.025718726582608233,83.4422788363949,0.02554746086486585,0.0029363001891316524,-0.7858833456737706,0.0006614528970309594,2.3051781417564294,0.6374437046849923
-726050.0000,728,22.801184555080628,0.024277493654705756,48.006289166602244,0.018041709764469983,0.016240465232764796,-0.6488154449193715,0.0005893966981542783,2.4170873817707874,0.7493529446993503
-728050.0000,730,22.98579339998393,0.022726744496680454,12.630309651137395,0.004969430880050255,0.022174013641891047,-0.4642066000160696,0.0005165049154173953,2.510033811050989,0.8422993739795519
-730050.0000,732,23.198549384002646,0.021069066936640544,337.32953321287494,-0.00811909200429092,0.019439157061788663,-0.25145061599735286,0.00044390558158063974,2.5830752318721535,0.9153407948007164
-732050.0000,734,23.41759746413795,0.019308792968602953,302.08679579670013,-0.016356963973628184,0.010256272775320683,-0.032402535862050996,0.00037282948590437086,2.6355386042577384,0.9678041671863014
-734050.0000,736,23.6213394837415,0.01745217325023773,266.8472037721965,-0.017423735011386526,-0.000959006213868031,0.17133948374150165,0.0003045783511563134,2.6670280310414043,0.9992935939699672
-736050.0000,738,23.79082752878855,0.015507635989168857,231.51046442219365,-0.012137192212974523,-0.00964975966445053,0.3408275287885516,0.00024048677397256514,2.677431514084736,1.009697077013299
-738050.0000,740,23.91157740974381,0.013486259698524315,195.91419467715275,-0.0036982190402802782,-0.012967574775959022,0.46157740974381056,0.00018187920065604115,2.666926222557289,0.9991917854858521
-740050.0000,742,23.974703995638997,0.011402787734397986,159.79343747514804,0.003937299888509476,-0.010699917636168616,0.5247039956389976,0.00013002356811573715,2.6359824236824583,0.9682479866110212
-742050.0000,744,23.977385592949,0.00927812138529693,122.67730220581774,0.007808081993568767,-0.005009380634304618,0.527385592948999,0.00008608353644030423,2.5853666165009965,0.9176321794295594
-744050.0000,746,23.922716665599744,0.007146429628583548,83.59907709146415,0.007100867547102235,0.0007956613158388171,0.47271666559974435,0.00005107145643629679,2.516144847241962,0.848410410170525
-746050.0000,748,23.81902633663844,0.005079798385786033,40.15894372727189,0.003276099685269815,0.0038807918713007696,0.3690263366384414,0.00002580435164023439,2.4296877334338083,0.7619532963623712
-748050.0000,750,23.678748204514758,0.003296247369589665,345.251051129424,-0.0008378182253670897,0.003186601649021238,0.2287482045147584,0.000010865246721526784,2.3276794513885184,0.6599450143170813
-750050.0000,752,23.5169433913587,0.002563215319090914,266.4308975783192,-0.0025564297319601746,-0.000159647213783631,0.06694339135870209,0.000006570072772022336,2.212133920639657,0.54439948356822
-752050.0000,754,23.349611121252494,0.003597741004736031,192.1593211044143,-0.0007564839011791392,-0.0035160233398134925,-0.10038887874750557,0.000012943740337159024,2.085422695499183,0.41768825842774593
-754050.0000,756,23.191964034334617,0.005451368185544725,140.14941384655947,0.003493237832146074,-0.00418363117320718,-0.2580359656653819,0.00002971741509436919,1.9503205597499016,0.2825861226784645
-756050.0000,758,23.05688059609587,0.007504498183075688,97.26743016830466,0.007443157116518034,-0.0009482597506372589,-0.39311940390413014,0.00005631749297978631,1.8100759797462196,0.1423415426747825
-758050.0000,760,22.953749103366548,0.009585430926315752,57.89628899010063,0.008118099728461961,0.0050942301988469284,-0.4962508966334518,0.00009188048604317045,1.6685126140404378,0.0007781769690007323
-760050.0000,762,22.88786712785955,0.011630857368117753,20.15348402379027,0.004005954488985752,0.010917577428126254,-0.5621328721404488,0.00013527684311749903,1.5301601398740186,-0.13757429719741854
-762050.0000,764,22.860456889231656,0.013606797797174577,343.3034714630353,-0.003909507960286939,0.013031256937895107,-0.5895431107683429,0.00018514494629319491,1.4003866353526924,-0.2673478017187447
-764050.0000,766,22.869227392466872,0.015489832128414803,307.0180407677342,-0.012366696296062619,0.009324178861237575,-0.5807726075331274,0.00023993489936647148,1.285441581256718,-0.38229285581471917
-766050.0000,768,22.909301382126618,0.01726152204623815,271.13514897937534,-0.017256052149911792,0.0003412565861319202,-0.5406986178733817,0.0002979601433527657,1.19220643171033,-0.47552800536110706
-768050.0000,770,22.97426777339003,0.018906469619258938,235.5669530024967,-0.015591611822912865,-0.010689752688727454,-0.4757322266099706,0.0003574545934639612,1.1273530382193495,-0.5403813988520876
-770050.0000,772,23.057133023778526,0.020411583032181414,200.26060339427113,-0.007066992378993336,-0.01914659584465142,-0.39286697622147315,0.0004166327218796362,1.095774559402394,-0.5719598776690431
-772050.0000,774,23.151014939363296,0.021765795774524407,165.18040950769227,0.005566997248402222,-0.021039203283040136,-0.2989850606367028,0.0004737498656983045,1.0988283243197534,-0.5689061127516837
-774050.0000,776,23.24951973735595,0.022959966130042673,130.29943101215895,0.017509241911721776,-0.014848064979241717,-0.2004802626440494,0.0005271600446927067,1.1336063626660233,-0.5341280744054138
-776050.0000,778,23.346836421553505,0.0239868450038976,95.59531559042767,0.02386986731018564,-0.002338133457926758,-0.1031635784464946,0.0005753687332410073,1.1939260205178757,-0.47380841655356143
-778050.0000,780,23.43764932545347,0.02484106150985324,61.04794713406466,0.021733953673246542,0.012023891625016991,-0.012350674546528495,0.0006170783369363121,1.2722850745886163,-0.3954493624828208
-780050.0000,782,23.51699973194043,0.025519101834930016,26.637765224340228,0.011439964968581351,0.022808013817872362,0.06699973194043096,0.0006512245584615285,1.3615143166669834,-0.3062201204044537
-782050.0000,784,23.58022079846776,0.02601926924603476,352.3443058156413,-0.0034660480651854003,0.025784448087389056,0.1302207984677608,0.0006770023720976502,1.4555931296995606,-0.21214130737187653
-784050.0000,786,23.623033881751553,0.026341619681573464,318.1448934813934,-0.01757453588689047,0.01961791188069037,0.17303388175155376,0.0006938809274486585,1.5498134821449994,-0.11792095492643773
-786050.0000,788,23.641840331320573,0.026487871406136246,284.01360644742294,-0.025696705476189744,0.0064133676881788365,0.19184033132057365,0.0007016073316280101,1.6406380572037493,-0.02709637986768776
-788050.0000,790,23.63418382643914,0.026461290108202314,249.92069690548817,-0.024850194494120195,-0.009083658243992862,0.184183826439142,0.0007001998741904456,1.7254773677905857,0.0577429307191486
-790050.0000,792,23.59930582863864,0.026266553260442065,215.83262181246369,-0.015375330629399261,-0.021292682347543494,0.14930582863864217,0.0006899318201836397,1.8024813730205553,0.13474693594911824
-792050.0000,794,23.53867877043984,0.02590959990207571,181.7127551178288,-0.0007744822164958108,-0.02589514465613675,0.08867877043984151,0.0006713073670856417,1.8703711933368843,0.2026367562654472
-794050.0000,796,23.456382608030644,0.025397474491030907,147.5227313952089,0.013635847150823997,-0.021423151894197162,0.006382608030644832,0.0006450317105225656,1.9283094160374015,0.2605749789659644
-796050.0000,798,23.359192579146722,0.02473817635504945,113.22422018317457,0.022730946933138083,-0.009754170139565099,-0.09080742085327742,0.0006119773693735276,1.9758003688427044,0.3080659317712673
-798050.0000,800,23.256271596814607,0.023940529882960426,78.78074860613458,0.023480420872443508,0.00465711619372362,-0.19372840318539275,0.0005731489710769211,2.0126118856005855,0.34487744852914837
-800050.0000,802,23.158412515436453,0.02301409549794596,44.15898112945479,0.0160312366373331,0.016508376269544156,-0.29158748456354644,0.0005296485915885765,2.038712147290315,0.3709777102188778
-802050.0000,804,23.07685467702005,0.021969148632901378,9.32865687042937,0.003561141530226846,0.021676013613765158,-0.37314532297994774,0.0004826434916545125,2.0542172991756518,0.3864828621042147
-804050.0000,806,23.021799425959465,0.0208167651807137,334.26023501622126,-0.00903891350861966,0.018749228032278794,-0.4282005740405346,0.0004333377125889742,2.0593472285405143,0.39161279146907724
-806050.0000,808,23.00085081129587,0.019569070507882994,298.91927552877223,-0.017126548841941612,0.009462452826215599,-0.4491491887041299,0.00038294852054249597,2.0543880970470054,0.38665365997556833
-808050.0000,810,23.017676593117173,0.01823974109990037,263.2567059324276,-0.01811140945470901,-0.002140939680607158,-0.43232340688282633,0.0003326881553913947,2.039661034327314,0.37192659725587696
-810050.0000,812,23.071184418123245,0.016844903991591637,227.1943136409758,-0.012357305496521507,-0.01144450154104466,-0.37881558187675424,0.0002837507904859399,2.015496901250753,0.3477624641793158
-812050.0000,814,23.155420926359156,0.015404677396239349,190.60492580159132,-0.0028352209936946507,-0.015139486627372132,-0.29457907364084335,0.00023730408568220753,1.9822172929869428,0.31448285591550573
-814050.0000,816,23.26024641972396,0.013945761355623457,153.28696340355566,0.0062675424140153126,-0.012455895968237526,-0.18975358027604017,0.0001944842597880006,1.9401220297238577,0.27238759265242063
-816050.0000,818,23.372666744981924,0.012505728936541605,114.93487931034446,0.011338143445380235,-0.005272046164003076,-0.07733325501807542,0.00015639325623425403,1.8894833260802089,0.22174888900877177
-818050.0000,820,23.478576170709495,0.011139854379354466,75.11585697372544,0.010764530043775221,0.0028604306936207626,0.028576170709495585,0.00012409635559322286,1.830546688539691,0.16281225146825395
-820050.0000,822,23.5646145680741,0.009930685661375985,33.29319001486596,0.00545065601874467,0.00829904514610564,0.11461456807409931,0.00009861851770505859,1.763538418638976,0.09580398156753889
-822050.0000,824,23.619865694274157,0.008996545212101172,349.00427286831246,-0.001715258592119965,0.00882970633909486,0.16986569427415787,0.00008093782575338051,1.6886794623538237,0.02094502528238662
-824050.0000,826,23.637190846739635,0.008483789930929794,302.3309859251351,-0.0071669559922400376,0.004536344480332927,0.18719084673963593,0.00007197469159214575,1.6062053219497512,-0.06152911512168591
-826050.0000,828,23.614069350501108,0.00851915551115407,254.43527796820467,-0.008204904305622002,-0.0022855851839600713,0.1640693505011086,0.00007257601062322675,1.516391941449903,-0.15134249562153412
-828050.0000,830,23.552882535705937,0.00913750039300472,207.2413804528552,-0.004181348362805401,-0.008122574183593047,0.10288253570593753,0.00008349391343216142,1.419588054274139,-0.24814638279729806
-830050.0000,832,23.46062659681619,0.010264446834487049,162.18110027006207,0.0031410526805494858,-0.009770064855010537,0.01062659681619138,0.0001053588688180112,1.316255732584219,-0.3514787044872181
-832050.0000,834,23.348080353370726,0.011774878821091059,119.57405784502646,0.010239523574564497,-0.0058098641533907355,-0.10191964662927333,0.00013864777125137875,1.2070233798991175,-0.46071105717231964
-834050.0000,836,23.228499315250986,0.013551709756449475,79.05168656674226,0.013302907730360828,0.0025741989309604413,-0.22150068474901374,0.00018364883732304788,1.0927603863691475,-0.5749740507022896
-836050.0000,838,23.115966094490595,0.015505654443998696,40.090829796436424,0.009983616889277144,0.011861089466608807,-0.33403390550940415,0.0002404253197366965,0.9746928154951428,-0.6930416215762943
-838050.0000,840,23.023595558578002,0.017572144390824482,2.250742739783675,0.0006891566366280073,0.01755628452041435,-0.4264044414219974,0.0003087802584919843,0.8546007935817539,-0.8131336434896832
-840050.0000,842,22.96185184176145,0.01970342353571828,325.21805175849113,-0.011239178761863079,0.016180426132068146,-0.4881481582385483,0.00038822489902789705,0.7351832651541004,-0.9325511719173367
-842050.0000,844,22.937252828994943,0.021862149628583464,288.7866373528766,-0.020695126241523004,0.007038909058253381,-0.5127471710050564,0.0004779535863825721,0.620763480941876,-1.0469709561295613
-844050.0000,846,22.951689303018426,0.024017241035161768,252.82623697999497,-0.02294336113572972,-0.007091520479639258,-0.49831069698157293,0.0005768278669410582,0.5186117438628619,-1.1491226932085752
-846050.0000,848,23.00246761495395,0.026141389475616783,217.25517306401525,-0.015822571836199048,-0.02080517904704034,-0.4475323850460491,0.0006833722437158879,0.4408209775874714,-1.2269134594839657
-848050.0000,850,23.083027341136454,0.028209635875304066,182.0200000599241,-0.0009934493674657477,-0.028188830687554112,-0.3669726588635456,0.0007957835562172422,0.4039115670653206,-1.2638228700061165
-850050.0000,852,23.18414226052626,0.030198597855916512,147.08164032222436,0.016409957485940183,-0.025346762016532666,-0.2658577394737378,0.0009119553124633654,0.41909236357829127,-1.2486420734931458
-852050.0000,854,23.295332073577747,0.032086095458812386,112.40688795740391,0.029660493673140415,-0.012228599057101462,-0.15466792642225258,0.0010295175217920208,0.4800007893113739,-1.187733647760063
-854050.0000,856,23.406211837962672,0.03385102225149347,77.96401587179525,0.033103021165432484,0.007058646489041316,-0.04378816203732683,0.0011458917074711062,0.5695073792940596,-1.0982270577773776
-856050.0000,858,23.507570841966793,0.03547336846665742,43.721231878764,0.024514290018284604,0.02563454748967603,0.057570841966793296,0.001258359870371245,0.6728174792314457,-0.9949169578399913
-858050.0000,860,23.59206900561066,0.03693433749630092,9.646858798009703,0.006188090893146627,0.036408139219262795,0.1420690056106615,0.0013641452862906602,0.7804467749405001,-0.887287662130937
-860050.0000,862,23.654534532516372,0.03821651747152677,335.7103344092345,-0.015719045542228364,0.03482950930796838,0.204534532516373,0.0014605022076515106,0.8864940772924748,-0.7812403597789623
-862050.0000,864,23.691921375540254,0.039304081972316815,301.8833865494421,-0.03337064026680149,0.020757543945233606,0.2419213755402545,0.0015448108596865997,0.9870225612171806,-0.6807118758542565
-864050.0000,866,23.703031891227745,0.04018300162280266,268.1409881910622,-0.04015749951862001,-0.0013036861115043714,0.25303189122774583,0.0016146736194181611,1.0791695087357085,-0.5885649283357286
-866050.0000,868,23.688129434025754,0.040841253408556696,234.46191191666617,-0.03323002583061454,-0.02373633771711666,0.2381294340257547,0.001668007979981944,1.160706430007555,-0.5070280070638822
-868050.0000,870,23.64856104938129,0.041269018132226803,200.82887705295684,-0.014672673197790285,-0.03856783834429792,0.19856104938128993,0.0017031318575980647,1.2298254347312934,-0.43790900234014374
-870050.0000,872,23.58648585824306,0.041458859167862294,167.22841698616276,0.009164135907562189,-0.04042878267870391,0.13648585824305925,0.0017188370035006394,1.2850360414151667,-0.3826983956562704
-872050.0000,874,23.504764690728365,0.041405877996439466,133.65068782117464,0.029956440877218708,-0.028577798975203766,0.05476469072836565,0.00171444673265603,1.325116649993451,-0.34261778707798607
-874050.0000,876,23.40701689883984,0.04110784419073339,100.08948742203609,0.0404677608431569,-0.007200902141110356,-0.042983101160160686,0.001689854854009613,1.349093479991965,-0.31864095707947215
-876050.0000,878,23.297798702451743,0.040565299801656844,66.54274990332664,0.03720898741762223,0.01614566265930522,-0.15220129754825606,0.0016455435479983008,1.356233198203876,-0.3115012388675611
-878050.0000,880,23.182812794536858,0.03978164072491078,33.013722164020635,0.021672583065841865,0.033354754087044386,-0.26718720546314145,0.0015825789387658798,1.346041936378947,-0.32169250069249
-880050.0000,882,23.069030300656653,0.03876318091135815,359.51291983622843,-0.0003290788133273096,0.03875764761085973,-0.38096969934334624,0.001502584194366681,1.3182666582872853,-0.3494677787841518
-882050.0000,884,22.964601650351625,0.037519209693738995,326.06081272076653,-0.020944813926247696,0.03112405167666432,-0.48539834964837425,0.0014076910960427581,1.2728965605991576,-0.3948378764722795
-884050.0000,886,22.878458525542797,0.03606205878023382,292.69103071991594,-0.0332670676395881,0.01391041121588146,-0.5715414744572023,0.0013004720834690394,1.2101631660052448,-0.45757127106619233
-886050.0000,888,22.819566995706502,0.03440720484174221,259.45375827318867,-0.033822558803857226,-0.006296237009354845,-0.6304330042934971,0.0011838557450216084,1.1305383752792921,-0.537196061792145
-888050.0000,890,22.795877291966015,0.03257344816159129,226.41897203633494,-0.02359425358280843,-0.02245266184102236,-0.6541227080339844,0.0010610295251358747,1.034730208622769,-0.6330042284486681
-890050.0000,892,22.813112489166254,0.03058323100691409,193.6793588312289,-0.0072325520179507925,-0.029712547787260127,-0.6368875108337448,0.0009353340188222714,0.9236764860005306,-0.7440579510709064
-892050.0000,894,22.873618929693485,0.0284631969921719,161.35318134107024,0.009099030128751018,-0.02696669389505038,-0.576381070306514,0.0008101535830151835,0.7985376588124515,-0.8691967782589856
-894050.0000,896,22.975532943296557,0.026245153776883412,129.58798237350618,0.02022335285374939,-0.016724071958357855,-0.4744670567034426,0.0006888080967722576,0.6606926866043694,-1.0070417504670677
-896050.0000,898,23.112479224542557,0.023967697930705887,98.56657812787034,0.023698077532626576,-0.0035706318778387473,-0.33752077545744186,0.0005744505440975632,0.5117519575154833,-1.155982479555954
-898050.0000,900,23.273910478013086,0.021678899569715984,68.51666295372092,0.020171338514923694,0.007938139630306783,-0.1760895219869134,0.00046997468655383186,0.35365428453932923,-1.314080152532108
-900050.0000,902,23.44605965792502,0.019440588067972994,39.723047452654555,0.012423621888374467,0.014951035266859522,-0.003940342074979952,0.00037793646442861394,0.18939712395529917,-1.478337313116138
-902050.0000,904,23.61335340654676,0.017334703739138858,12.533440120887178,0.003762107275647972,0.016920373955046905,0.16335340654676145,0.0003004919537237147,0.0459304106443842,-1.6218040264270528
-904050.0000,906,23.76006524170944,0.015471062042690633,347.3275255794406,-0.0033933801131887688,0.015093451032703424,0.3100652417094416,0.00023935376072878287,0.170554574913779,-1.4971798621576582
-906050.0000,908,23.871979167077072,0.013991666172871314,324.38193124427687,-0.008147850282530011,0.011373721339639495,0.4219791670770725,0.0001957667222930714,0.345588777459517,-1.32214565961192
-908050.0000,910,23.937872297153646,0.013057672230356511,303.5624526751611,-0.010880258386607462,0.0072187132307423366,0.4878722971536469,0.00017050280407542357,0.5222341198981388,-1.1455003171732983
-910050.0000,912,23.950681244861563,0.012801337550256087,283.9840720206339,-0.01242150208642566,0.0030933378686718842,0.5006812448615641,0.0001638742430755965,0.6968320331429309,-0.9709024039285062
-912050.0000,914,23.908268021334774,0.013257564883992715,264.149386694776,-0.013187963176327946,-0.0013515333347980012,0.4582680213347743,0.00017576302665327679,0.8669883993602872,-0.8007460377111499
-914050.0000,916,23.81373578347929,0.014340975444524309,242.72430177938736,-0.012745661938117443,-0.0065720537957159614,0.36373578347929225,0.0002056635767004492,1.030567839354056,-0.637166597717381
-916050.0000,918,23.675264172589713,0.015897646046981143,219.12636465834703,-0.010030990660339356,-0.012332275802820983,0.2252641725897142,0.00025273514983509515,1.1855777542409507,-0.4821566828304864
-918050.0000,920,23.50544836304529,0.017772474698062347,193.4170969098052,-0.004123050562644393,-0.017286369451867525,0.055448363045289994,0.0003158608568932663,1.330160253053697,-0.3375741840177402
-920050.0000,922,23.320149631523066,0.01984212319884701,165.93196546746503,0.004823373650515704,-0.019245392092440063,-0.12985036847693365,0.00039370985303822275,1.4626064182211491,-0.20512801885028797
-922050.0000,924,23.13691141192644,0.022018151145323663,137.04090128920757,0.01500412171074536,-0.01611195489843712,-0.3130885880735583,0.00048479897985831774,1.5813757800784902,-0.08635865699294687
-924050.0000,926,22.973068456710934,0.0242394417961915,107.06401819040582,0.023170535279766313,-0.0071114884058210304,-0.47693154328906573,0.0005875505385909553,1.6851161746971726,0.01738173762573547
-926050.0000,928,22.84376704177284,0.02646400351223282,76.26116340863149,0.02570427298303131,0.006285262619771828,-0.6062329582271602,0.000700343481895471,1.772682253320387,0.10494781624894989
-928050.0000,930,22.760190418325905,0.028662797606348454,44.84247247026502,0.020209395735806837,0.020321895930140263,-0.6898095816740941,0.0008215559666224947,1.8431519158028216,0.17541747873138447
-930050.0000,932,22.72830283158924,0.030815546863593987,12.979537440180195,0.00691986631622327,0.030025453292270556,-0.7216971684107598,0.0009495979285023572,1.8958403681640834,0.22810593109264632
-932050.0000,934,22.748354328809985,0.032907948884702096,340.8122559640441,-0.01081529063034262,0.03107648255694201,-0.7016456711900148,0.001082933099798166,1.930311761763849,0.2625773246924119
-934050.0000,936,22.815231194024598,0.03492979594310967,308.4519874153357,-0.02735225328199184,0.02171867068371399,-0.6347688059754013,0.001220090644627281,1.9463885936550862,0.2786541565836491
-936050.0000,938,22.919543077388862,0.03687366654586386,275.9830245253113,-0.03666919172256276,0.003842425079879367,-0.5304569226111369,0.0013596672845355596,1.9441592956040292,0.27642485853259213
-938050.0000,940,23.049180476537224,0.03873398231692669,243.46411638655718,-0.034649762009377194,-0.017303558325803867,-0.4008195234627756,0.0015003213861279898,1.9239847585592007,0.2562503214877636
-940050.0000,942,23.191009345464195,0.040506307522350675,210.93095425348645,-0.020817811022526625,-0.03474261197589271,-0.25899065453580405,0.001640760949095243,1.8865049833847511,0.21877054631331405
-942050.0000,944,23.332401438199405,0.04218681954277488,178.3997326431554,0.0011785825887191273,-0.04216610225801501,-0.11759856180059458,0.0017797277431346526,1.8326476952009618,0.16491325812952473
-944050.0000,946,23.462396927604445,0.04377190861282415,145.87139857642086,0.024556306754050197,-0.03622957099542942,0.012396927604445551,0.001915979983609429,1.7636417274894498,0.09590729041801271
-946050.0000,948,23.57241333292953,0.0452578822681527,113.33603623365445,0.041551682995026214,-0.017925416584474333,0.12241333292952916,0.0020482759073979706,1.6810394544219436,0.013305017350506487
-948050.0000,950,23.65651599103269,0.046640759238894255,80.77689945843127,0.046033047836848306,0.007475253370847975,0.20651599103269191,0.0021753604223805,1.5867547760924594,-0.08097966097897769
-950050.0000,952,23.71133396876862,0.04791614212758913,48.173770673132196,0.0357018005944064,0.03195109815300905,0.26133396876862136,0.0022959566763913215,1.4831264001741513,-0.18460803689728578
-952050.0000,954,23.735740519610584,0.049079160061344204,15.505501640530554,0.013118660204876977,0.04728820293852967,0.28574051961058444,0.002408763952327044,1.3730203554518923,-0.2947140816195448
-954050.0000,956,23.730424903638678,0.05012447285908383,342.75173950990757,-0.014861350883152349,0.047865314791522,0.28042490363867856,0.002512462779401031,1.2599892463496887,-0.4077451907217484
-956050.0000,958,23.697469330113428,0.0510463279144933,309.8939534900438,-0.03916057765383439,0.032735902442611334,0.24746933011342875,0.002605727593553978,1.14850197902576,-0.5192324580456771
-958050.0000,960,23.640016235064664,0.05183866048375599,276.9159566828695,-0.05145615734772552,0.006241156547046886,0.19001623506466458,0.002687246720750125,1.04422556815523,-0.6235088689162072
-960050.0000,962,23.562071509657038,0.05249522770146222,243.80416506940628,-0.04709843633787039,-0.0231712878075425,0.1120715096570386,0.0027557489314283664,0.9542311596481523,-0.7135032774232848
-962050.0000,964,23.468443658656398,0.053009766597364616,210.54784671844288,-0.026939635418024382,-0.04564753088497349,0.0184436586563983,0.0028100353547070734,0.8867514257222998,-0.7809830113491373
-964050.0000,966,23.36477369584322,0.05337616671311942,177.13958166115117,0.002663451529951689,-0.053303968317221576,-0.08522630415678023,0.0028490151729867177,0.8498611308898573,-0.8178733061815798
-966050.0000,968,23.257573785769722,0.05358864861016599,143.57607155056678,0.03181513882647835,-0.04311521184416124,-0.19242621423027728,0.0028717432598638452,0.8488690013953226,-0.8188654356761145
-968050.0000,970,23.15417260415891,0.05364194056025012,109.85931030009647,0.05044634654577547,-0.018220823836896622,-0.29582739584109063,0.0028774577870694074,0.8838604458915709,-0.7838739911798662
-970050.0000,972,23.062469527267382,0.0535314469392015,75.99796589982458,0.05193520001890466,0.012950784235124116,-0.3875304727326174,0.0028656158114045453,0.9497181111241979,-0.7180163259472392
-972050.0000,974,22.990432613824275,0.05325340321838868,42.00865896382845,0.035635630240711466,0.039565149250585074,-0.4595673861757241,0.0028359249543402896,1.0386291629951947,-0.6291052740762424
-974050.0000,976,22.945336006252766,0.052805013891122556,7.916703123046204,0.007272399129809433,0.05229592018746382,-0.5046639937472328,0.002788369492041646,1.1427421468273877,-0.5249922902440494
-976050.0000,978,22.93281154547836,0.052184571124102935,333.7558563527341,-0.02307305871126231,0.04680018893500705,-0.5171884545216408,0.002723229463406558,1.2555071822181523,-0.4122272548532848
-978050.0000,980,22.95586779394581,0.05139155334942906,299.5667706689321,-0.04469427429950018,0.025355983798026727,-0.4941322060541893,0.002641091755667213,1.371909257264759,-0.295825179806678
-980050.0000,982,23.01408100137045,0.050426704398276956,265.3941230706621,-0.050258310421583144,-0.0040484836823498445,-0.43591899862954975,0.0025428525164712043,1.4882358521230041,-0.17949858494843296
-982050.0000,984,23.103162934443347,0.049292095138931,231.28278962875766,-0.03845582512885304,-0.03082731511268591,-0.3468370655566524,0.002429710643185425,1.6017617582372305,-0.06597267883420654
-984050.0000,986,23.21505139365967,0.047991170968978134,197.27375016580459,-0.014249300341686852,-0.045821443519878546,-0.23494860634032833,0.00230315249097369,1.7104832831146641,0.04274884604322704
-986050.0000,988,23.33856558246856,0.04652879001741042,163.40054833847603,0.013290317620901972,-0.044585031223596375,-0.1114344175314379,0.0021649283004842716,1.8129217267200193,0.14518728964858219
-988050.0000,990,23.460553996496643,0.04491125869249471,129.6870301665005,0.03455707858686985,-0.028677434380172777,0.010553996496643236,0.0020170211573441814,1.9079831000089638,0.24024866293752667
-990050.0000,992,23.567373222416666,0.043146373515208856,96.14680870978918,0.042893675120784396,-0.004620131135798439,0.11737322241666703,0.0018616095475139163,1.9948572602720338,0.3271228232005967
-992050.0000,994,23.646492926151275,0.041243481405481786,62.78459164497548,0.036674017811072046,0.018859550949461484,0.19649292615127578,0.0017010247584443219,2.0729433837767743,0.40520894670533725
-994050.0000,996,23.688024278702333,0.039213575383958255,29.59928895776602,0.019367439603039285,0.03409231725901732,0.23802427870233345,0.0015377044943933767,2.1417930534967065,0.47405861642526936
-996050.0000,998,23.68599909611069,0.03706945006527765,356.58874690696166,-0.0022047073769898345,0.03699999785093959,0.23599909611069236,0.0013741441281421131,2.2010655832861374,0.5333311462147003
-998050.0000,1000,23.6392646104969,0.03482595306987951,323.75601394811804,-0.020587214212807466,0.02808498037267771,0.18926461049690246,0.0012128470072254502,2.250492457237608,0.5827580201661711
-1000050.0000,1002,23.55189075558626,0.03250038737827311,291.117172708108,-0.030314487227298514,0.011708724780190981,0.10189075558626115,0.0010562751797378142,2.289849190135658,0.622114753064221
-1002050.0000,1004,23.43301178308844,0.030113150171161125,258.71089608746934,-0.02952775698884011,-0.005893523556365517,-0.016988216911560272,0.0009068018132309013,2.318933763450133,0.6511993263786957
-1004050.0000,1006,23.29605189185255,0.027688742493227822,226.6099293962901,-0.020119866895952805,-0.019018642796998747,-0.15394810814744986,0.00076666646085628,2.337551247521958,0.6698168104505209
-1006050.0000,1008,23.157332102931377,0.025257359155924933,194.93455151057992,-0.00650940395507081,-0.02440168135130947,-0.29266789706862184,0.000637934191531385,2.34550441425114,0.677769977179703
-1008050.0000,1010,23.034138022893828,0.022857371974620126,163.8674402088668,0.006349832198928821,-0.021955533297090303,-0.41586197710617157,0.0005224594535861495,2.3425901677304677,0.6748557306590306
-1010050.0000,1012,22.94244668539904,0.020539118522164442,133.66739888674755,0.014855431390604606,-0.014181004870575532,-0.5075533146009583,0.00042185538966751847,2.328601541761432,0.660867104689995
-1012050.0000,1014,22.89464021021069,0.01837033389209824,104.67374727607614,0.017769653252220623,-0.004653738240603477,-0.5553597897893106,0.00033746916730717334,2.3033348875975985,0.6356004505261614
-1014050.0000,1016,22.897620930871284,0.016442741102875594,77.27909189506414,0.01603818462933549,0.003619987638717401,-0.5523790691287154,0.0002703637349761945,2.2666017475327873,0.5988673104613502
-1016050.0000,1018,22.95172540102751,0.014876365893774638,51.823248194367125,0.01169398281110953,0.00919412224210783,-0.4982745989724897,0.0002213062622054613,2.2182448181917387,0.5505103811203016
-1018050.0000,1020,23.05068484981352,0.013811712434288536,28.354952896782095,0.006559478321896741,0.012153933588608296,-0.399315150186478,0.00019076340036748056,2.1581573856928586,0.49042294862142155
-1020050.0000,1022,23.182634838087175,0.013375478917793556,6.331145036685598,0.0014749319479079217,0.01329330820158434,-0.26736516191282433,0.00017890343628033988,2.086305698261576,0.4185712611901389
-1022050.0000,1024,23.33193057257444,0.013623701633741884,344.6023539067188,-0.003617285636698801,0.01313405332315357,-0.11806942742556004,0.00018560524620522129,2.0027539758490844,0.33501953877764734
-1024050.0000,1026,23.481371324951937,0.014507703140737821,321.9412311431033,-0.008943322404828556,0.011422278934076314,0.031371324951937396,0.00021047345041977404,1.9076922152462508,0.23995777817481367
-1026050.0000,1028,23.61441801787396,0.015901538460695072,297.63809394269697,-0.01408645152907807,0.007375652015762232,0.1644180178739596,0.0002528589254169646,1.8014677729275266,0.13373333585608949
-1028050.0000,1030,23.717075967305266,0.01766024371971902,271.5836501831642,-0.017652300336993013,0.0004874760643861222,0.26707596730526717,0.00031188420823987506,1.6846231769437154,0.016888739872278347
-1030050.0000,1032,23.77924886096671,0.019658921474278813,243.99658677148045,-0.017667183913932235,-0.008618879083892014,0.329248860966711,0.0003864731935318607,1.5579453168438346,-0.10978912022760245
-1032050.0000,1034,23.795495460602844,0.021803302344319778,215.1756339666539,-0.012558946841615452,-0.017820743992184612,0.3454954606028444,0.0004753839931178203,1.422536335931972,-0.24519810113946505
-1034050.0000,1036,23.765209996475512,0.024025895218384306,185.385711938736,-0.0022541396155569024,-0.02391782305426252,0.31520999647551307,0.0005772436410447819,1.2799269526324497,-0.3878074844389874
-1036050.0000,1038,23.69229938332637,0.026278951941209418,154.8306557937883,0.0111759828023185,-0.023781407144873326,0.24229938332637246,0.0006905833151283942,1.1322747212802309,-0.5354597157912062
-1038050.0000,1040,23.584457215304347,0.028528454584359847,123.6600579659754,0.023743585625043293,-0.015810177668162482,0.13445721530434795,0.0008138727209718823,0.9827363830888518,-0.6849980539825853
-1040050.0000,1042,23.452149479209623,0.03074983380983312,91.98425958474417,0.03072844540417451,-0.001063842710707215,0.002149479209624161,0.0009455522793323562,0.8362000089110093,-0.8315344281604278
-1042050.0000,1044,23.30743809542717,0.0329250940053571,59.88819282535212,0.028478583674621957,0.01651717337374453,-0.1425619045728297,0.001084061815261602,0.7007186312202376,-0.9670158058511995
-1044050.0000,1046,23.162776129477926,0.03504089869159506,27.44169817560129,0.01614615961765975,0.03109529991977235,-0.2872238705220731,0.0012278645811146284,0.5899116554843995,-1.0778227815870376
-1046050.0000,1048,23.029906912724933,0.03708727081398741,354.70627847691276,-0.003422091632194259,0.03692522434868449,-0.4200930872750668,0.0013754656564300425,0.5244320062988954,-1.1433024307725417
-1048050.0000,1050,22.918980335373046,0.03905667742257169,321.7389170164763,-0.024183714407301465,0.03066356984790827,-0.5310196646269532,0.0015254240512908213,0.5239851666792816,-1.1437492703921555
-1050050.0000,1052,22.83795882503262,0.04094335338448503,288.5937341524764,-0.03880238207772763,0.013053015638894883,-0.6120411749673806,0.0016763581863668217,0.5886029479815686,-1.0791314890898684
-1052050.0000,1054,22.792327242049915,0.04274277503082129,255.32224620933084,-0.04134338524005793,-0.010829737795276049,-0.6576727579500847,0.0018269448173353997,0.698473530199154,-0.9692609068722831
-1054050.0000,1056,22.78505914642213,0.044451230506838246,221.97289435135906,-0.029724446269831273,-0.033044670319918555,-0.6649408535778676,0.0019759118935720674,0.8326139093306829,-0.8351205277407542
-1056050.0000,1058,22.8167459592635,0.04606545632501702,188.5903369289157,-0.006879438090626935,-0.04554392752572643,-0.6332540407364995,0.0021220262664320504,0.9769694157426831,-0.690765021328754
-1058050.0000,1060,22.885781566818352,0.04758232406802404,155.21477373688288,0.019945738156184233,-0.04319450683431666,-0.5642184331816473,0.00226407756371446,1.1229834304807826,-0.5447510065906545
-1060050.0000,1062,22.9885178402754,0.048998570340586724,121.88135439722004,0.041602692379192716,-0.025876031273082245,-0.46148215972459994,0.002400859895421425,1.2651992435855355,-0.4025351934859016
-1062050.0000,1064,23.119357354250667,0.050310568709622625,88.61958062998576,0.05029067378650196,0.0012123369569623198,-0.33064264574933233,0.002531153323885659,1.3998344607648692,-0.2678999763065679
-1064050.0000,1066,23.270809078048238,0.051514145570027814,55.45257943445836,0.04242532904132815,0.029210352571885236,-0.17919092195176134,0.002653707193810016,1.5240650030488339,-0.14366943402260324
-1066050.0000,1068,23.433579658456186,0.05260444329848449,22.396190894839833,0.020040340807683688,0.04863166232336144,-0.016420341543813777,0.0027672274547434696,1.6356745797109178,-0.032059857360519306
-1068050.0000,1070,23.5967919496225,0.05357583416796868,349.4579322522652,-0.009801407580074882,0.05266603933825664,0.14679194962250008,0.0028703700067936808,1.7328820831931528,0.06514764612171575
-1070050.0000,1072,23.748409643859723,0.05442188764647249,316.63600904742907,-0.03736412482308271,0.039560822294689754,0.2984096438597241,0.002961741855005275,1.8142566144932173,0.1465221774217802
-1072050.0000,1074,23.87590924063985,0.05513539220088692,283.91860112873655,-0.05351114849065669,0.013260871629902733,0.42590924063985014,0.003039911473145622,1.878676830267654,0.21094239319621688
-1074050.0000,1076,23.967191691856982,0.05570843084881171,251.28364547408057,-0.05275710192406245,-0.017874267486505578,0.5171916918569828,0.0031034292676368363,1.925313230063657,0.25757879299222
-1076050.0000,1078,24.01167940345939,0.05613250769794019,218.69928888985498,-0.035092254015202815,-0.04380360422270109,0.5616794034593902,0.003150858420459315,1.9536224790186132,0.2858880419471761
-1078050.0000,1080,24.001508059805158,0.056398720800118846,186.12512568230545,-0.006017076059181236,-0.056071093969539056,0.5515080598051583,0.003180815707889758,1.9633481166933708,0.29561367962193374
-1080050.0000,1082,23.932697941543164,0.05649797499589511,153.51429670275957,0.025194103508840805,-0.0505631357643767,0.48269794154316514,0.003192021178636789,1.9545248400440869,0.2867904029726498
-1082050.0000,1084,23.806171562880955,0.056421227155118436,120.816515196198,0.04845026168018417,-0.02890115388891795,0.35617156288095586,0.003183354873689474,1.927485273042837,0.2597508359713998
-1084050.0000,1086,23.62846794500146,0.05615975539863963,87.98208355760772,0.05611914399371788,0.0019771656665033095,0.17846794500146146,0.003153918126435033,1.8828694039579388,0.2151349668865017
-1086050.0000,1088,23.41198721038132,0.055705443539310284,54.96692773770957,0.04560812999235898,0.03197416149070419,-0.03801278961867993,0.003103096439911286,1.8216380710745506,0.15390363400311347
-1088050.0000,1090,23.17459027635095,0.055051072098096454,21.73853439687764,0.02038744960496698,0.051130529677681585,-0.27540972364904803,0.003030620539149814,1.7450933078156916,0.07735887074425452
-1090050.0000,1092,22.93839785574052,0.0541906078061099,348.28236074042195,-0.01100397631785554,0.05305567349649497,-0.5116021442594807,0.0029366219743956197,1.6549103256701698,-0.012824111401267269
-1092050.0000,1094,22.727712142064206,0.053119484468345385,314.6077841713036,-0.03781297794011522,0.0372994047959016,-0.7222878579357932,0.0028216796301827867,1.5531887671742697,-0.11454566989716741
-1094050.0000,1096,22.56615173805161,0.05183486943197252,280.7521021689529,-0.05091915757244854,0.009669763962513726,-0.8838482619483905,0.0026868536890296392,1.4425348885224087,-0.22519954854902835
-1096050.0000,1098,22.473340737658987,0.05033591170648932,246.78083055928914,-0.04625402251466107,-0.019842171895130142,-0.9766592623410126,0.002533704007323489,1.3261911852551458,-0.3415432518162913
-1098050.0000,1100,22.46175462629052,0.04862397013644622,212.78303983677745,-0.026325577235071937,-0.04087462344647608,-0.9882453737094785,0.0023642904718300137,1.208232606418531,-0.4595018306529062
-1100050.0000,1102,22.53446076248381,0.04670282317039205,178.8619139741004,0.0009267652181381271,-0.04668853278889449,-0.9155392375161888,0.002181153692084909,1.093836966634671,-0.5738974704367661
-1102050.0000,1104,22.684368184920864,0.0445788661655546,145.12264136113754,0.02548775398188432,-0.03656804902945121,-0.7656318150791357,0.0019872753086064288,0.9895762854806427,-0.6781581515907944
-1104050.0000,1106,22.89521214555674,0.04226130867910514,111.66109511378374,0.039272491918001314,-0.015598483207312667,-0.5547878544432585,0.0017860182112706072,0.9034933564561647,-0.7642410806152724
-1106050.0000,1108,23.144006518737566,0.03976239443035852,78.55667872308044,0.038968143097405455,0.007887075781442205,-0.3059934812624334,0.0015810480108354062,0.8443896446042305,-0.8233447924672066
-1108050.0000,1110,23.404337500496595,0.037097683619166134,45.87135142787463,0.026625915510448576,0.02582678304883549,-0.045662499503404064,0.0013762381299077474,0.8196380302107179,-0.8480964068607192
-1110050.0000,1112,23.64978369519488,0.03428646697408373,13.65524691703365,0.008094509451001123,0.03331384188371343,0.19978369519488126,0.0011755618175649345,0.8319940060558008,-0.8357404310156363
-1112050.0000,1114,23.856897817916813,0.03135243511413291,341.95852915209787,-0.009708129665940757,0.02980843341681469,0.4068978179168141,0.0009829751875859143,0.8779488338444452,-0.7897856032269919
-1114050.0000,1116,24.00743631941498,0.02832482981320797,310.84965380529945,-0.02142310330104174,0.018525709193546513,0.557436319414979,0.000802295983947195,0.9494492130517201,-0.718285224019717
-1116050.0000,1118,24.08974703277942,0.025240506119946632,280.44197105418993,-0.02482018690658947,0.0045751841537875395,0.6397470327794217,0.0006370831491910634,1.0371980149798081,-0.630536422091629
-1118050.0000,1120,24.099362262713633,0.022147739941672472,250.933394411334,-0.020931349393270505,-0.007233441403674601,0.649362262713634,0.0004905223845239542,1.1329132143253748,-0.5348212227460623
-1120050.0000,1122,24.038898596389178,0.01911341759305943,222.66673009182182,-0.012953515044073872,-0.014052639085587772,0.5888985963891784,0.0003653227320866737,1.230031439211116,-0.4377029978603211
-1122050.0000,1124,23.9173674462456,0.01623664924548006,196.21490283120124,-0.004534389091152661,-0.015589612731645684,0.4673674462455999,0.00026362877872074817,1.3235805628206136,-0.34415387425082344
-1124050.0000,1126,23.748987514120195,0.013673052954298817,172.4537666651256,0.0017949896343866698,-0.013554079385046998,0.29898751412019564,0.0001869523770910596,1.4098336702667176,-0.2579007668047195
-1126050.0000,1128,23.551588802238562,0.011667339132943117,152.39670111886153,0.005405578970779683,-0.010339155168936725,0.10158880223856315,0.00013612680244310584,1.4859937744092622,-0.18174066266217492
-1128050.0000,1130,23.34472164627481,0.01054918274008777,136.18476213185,0.007303349989976809,-0.007611942427400755,-0.10527835372518979,0.0001112852564837657,1.5499627767842035,-0.11777166028723363
-1130050.0000,1132,23.147632947223375,0.01057665183955768,121.41981254345473,0.009025652873976796,-0.005513446281173978,-0.30236705277662423,0.00011186556413521885,1.6001839863673353,-0.06755045070410182
-1132050.0000,1134,22.977328460047595,0.011689371931647454,104.20873689712198,0.011331448375026592,-0.002868798577446505,-0.47267153995240463,0.00013664141615638733,1.6355363263416423,-0.03219811072979484
-1134050.0000,1136,22.846973948391344,0.013556363958289916,82.72065586637007,0.013446322625380737,0.0017181367789882314,-0.603026051608655,0.00018377500376962186,1.6552619700937972,-0.012472466977639929
-1136050.0000,1138,22.764866076159787,0.015839486156965808,57.45409712417461,0.013350775179462118,0.008521260117466154,-0.6851339238402119,0.00025088932171671145,1.6589147794238635,-0.008819657647573642
-1138050.0000,1140,22.73411006702031,0.018307362841957768,29.521160182132462,0.009019453135843363,0.01592970742132313,-0.7158899329796888,0.000335159534227096,1.6463214331439109,-0.02141300392752621
-1140050.0000,1142,22.752993287621884,0.020818687113236877,359.83645741022474,-0.000060246149033762076,0.020816776629782367,-0.6970067123781156,0.00043341773311885524,1.617550255235599,-0.05018418183583817
-1142050.0000,1144,22.81589194746288,0.023286597255444248,329.0222523463815,-0.011985326839980118,0.019962887284185736,-0.634108052537119,0.0005422656117372636,1.5728848341239534,-0.09484960294748368
-1144050.0000,1146,22.914449439898707,0.025655217340895015,297.4842255462653,-0.02275789408555219,0.011838145936912212,-0.5355505601012922,0.0006581901768085603,1.5128009577400992,-0.15493347933133794
-1146050.0000,1148,23.038752643446855,0.027886871400807645,265.4863168013296,-0.027797584886939324,-0.002195155124754473,-0.4112473565531438,0.0007776775965251834,1.437946495801668,-0.2297879412697692
-1148050.0000,1150,23.178300351006357,0.029955308380103744,233.20107382024048,-0.023983677329736365,-0.017942255555494224,-0.27169964899364274,0.0008973205001471136,1.3491249449385943,-0.31860949213284284
-1150050.0000,1152,23.32266948033145,0.03184202509912565,200.74110474577196,-0.011274991650669006,-0.029775577035608493,-0.12733051966855058,0.0010139145624133478,1.2472848263714602,-0.4204496106999769
-1152050.0000,1154,23.461896290516535,0.033534175790894016,168.17858097307726,0.006869736404329347,-0.03281950926165974,0.011896290516535402,0.0011245409459745823,1.133519802543216,-0.534214634528221
-1154050.0000,1156,23.586669631524472,0.03502330755710012,135.5573742685316,0.02452099887650625,-0.025002077570972905,0.1366696315244731,0.0012266320722392264,1.0090902684489667,-0.6586441686224704
-1156050.0000,1158,23.688467831848847,0.036304533939076775,102.90060426385679,0.03538466329679466,-0.008104132410521806,0.23846783184884757,0.0013180191845335774,0.8754919984486322,-0.7922424386228049
-1158050.0000,1160,23.759762268271697,0.03737594406492721,70.21534366458758,0.03516599959259504,0.01265026828531926,0.3097622682716974,0.0013969611947445676,0.7346396452816184,-0.9330947917898187
-1160050.0000,1162,23.794370170227566,0.038238139378741466,37.49566974826581,0.023273021494034672,0.03033518375248037,0.3443701702275668,0.0014621553031480589,0.5893706852800165,-1.0783637517914206
-1162050.0000,1164,23.78798109450647,0.038893840027090676,4.724924618229295,0.0032032398414897087,0.03875771078991008,0.3379810945064712,0.0015127307920529208,0.44500017706059425,-1.2227342600108428
-1164050.0000,1166,23.738818828745565,0.03934753061617068,331.87782692853034,-0.018544787143150547,0.03469870451256937,0.2888188287455655,0.0015482281655904893,0.3148968185257379,-1.3528376185456992
-1166050.0000,1168,23.648342698221317,0.03960513097135346,298.92290576906953,-0.034661662746072255,0.019152283062304175,0.19834269822131745,0.0015685663992580608,0.2387557159994943,-1.428978721071943
-1168050.0000,1170,23.521845057396483,0.03967368706551376,265.82557190520276,-0.03956428928559341,-0.0028876585597213235,0.07184505739648372,0.001574001445372314,0.27654685666090195,-1.3911875804105351
-1170050.0000,1172,23.36876927906262,0.039561083156538834,232.55197256560768,-0.03140446501743366,-0.024052173645893134,-0.0812307209373806,0.0015650793005185808,0.40145688342728686,-1.2662775536441502
-1172050.0000,1174,23.20256126723972,0.03927577980777304,199.0735543596661,-0.012833355859431872,-0.03711550290774915,-0.24743873276027983,0.0015425868795086724,0.559703194212595,-1.1080312428588421
-1174050.0000,1176,23.039889810210646,0.03882658461600827,165.37194742070142,0.009804131286313082,-0.03756400551178252,-0.41011018978935354,0.00150750367294405,0.7304535750661134,-0.9372808620053237
-1176050.0000,1178,22.899144970344054,0.038222463565541535,131.4433847170783,0.028648618042955862,-0.025296069942967608,-0.5508550296559456,0.0014609567210191502,0.9063292317645499,-0.7614052053068872
-1178050.0000,1180,22.798263908891805,0.03747240123546438,97.30148167642812,0.037164356553564856,-0.004762149504345246,-0.6517360911081944,0.0014041808543516323,1.083907623221004,-0.583826813850433
-1180050.0000,1182,22.75213226313685,0.036585317833126546,62.97704753326167,0.03258759140030785,0.01662025283369419,-0.6978677368631487,0.0013384854809508873,1.2611129022342058,-0.4066215348372313
-1182050.0000,1184,22.770015268154523,0.035570050449100776,28.513957155352728,0.01697860589771276,0.031251695577930914,-0.6799847318454759,0.0012652284889515743,1.4364032957421353,-0.23133114132930177
-1184050.0000,1186,22.85359254638678,0.034435405330031935,353.9610863839938,-0.0036218792261077876,0.03424046083337565,-0.5964074536132209,0.0011857971402435918,1.6084696460083143,-0.05926479106312277
-1186050.0000,1188,22.996111839479433,0.03319028774421026,319.36160677331975,-0.02161342842490728,0.025183400841812864,-0.4538881605205667,0.0011015952005434739,1.776105861395036,0.10837142432359892
-1188050.0000,1190,23.182921933191125,0.03184391669423198,284.74188820685276,-0.030792028926706363,0.008102747572962327,-0.2670780668088746,0.001014035030429186,1.938146813420464,0.27041237634902693
-1190050.0000,1192,23.393287476865062,0.03040613398477051,250.10229015191112,-0.028587861869166974,-0.010346774126154822,-0.05671252313493724,0.0009245329838998162,2.0934367918679335,0.42570235479649643
-1192050.0000,1194,23.603085228526673,0.0288878218159504,215.41121629852205,-0.016737338125002846,-0.023540944687371966,0.15308522852667394,0.0008345062492700997,2.2408139747001297,0.5730795376286926
-1194050.0000,1196,23.787848847661788,0.027301451098690397,180.6025266394796,-0.0002876805089289575,-0.027296770105282885,0.3378488476617889,0.0007453692320941831,2.3791046222764085,0.7113701852049714
-1196050.0000,1198,23.925677498900157,0.025661794921343434,145.57543009552865,0.014504911389421817,-0.021165540963578866,0.47567749890015776,0.0006585277185850876,2.507124011027772,0.8393895739563351
-1198050.0000,1200,23.99967563447354,0.023986857968597196,110.19568402810336,0.0225091794356626,-0.008280538012977887,0.549675634473541,0.0005753693552056548,2.6236825147085696,0.9559480776371325
-1200050.0000,1202,23.999752666116283,0.02229908986814816,74.29731088574147,0.021464365895500374,0.006033756515311406,0.5497526661162837,0.0004972494089477479,2.7275958381831105,1.0598614011116734
-1202050.0000,1204,23.923721095244737,0.020626955598126544,37.68503530576595,0.01260855968279363,0.016321286455410117,0.4737210952447377,0.00042547129724708395,2.817698658131322,1.1499642210598848
-1204050.0000,1206,23.777675005913032,0.019006892275175213,0.13940204751907004,0.00004689402460787592,0.019004209527014655,0.3276750059130329,0.0003612619539601152,2.8928610214177923,1.2251265843463552
-1206050.0000,1208,23.575625141308123,0.01748549920794206,321.4295217285062,-0.010899707445564764,0.013669267009519419,0.12562514130812374,0.00030574268255094243,2.952006884705803,1.284272447634366
-1208050.0000,1210,23.338346366656246,0.01612131180351153,281.34281637271897,-0.01580381058344724,0.00317077005392047,-0.111653633343753,0.0002598966942660402,2.994134191514018,1.3263997544425807
-1210050.0000,1212,23.091399622813395,0.01498449188530047,239.74455440686563,-0.012941439901845684,-0.007548339411483825,-0.35860037718660465,0.0002245349970606356,3.0183358971038814,1.3506014600324443
-1212050.0000,1214,22.862364045277644,0.014151418943139826,196.67220783262042,-0.0040595447045012915,-0.013553960453996983,-0.5876359547223551,0.0002002626581042567,3.0238213789945636,1.3560869419231265
-1214050.0000,1216,22.67747899836941,0.013691153368809512,152.43345213871658,0.006334659191578688,-0.012134605688361283,-0.7725210016305901,0.00018744768056826405,3.0099377188769383,1.3422032818055012
-1216050.0000,1218,22.558127868854292,0.013645320605833908,107.62127382226055,0.013002593197529427,-0.004129895286323193,-0.891872131145707,0.00018619477443599546,2.976190416985353,1.3084559799139157
-1218050.0000,1220,22.51780392632312,0.014011642673151824,62.970721128708874,0.012478754104694685,0.006366581218145813,-0.9321960736768808,0.0001963261304000892,2.922263212005639,1.2545287749342018
-1220050.0000,1222,22.560243400155205,0.014743506721885399,19.121462684850712,0.004828298390408483,0.013927704574691495,-0.8897565998447945,0.00021737099045827994,2.848036844695444,1.1803024076240067
-1222050.0000,1224,22.679192375094836,0.015765958505215,336.45762392717927,-0.006296773831578698,0.01445104047686041,-0.7708076249051636,0.00024856544758816116,2.75360685202558,1.0858724149541428
-1224050.0000,1226,22.859836480607022,0.016995982908040056,295.1031201840847,-0.01538845775113836,0.007208861299363059,-0.5901635193929771,0.00028886343501038973,2.6393008692547903,0.9715664321833533
-1226050.0000,1228,23.08146096486502,0.018356448978401774,255.00656207244742,-0.017728720929479018,-0.0047488461463841055,-0.36853903513497954,0.0003369592190966675,2.50569656509626,0.8379621280248228
-1228050.0000,1230,23.320640370438085,0.01978183528467863,216.0292136289322,-0.011633501588070243,-0.015996011411033344,-0.1293596295619146,0.0003913210072301564,2.35364247477831,0.6859080377068727
-1230050.0000,1232,23.554268111400383,0.021218732980134984,178.00201310939906,0.0007402637132327046,-0.021202957419128667,0.10426811140038339,0.00045023462928226804,2.1842861261402455,0.5165516890688084
-1232050.0000,1234,23.761951521565543,0.0226242274314637,140.75462559264258,0.014311628031641812,-0.017518567534749313,0.3119515215655433,0.0005118556668705945,1.9991180879036154,0.33138365083217836
-1234050.0000,1236,23.92757206234947,0.02396388747696035,104.12800581655881,0.023236247658902812,-0.00584808726333459,0.4775720623494699,0.000574267903008417,1.8000495327014705,0.1323150956300334
-1236050.0000,1238,24.04003196883088,0.025210029309040226,67.97896175255664,0.023367811905554273,0.009451695395370076,0.5900319688308819,0.0006355455777626672,1.589561188095427,-0.07817324897601008
-1238050.0000,1240,24.093338020764918,0.026340400371691365,32.181224265587616,0.014026820428062067,0.022291187504462885,0.6433380207649186,0.0006938166917409986,1.371010761986028,-0.2967236750854092
-1240050.0000,1242,24.086222340167744,0.027337236790859473,356.625074072959,-0.001609494399321803,0.027286536473220952,0.6362223401677447,0.0007473245153595207,1.1493138028972947,-0.5184206341741424
-1242050.0000,1244,24.021498379486765,0.028186602178332115,321.216394705532,-0.01765367639344088,0.021969140082887223,0.5714983794867656,0.0007944845423595567,0.9325601343385832,-0.7351743027328539
-1244050.0000,1246,23.905322113741544,0.028877921742756586,285.8755267592321,-0.027773230874787957,0.007898344640238043,0.45532211374154485,0.0008339343641807736,0.7359969971060899,-0.9317374399653472
-1246050.0000,1248,23.746487280138403,0.029403644683835373,250.53612581570746,-0.027719922665540353,-0.009796654743073827,0.296487280138404,0.0008645743206932402,0.5904865536349199,-1.0772478834365171
-1248050.0000,1250,23.55583405464764,0.02975898649017235,215.14418905972093,-0.017128213770324696,-0.024331253571405788,0.10583405464764084,0.0008855972769222603,0.5455886471494537,-1.1221457899219835
-1250050.0000,1252,23.34579424351935,0.02994171759448485,179.65741937494886,0.00017904104831798016,-0.029937581087052488,-0.10420575648064911,0.0008965064525078836,0.6251041267809794,-1.0426303102904577
-1252050.0000,1254,23.130036022383344,0.02995197579527511,144.04508070994984,0.017584103357227085,-0.024242580584429067,-0.3199639776166556,0.000897120854040746,0.7905287056243671,-0.87720573144707
-1254050.0000,1256,22.923115614428717,0.029792087734003415,108.28841878762006,0.02828377027095975,-0.009347721115007167,-0.5268843855712824,0.0008875684915505568,0.9960610051039399,-0.6716734319674972
-1256050.0000,1258,22.740006163198565,0.029466390370595848,72.38154689162803,0.028080804697863414,0.008917543486705815,-0.7099938368014342,0.0008682681614723437,1.2163408996217195,-0.45139353744971755
-1258050.0000,1260,22.59537334868431,0.02898104750987509,36.33243138551978,0.017168426842183213,0.023343900701474136,-0.8546266513156908,0.0008399011147696371,1.4386687363318642,-0.2290657007395729
-1260050.0000,1262,22.5025186067107,0.02834385949949534,0.16331804999094857,0.0000810627582068677,0.028340204327602057,-0.9474813932892978,0.0008033743713271323,1.6559229382523712,-0.011811498819065847
-1262050.0000,1264,22.47201703638862,0.027564066610688137,323.90975043007336,-0.01623455170050679,0.02227165704833854,-0.9779829636113782,0.0007597777681184526,1.8634966086510598,0.19576217157962272
-1264050.0000,1266,22.510217046664927,0.026652148603122774,287.6174124470796,-0.025398826939459385,0.008065883536233491,-0.9397829533350723,0.0007103370251629392,2.058055187870039,0.39032075079860196
-1266050.0000,1268,22.617893751851426,0.02561962479998842,251.33647985107677,-0.024269496947813267,-0.008197098107261339,-0.8321062481485733,0.0006563651748921817,2.237008009590075,0.5692735725186377
-1268050.0000,1270,22.78939698118816,0.024478860900369985,215.11389590194517,-0.014078960246711503,-0.02002119344322496,-0.660603018811841,0.0005992146309796624,2.3982699461691057,0.7305355090976686
-1270050.0000,1272,23.01256816313419,0.02324289103646274,178.98468042420996,0.0004113037583472152,-0.023236371648623123,-0.4374318368658088,0.00054023198373288,2.54014880726411,0.872414370192673
-1272050.0000,1274,23.26953251148658,0.02192526669028226,142.96365916349907,0.013204008088946215,-0.01750008844084283,-0.18046748851341832,0.00048071731944000084,2.66129043134855,0.9935559942771128
-1274050.0000,1276,23.538271328765042,0.020539948744991647,107.03868214558742,0.019635821794195686,-0.006018351169386668,0.08827132876504251,0.00042188949444688393,2.7606511673061167,1.0929167302346796
-1276050.0000,1278,23.794725334298242,0.019101266407130814,71.16563394648972,0.018076474471223798,0.00616523137112211,0.3447253342982428,0.00036485837835618413,2.8374833215794815,1.1697488845080444
-1278050.0000,1280,24.015121271846894,0.017623979203842868,35.26466900864364,0.010174504964897706,0.014387761030832787,0.5651212718468948,0.0003106046429774859,2.891326301167627,1.22359186409619
-1280050.0000,1282,24.1782450081601,0.01612349968637468,359.2164095455373,-0.0002198799739148179,0.01611999193399673,0.7282450081601013,0.00025996724213652437,2.921999626168197,1.2542651890967598
-1282050.0000,1284,24.26746309737105,0.014616371888187872,322.8563891385303,-0.008823980131459543,0.011649947237447202,0.8174630973710499,0.00021363832717380868,2.92959575334538,1.2618613162739427
-1284050.0000,1286,24.272374310860144,0.01312116590722828,285.96575029871065,-0.012613202437371402,0.0036092456113166263,0.8223743108601447,0.00017216499476500972,2.914471623516749,1.246737186445312
-1286050.0000,1288,24.190021619195043,0.011660059308497754,248.25624883853754,-0.0108291601196496,-0.00431838334492686,0.7400216191950442,0.0001359569830776851,2.8772384227680723,1.2095039856966352
-1288050.0000,1290,24.025602895423418,0.01026154124101369,209.34915158991578,-0.005029251172862465,-0.0089428369677329,0.5756028954234189,0.0001052992286410248,2.818749426279129,1.1510149892076917
-1290050.0000,1292,23.792591330636327,0.00896482417633299,168.75512899454134,0.001747327698258918,-0.008791382517124769,0.34259133063632774,0.00008036807251256446,2.740086077034558,1.072351639963121
-1292050.0000,1294,23.512133555432836,0.007826228771165369,125.88862309440509,0.006339010586371463,-0.004587376397778991,0.06213355543283683,0.0000612498567786166,2.642542702771051,0.9748082656996138
-1294050.0000,1296,23.21156743479878,0.006925364573425654,80.2160273044409,0.006823258886389544,0.0011762245988696928,-0.2384325652012187,0.00004796067447485909,2.5276105431879925,0.8598761061165554
-1296050.0000,1298,22.921938912573268,0.006361299793711851,31.697276181091695,0.0033418070114594736,0.005411047627936222,-0.5280610874267317,0.00004046613506547844,2.396962102276097,0.7292276652046601
-1298050.0000,1300,22.67454849709411,0.006220949095039098,341.3987100035222,-0.001983925038577759,0.005894526054753426,-0.7754515029058879,0.00003870020764306777,2.252437342289928,0.5847029052184909
-1300050.0000,1302,22.496843999877996,0.006525516115188143,291.3666099441484,-0.006075704784357268,0.002376664047777549,-0.9531560001220036,0.000042582360569580154,2.0960340439493548,0.4282996068779177
-1302050.0000,1304,22.408334508047012,0.007213329366024979,243.35355611456816,-0.006445676316504542,-0.003234774418550683,-1.0416654919529869,0.000052032120542758324,1.9299060486061599,0.2621716115347228
-1304050.0000,1306,22.417455991497278,0.00818415781625611,197.96335932980685,-0.00252310374502951,-0.007783930440099743,-1.0325440085027218,0.000066980439161386,1.7563756135232271,0.08864117645179004
-1306050.0000,1308,22.520254673061316,0.009347609237435167,154.98459717293224,0.003952598698485234,-0.008469092586553874,-0.9297453269386828,0.00008737779845578326,1.5779708386101086,-0.08976359846132853
-1308050.0000,1310,22.70129027348119,0.010639499278251769,113.96513707961037,0.009721041665134794,-0.004320357811163775,-0.7487097265188076,0.00011319894489191991,1.3975082720884568,-0.27022616498298024
-1310050.0000,1312,22.93648398494847,0.012018490219037996,74.48395440831922,0.0115786610603802,0.0032151602377178123,-0.513516015051529,0.00014444410714511198,1.2182587597642114,-0.4494756773072257
-1312050.0000,1314,23.197097210449535,0.01345870458213824,36.207195461636275,0.007948584777507208,0.010858524152073244,-0.25290278955046475,0.00018113672902926887,1.0442690099485514,-0.6234654271228857
-1314050.0000,1316,23.45387249689182,0.014943824009471189,358.8738010952861,-0.0002942826369998592,0.0149389851537731,0.0038724968918195657,0.00022331787602604758,0.8809684201109576,-0.7867660169604795
-1316050.0000,1318,23.680575327881932,0.016463217928923725,322.27261899656537,-0.010073143781441793,0.01301926815352937,0.23057532788193313,0.00027103754457523556,0.7362283508895597,-0.9315060861818774
-1318050.0000,1320,23.856539394394975,0.018009529724453414,286.2262653741001,-0.01729019043747794,0.005031227009263561,0.4065393943949758,0.0003243431608959711,0.6217261597823669,-1.0460082772890702
-1320050.0000,1322,23.968139591148827,0.01957717074647341,250.5821515405662,-0.018461187959406558,-0.006508322522663021,0.5181395911488273,0.0003832656144365742,0.5526334947678433,-1.1151009423035938
-1322050.0000,1324,24.00930751353804,0.021161361842981917,215.20827863551096,-0.012198645594971667,-0.01728844082917686,0.559307513538041,0.00044780323504961105,0.5405888566124557,-1.1271455804589814
-1324050.0000,1326,23.981272550794436,0.022757508564061574,179.99176674712453,0.000003883841212110972,-0.022754828561775214,0.5312725507944371,0.0005179041960433359,0.58217713528223,-1.085557301789207
-1326050.0000,1328,23.89170760859249,0.02436078629341805,144.83883486709135,0.014027702217042656,-0.019913109153734385,0.44170760859249114,0.0005934479088335847,0.6603543970696419,-1.0073800400017952
-1328050.0000,1330,23.753430700982932,0.025965863506709708,109.67544801385151,0.024447169656295377,-0.008740883021389242,0.3034307009829327,0.0006742260676490789,0.7572003102635367,-0.9105341268079004
-1330050.0000,1332,23.582793598948776,0.027566720879711876,74.44807702901778,0.026554134914015794,0.00739067229249552,0.1327935989487763,0.0007599241000599427,0.8602463886645025,-0.8074880484069346
-1332050.0000,1334,23.397889474136925,0.029156540833050477,39.1240870710285,0.018395170097872518,0.022616786634955945,-0.05211052586307474,0.0008501038733493398,0.9618994854952008,-0.7058349515762363
-1334050.0000,1336,23.216730511046915,0.03072765184187288,3.691302740638889,0.001977432328877931,0.030660267419526623,-0.2332694889530842,0.0009441885877153537,1.057581370608806,-0.6101530664626311
-1336050.0000,1338,23.055569016143334,0.03227151752045653,328.15639065852065,-0.017024985669262575,0.027410759301465734,-0.3944309838566653,0.001041450843073133,1.1444362020469936,-0.5232982350244435
-1338050.0000,1340,22.927539951225718,0.033778763807646384,292.54191128038644,-0.031194492947250803,0.012947298259819554,-0.5224600487742812,0.0011410048843727612,1.220607017185651,-0.4471274198857862
-1340050.0000,1342,22.841769821324466,0.03523923948037005,256.88220650235485,-0.03431540730123517,-0.007997252846765335,-0.6082301786755338,0.0012418039991548711,1.284844511119066,-0.38288992595237104
-1342050.0000,1344,22.80302135537379,0.03664210625676076,221.21861286650017,-0.024141402177661905,-0.02755924139818335,-0.6469786446262091,0.001342643950931746,1.3362908321111524,-0.3314436049602847
-1344050.0000,1346,22.81184181147575,0.03797595524379227,185.59468528353796,-0.003701351109726902,-0.03779054675764151,-0.6381581885242475,0.0014421731766785136,1.3743553883621855,-0.2933790487092516
-1346050.0000,1348,22.86508849952471,0.03922894663978208,150.05208671082426,0.01958163812003552,-0.03398677274043692,-0.5849115004752896,0.00153891025446687,1.3986408433448463,-0.2690935937265908
-1348050.0000,1350,22.956652587449327,0.04038896955241179,114.6275567032871,0.03671082863560593,-0.016828420897162015,-0.4933474125506727,0.0016312688615056463,1.4088981816407902,-0.2588362554306469
-1350050.0000,1352,23.078208388772843,0.04144381862936511,79.3510327674793,0.040725190758663876,0.007657932336311598,-0.371791611227156,0.0017175901025837104,1.4050000702523886,-0.2627343668190485
-1352050.0000,1354,23.219871755325666,0.04238138398692966,44.244711968660965,0.029566832745823342,0.030357286657091413,-0.2301282446743329,0.0017961817086475777,1.3869270823433952,-0.28080735472804186
-1354050.0000,1356,23.37073091995243,0.04318985071082485,9.322704368741995,0.0069954488029348345,0.042614506615395065,-0.07926908004757038,0.001865363204423338,1.3547643458131744,-0.3129700912582627
-1356050.0000,1358,23.51928534132555,0.043857904030418414,334.59095562826906,-0.01881650332029828,0.03961080206197072,0.06928534132554987,0.0019235157459413918,1.3087082165983388,-0.3590262204730983
-1358050.0000,1360,23.65387116587989,0.04437493616154358,300.04724764854996,-0.038407254927311535,0.022216497730314762,0.2038711658798924,0.001969134959341068,1.2490845649065907,-0.4186498721648464
-1360050.0000,1362,23.763158760447265,0.04473125079782456,265.6812469939931,-0.044599240265632806,-0.0033682163942419137,0.31315876044726565,0.00200088479793788,1.1763831483181293,-0.4913512887533078
-1362050.0000,1364,23.836783850608438,0.044918261325772535,231.4747025012938,-0.035137127421089855,-0.027974719405439278,0.38678385060843823,0.002017650200530393,1.091317921184665,-0.576416515886772
-1364050.0000,1366,23.86613118575317,0.044928679063711445,197.4019713506915,-0.01343553117125413,-0.04286756414402296,0.4161311857531693,0.002018586202409983,0.9949344612287424,-0.6727999758426947
-1366050.0000,1368,23.84524067823733,0.044756688199005225,163.43108192627392,0.012761702753573079,-0.042893601046004814,0.39524067823733233,0.0020031611385429734,0.8888114065281276,-0.7789230305433095
-1368050.0000,1370,23.771758965282125,0.04439810464714586,129.5255411840908,0.03424222684770606,-0.0282529770085891,0.32175896528212533,0.001971191696258915,0.7754643470586053,-0.8922700900128318
-1370050.0000,1372,23.647817515513964,0.04385051681486178,95.64707943759976,0.04363291431212209,-0.004314683602213921,0.19781751551396454,0.001922867824930476,0.6592110725973048,-1.0085233644741323
-1372050.0000,1374,23.480681840063724,0.04311340726950892,61.759493137214974,0.037977571558679424,0.02039762788967049,0.030681840063724763,0.0018587658863865447,0.5480896673290216,-1.1196447697424154
-1374050.0000,1376,23.2829865729678,0.042188255679197234,27.83366500801702,0.01969613475059933,0.03730309121546332,-0.1670134270321988,0.0017798489172533177,0.45769844543485616,-1.2100359916365808
-1376050.0000,1378,23.072356808316385,0.04107862521988054,353.8536530910037,-0.0043972942922812465,0.04083804262129387,-0.3776431916836138,0.0016874534499554054,0.4145901505944702,-1.2531442864769669
-1378050.0000,1380,22.870237486486964,0.03979023715125321,319.82338629039145,-0.025667284421712518,0.03039908015055004,-0.5797625135130353,0.0015832629725529713,0.4435202293174212,-1.224214207754016
-1380050.0000,1382,22.69984041505166,0.03833104177302066,285.77298595228956,-0.03688350978349082,0.010418796065039888,-0.7501595849483387,0.0014692687634050546,0.5401105464097566,-1.1276238906616805
-1382050.0000,1384,22.58329876000436,0.036711299025105025,251.76321044821862,-0.034863706934505634,-0.011486753175139825,-0.8667012399956384,0.0013477194761106772,0.6803609291871568,-0.9873735078842802
-1384050.0000,1386,22.538381572729968,0.03494368947142984,217.88636426670962,-0.021457032660062464,-0.027575207185118245,-0.9116184272700316,0.0012210614338757167,0.8450041470347529,-0.8227302900366842
-1386050.0000,1388,22.57538683075429,0.033043487753832965,184.26267167007745,-0.002456542644874822,-0.03294851867488957,-0.8746131692457091,0.001091872082937709,1.0229568909102782,-0.6447775461611589
-1388050.0000,1390,22.69495781204926,0.031028848175490065,151.032714986416,0.015025379826276516,-0.02714457560457089,-0.755042187950739,0.0009627894190976131,1.207740351818129,-0.459994085253308
-1390050.0000,1392,22.887428023481306,0.028921279603390915,118.34850801571326,0.025450017595164052,-0.013732089392164125,-0.5625719765186936,0.0008364404138975154,1.39505451305509,-0.2726799240163471
-1392050.0000,1394,23.133900280460132,0.026746429867998897,86.36701359366708,0.026690195022383293,0.0016938733993089987,-0.31609971953986715,0.0007153715106837835,1.581638270270226,-0.08609616680121102
-1394050.0000,1396,23.40878016106712,0.024535364869283514,55.24957617246508,0.0201579258636763,0.013983370089260087,-0.041219838932878616,0.0006019841292688716,1.7647565557072564,0.09702211863581933
-1396050.0000,1398,23.68314448260695,0.022326616757939084,25.168805613564814,0.009495062831632926,0.02020492551548697,0.2331444826069493,0.0004984778158558863,1.9419661628876292,0.27423172581619215
-1398050.0000,1400,23.92825581705999,0.020169363352781085,356.32114387602405,-0.001293403007563372,0.0201263242093618,0.478255817059992,0.00040680321805650863,2.1110087995493974,0.44327436247796026
-1400050.0000,1402,24.118689868858375,0.018128057784996217,328.93755467299593,-0.00935245559495165,0.015527842660979473,0.668689868858376,0.0003286264790561619,2.2697653936636817,0.6020309565922446
-1402050.0000,1404,24.234785351925694,0.016288215527978343,303.2727670660038,-0.013617014651020944,0.00893599453601483,0.7847853519256951,0.00026530596508587484,2.416241486982752,0.7485070499113151
-1404050.0000,1406,24.264332796582245,0.014760810000524175,279.53230875991926,-0.014556226165515197,0.002444649986406253,0.8143327965822458,0.00021788151187157451,2.5485690476472027,0.8808346105757656
-1406050.0000,1408,24.203534208803045,0.013677560617336916,257.68596768892166,-0.013362363759859323,-0.002916703157856347,0.7535342088030461,0.0001870756644409258,2.6650170839749983,0.9972826469035612
-1408050.0000,1410,24.057292726088704,0.013164564844473085,237.20170601961468,-0.011065502193298018,-0.007130711756661533,0.6072927260887049,0.00017330576754433666,2.7640068249132677,1.0962723878418306
-1410050.0000,1412,23.83886143873268,0.013293050674160287,216.97209184512712,-0.007994383727765411,-0.010619831628401534,0.388861438732679,0.00017670519622579327,2.8441289458154424,1.1763945087440053
-1412050.0000,1414,23.56883133164797,0.014041058020753418,195.72506729915517,-0.0038050148148237734,-0.013514986336756485,0.11883133164797144,0.0001971513103421639,2.904161235998018,1.2364267989265807
-1414050.0000,1416,23.273407890988558,0.015306771408194426,172.6180069681708,0.0019669517987745922,-0.015179009359318433,-0.17659210901144107,0.00023429725094271838,2.9430856292054712,1.2753511921340341
-1416050.0000,1418,22.981951610516855,0.016958920491828827,147.4284004899008,0.009129726055980815,-0.014290400173664362,-0.468048389483144,0.0002876049842481717,2.9601038438628287,1.2923694067913916
-1418050.0000,1420,22.723869514625566,0.018877956563740077,120.34618869530112,0.016290562376797983,-0.009536348738722954,-0.7261304853744335,0.00035637724402245703,2.954651105708678,1.2869166686372409
-1420050.0000,1422,22.525145277024826,0.020971074908642286,91.72022231669564,0.02095993453502678,-0.0006287919195347906,-0.9248547229751729,0.00043978598282388607,2.9264076053986754,1.2586731683272383
-1422050.0000,1424,22.40502982073879,0.023171000499869487,61.9160387830014,0.020440684458660617,0.010907793977970957,-1.0449701792612096,0.000536895264164952,2.875307512387342,1.207573075315905
-1424050.0000,1426,22.373561754147826,0.02542984805481732,31.26167740026483,0.013194892295166245,0.021736002599596713,-1.0764382458521737,0.0006466771720910962,2.801545552468563,1.1338111153971258
-1426050.0000,1428,22.430513011020487,0.027713174352426824,0.03211042376722162,0.000014745766781072158,0.027710562854200003,-1.0194869889795122,0.0007680200326880079,2.7055813939521807,1.0378469568807436
-1428050.0000,1430,22.5660186254229,0.02999548259641612,328.446063345006,-0.015695834003704043,0.02555773055371619,-0.8839813745771004,0.0008997289761919022,2.5881424309322303,0.9204079938607932
-1430050.0000,1432,22.76267545913147,0.03225708602087267,296.6669892601633,-0.02882347261842521,0.0144750226090461,-0.6873245408685307,0.001040519598557979,2.4502261026258467,0.7824916655544096
-1432050.0000,1434,22.998510933810863,0.034481968693923754,264.8069549077642,-0.034337043247617986,-0.003121481915519293,-0.4514890661891364,0.0011890061650087378,2.293103850173252,0.625369413101815
-1434050.0000,1436,23.250097822418724,0.03665632803868835,232.93325523715419,-0.02924604999707523,-0.02209287591687542,-0.1999021775812757,0.0013436863852799299,2.1183306274979516,0.45059619042651455
-1436050.0000,1438,23.49522639836136,0.03876757969727686,201.0768939312402,-0.013939599377946026,-0.03617074314437353,0.04522639836136122,0.0015029252355847128,1.927767557450076,0.260033120378639
-1438050.0000,1440,23.714813573736535,0.040803683285912086,169.24160548487032,0.007616686711822808,-0.04008248437189159,0.2648135737365358,0.0016649405696970213,1.7236333094247034,0.05589887235326629
-1440050.0000,1442,23.89398924323889,0.042752699644913225,137.41223722357194,0.028929248037050898,-0.031472834189239254,0.44398924323889233,0.0018277933269281634,1.5086184858203895,-0.1591159512510476
-1442050.0000,1444,24.022475670543365,0.04460252232407277,105.56177932704196,0.04296348428940738,-0.011964083773049292,0.5724756705433656,0.0019893849976694096,1.286144943440481,-0.38158949363095607
-1444050.0000,1446,24.094457036585716,0.04634074504790876,73.65680497066592,0.04446379028224791,0.01303912703324922,0.6444570365857167,0.0021474646515952807,1.0609846410757295,-0.6067497959957076
-1446050.0000,1448,24.108148530804087,0.0479546378151139,41.6614111003766,0.031873237226895244,0.035823096779530994,0.6581485308040875,0.002299647287978752,0.8408538832863124,-0.8268805537851247
-1448050.0000,1450,24.06524729512585,0.04943121042081643,9.539927135051357,0.00819118069065181,0.04874286552955043,0.615247295125851,0.0024434445636670305,0.6408179846915685,-1.0269164523798686
-1450050.0000,1452,23.97040164673824,0.05075734562979543,337.25873434917787,-0.019619734760204295,0.04680662543450572,0.5204016467382395,0.0025763081353825136,0.4943993029964455,-1.1733351340749916
-1452050.0000,1454,23.83078078110986,0.051919986240122964,304.78756033149307,-0.04263639908195675,0.029618877106775583,0.38078078110985913,0.002695684971174558,0.459900019578562,-1.207834417492875
-1454050.0000,1456,23.655769227557023,0.05290636160688131,272.10060414556574,-0.05286540542597118,0.0019387244662370019,0.20576922755702398,0.0027990830984780846,0.5569630346642984,-1.1107714024071387
-1456050.0000,1458,23.45675211076569,0.05370424026471125,239.17780793617317,-0.04611421089799432,-0.027514094409662064,0.006752110765692265,0.0028841454224098335,0.7309210622126371,-0.9368133748588
-1458050.0000,1460,23.246904263512292,0.05430219631348873,206.00650267202502,-0.023807380776544353,-0.04879871672942158,-0.2030957364877075,0.0029487285244686693,0.9343557619423548,-0.7333786751290823
-1460050.0000,1462,23.040857763718535,0.05468987830912045,172.58349691514877,0.007058781632193855,-0.05422652104381326,-0.40914223628146473,0.0029909827894664034,1.1454838140953283,-0.5222506229761088
-1462050.0000,1464,22.85411171808464,0.0548582705576532,138.91743566147284,0.036045986998748204,-0.04134565124522564,-0.5958882819153608,0.0030094298485766804,1.3542658820569704,-0.3134685550144667
-1464050.0000,1466,22.702079627786567,0.054799937936185365,105.0309530953669,0.052919169718942956,-0.014210361196244588,-0.7479203722134322,0.003003033197809768,1.555244506475498,-0.11248993059593904
-1466050.0000,1468,22.598752874998524,0.054509246633919754,70.96186073846883,0.051522012063946354,0.017778661492516556,-0.8512471250014748,0.002971257968597492,1.744952571345305,0.07721813427386781
-1468050.0000,1470,22.555087471864947,0.053982554493427516,36.7624995524597,0.032305112405343464,0.04324170853429532,-0.8949125281350518,0.0029141161896358713,1.9209395629779866,0.25320512590654953
-1470050.0000,1472,22.577363171787994,0.05321836591112998,2.496604092148175,0.002318271793998292,0.053161890866345526,-0.8726368282120056,0.0028321944702509217,2.081369865068064,0.4136354279966268
-1472050.0000,1474,22.665863038079095,0.0522174475080695,328.23363489512735,-0.027486806728850902,0.04439063843291036,-0.784136961920904,0.002726661824257994,2.2248412602952694,0.5571068232238323
-1474050.0000,1476,22.814219921184304,0.05098290199434475,294.041361595206,-0.04655484726362314,0.02076838649472549,-0.6357800788156958,0.002599256295764962,2.3502955365611466,0.6825610994897096
-1476050.0000,1478,23.009652823737184,0.04952019881618837,259.97814822742,-0.048759333445474826,-0.008616168975413807,-0.44034717626281505,0.002452250090794824,2.456970021780638,0.7892355847092007
-1478050.0000,1480,23.234110436996282,0.04783716129242871,226.08654487134504,-0.03445803997798342,-0.033174385999048144,-0.2158895630037172,0.0022883940005178397,2.5443678272139882,0.8766333901425511
-1480050.0000,1482,23.466134946882782,0.045943911022244,192.3893506292726,-0.00985709505825512,-0.04486899857999199,0.01613494688278294,0.002110842960019874,2.6122364728935175,0.9445020358220804
-1482050.0000,1484,23.683134032408624,0.043852771392724664,158.8885483904926,0.01579261362264958,-0.04090538278032194,0.23313403240862485,0.0019230655588225707,2.660549856682751,0.9928154196113139
-1484050.0000,1486,23.863730661325857,0.041578133061112924,125.56682137837424,0.03381716604934353,-0.024182157804998237,0.41373066132585734,0.0017287411488476115,2.689491055971542,1.0217566189001048
-1486050.0000,1488,23.989922748441895,0.0391362853870995,92.39101033626577,0.03909809265585554,-0.0016334613703558151,0.5399227484418958,0.0015316488339004977,2.6994347440664117,1.0317003069949746
-1488050.0000,1490,24.04887655346523,0.03654521905029917,59.316887277688465,0.03142621064587107,0.01864587819039501,0.5988765534652316,0.0013355530354343494,2.690928709851935,1.023194272780498
-1490050.0000,1492,24.03425419716975,0.03382440671522504,26.2948804079075,0.014983253283277312,0.030320871421643976,0.5842541971697521,0.0011440904896369607,2.6646743807993394,0.9969399437279023
-1492050.0000,1494,23.947014691057028,0.03099457102896993,353.2767369901644,-0.003627251149367457,0.03077835205503513,0.49701469105702856,0.0009606634332698621,2.6215065037256085,0.9537720666541714
-1494050.0000,1496,23.795629462603678,0.028077453378451907,320.22347185292347,-0.017961121577596183,0.021577239756962376,0.34562946260367866,0.0007883433882191405,2.562372302818312,0.894637865746875
-1496050.0000,1498,23.595633660952224,0.025095604800188256,287.1153329353999,-0.02398140173684189,0.0073858051419187914,0.14563366095222463,0.0006297893802872319,2.48831054511228,0.8205761080408429
-1498050.0000,1500,23.36842101970869,0.02207223736935823,253.96509718618825,-0.021211569744609367,-0.006095163535962623,-0.08157898029130806,0.0004871836624892939,2.4004310184879305,0.7326965814164934
-1500550.0000,1502.5,23.0847070638931,0.01827107678332933,212.57381494292463,-0.009836787891206412,-0.015394821135877342,-0.3652929361069006,0.000333832246822316,2.2729228948693647,0.6051884577979276
-1503050.0000,1505,22.84857301478807,0.014491371802989822,171.5497266408944,0.0021282544013559337,-0.014332764167008728,-0.6014269852119298,0.00020999985673248847,2.1279786148034727,0.46024417773203563
-1505550.0000,1507.5,22.702856108537198,0.010789069022721299,131.66903840978125,0.008058012245832379,-0.007172940571184252,-0.7471438914628017,0.00011640401037704432,1.9679705218369268,0.3002360847654897
-1508050.0000,1510,22.672931728565395,0.007246289796990924,95.0010392470856,0.00721814010819353,-0.0006324399319566821,-0.7770682714346044,0.00005250871582197477,1.795270554339607,0.12753611726816994
-1510550.0000,1512.5,22.760681039625652,0.004082091063259333,69.1940243456009,0.0038159424915509923,0.0014497231126758448,-0.6893189603743473,0.00001666346744874171,1.6122301735721418,-0.05550426349929527
-1513050.0000,1515,22.944481566343022,0.0025083688874130384,82.73021011383247,0.002488047508879483,0.00031733204429522344,-0.5055184336569774,0.000006291914475341724,1.4211817194755867,-0.2465527175958504
-1515550.0000,1517.5,23.18522375916536,0.004255345314694307,89.34687255131183,0.004254982972858768,0.00004882263474870788,-0.2647762408346388,0.000018107963747290788,1.2244728793515767,-0.4432615577198604
-1518050.0000,1520,23.435962802050526,0.006955405927978029,61.6950012549288,0.006123059681695257,0.003298350577691134,-0.014037197949473779,0.00004837767162295191,1.02456262326909,-0.643171813802347
-1520550.0000,1522.5,23.65194146837611,0.009650554629160694,25.473416612706785,0.004149636361231198,0.00871190936045585,0.20194146837610916,0.0000931332046504149,0.8242597396153845,-0.8434746974560526
-1523050.0000,1525,23.798495878157446,0.012182111862291546,346.5896149636128,-0.0028257106815592677,0.011848665721725282,0.348495878157447,0.0001484038494253844,0.6273772016595524,-1.0403572354118849
-1525550.0000,1527.5,23.855760808845726,0.014505388305801073,306.5635077581088,-0.011649898484550301,0.008639694337823491,0.4057608088457272,0.00021040628990207053,0.4409217134564407,-1.2268127236149964
-1528050.0000,1530,23.820178229650793,0.016604099271320692,265.8796584759566,-0.016559450948685932,-0.0011934742647283204,0.3701782296507936,0.0002756961126118723,0.2843535334535929,-1.3833809036178442
-1530550.0000,1532.5,23.703312304572,0.01847365282005179,224.6994578113331,-0.012992427310556175,-0.013130170928258352,0.25331230457199894,0.00034127584851580746,0.22132568935305222,-1.446408747718385
-1533050.0000,1535,23.52858711075543,0.020116129314387457,183.07343439827184,-0.0010779813886877816,-0.02008507650887959,0.07858711075543212,0.0004046586585931584,0.3032896628271877,-1.3644447742442494
-1535550.0000,1537.5,23.326579845412322,0.021538121655244092,141.02184927619396,0.013546822813737988,-0.016741366420079735,-0.12342015458767719,0.0004638906844360945,0.44764421545865085,-1.2200902216127862
-1538050.0000,1540,23.129593548429188,0.022749463149764105,98.56915904378053,0.022493062080310287,-0.0033890382831169375,-0.32040645157081116,0.0005175380736024749,0.6018706496671412,-1.0658637874042958
-1540550.0000,1542.5,22.96639612300269,0.02376229569552503,55.756866986738316,0.01964090773784083,0.013369906243170061,-0.4836038769973108,0.0005646466967215673,0.7506810046307442,-0.9170534324406929
-1543050.0000,1545,22.858095091776548,0.024590313582576476,12.643448187629872,0.0053815760259634015,0.023991340188803792,-0.5919049082234515,0.0006046835220894451,0.8879849772810218,-0.7797494597904153
-1545550.0000,1547.5,22.81592677406901,0.025248139138978852,329.29636728815785,-0.012890303550355923,0.02170626714447549,-0.6340732259309902,0.0006374685299812357,1.0102111388504555,-0.6575232982209815
-1548050.0000,1550,22.841211972990838,0.025750826498583512,285.7809457304147,-0.024777407301298397,0.0070022646187206435,-0.6087880270091617,0.0006631050653601508,1.1147151898541012,-0.5530192472173359
-1550550.0000,1552.5,22.92705199020798,0.026113499608583134,242.1504930236988,-0.023086247454523694,-0.01219760479619414,-0.5229480097920209,0.0006819148618074715,1.1993288803581623,-0.4684055567132748
-1553050.0000,1555,23.06085151270772,0.026351127003126824,198.4404811220594,-0.008334347983120253,-0.02499517269589511,-0.38914848729227813,0.0006943818943349197,1.262231956045483,-0.405502481025954
-1555550.0000,1557.5,23.22670775258842,0.026478425701772834,154.66714761367996,0.011328184473003787,-0.023929382733927244,-0.22329224741157816,0.0007011070276443042,1.3019363373800887,-0.36579809969134836
-1558050.0000,1560,23.407074352005594,0.02650987359352496,110.82903179143847,0.024774430275863898,-0.0094252944396128,-0.042925647994405125,0.0007027733979446721,1.31731664541561,-0.3504177916558271
-1560550.0000,1562.5,23.58364820535364,0.02645979654196062,66.90937142006953,0.02433713086813255,0.010375932770954256,0.13364820535364075,0.0007001208330419511,1.3076642825301432,-0.3600701545412939
-1563050.0000,1565,23.737860741430325,0.026342485441355763,22.87789385431978,0.010239956706077316,0.024267373049856204,0.28786074143032536,0.0006939265392280403,1.2727593103426333,-0.39497512672880375
-1565550.0000,1567.5,23.851523952915983,0.026172291492763976,338.6916557039474,-0.009509476874202706,0.0243802183777162,0.40152395291598353,0.0006849888419822056,1.2129660127654214,-0.4547684243060157
-1568050.0000,1570,23.90807827003225,0.025963646699831273,294.2955653410671,-0.023661293321146654,0.010681354999317381,0.45807827003224943,0.0006741109499536594,1.1293741737531353,-0.5383602633183018
-1570550.0000,1572.5,23.89460897163857,0.025730962410561622,249.62372635793145,-0.024117952058024826,-0.00895793896923708,0.4446089716385693,0.0006620824265737351,1.0240418870019985,-0.6436925500694386
-1573050.0000,1575,23.804462360459546,0.02548837274761047,204.6027717176047,-0.010610188854027574,-0.02317151653785373,0.3544623604595465,0.0006496571453211321,0.9004792082171499,-0.7672552288542872
-1575550.0000,1577.5,23.639991477003413,0.02524931241005301,159.15810794985453,0.008982250705237088,-0.023594170265443925,0.18999147700341368,0.0006375277771804569,0.7647347954947442,-0.9029996415766929
-1578050.0000,1580,23.414728762643573,0.02502594860288876,113.22361401783974,0.022995151495423603,-0.009867029105492732,-0.0352712373564259,0.0006262981034744298,0.6280320621263,-1.039702374945137
-1580550.0000,1582.5,23.154129179426796,0.024828521308536643,66.75477734524361,0.02281003111302655,0.009797645353290543,-0.295870820573203,0.0006164554703684582,0.5128495025129017,-1.1548849345585355
-1583050.0000,1585,22.893999665433558,0.024664678166569795,19.74416133269966,0.008331152269302085,0.023211476155408615,-0.5560003345664413,0.0006083463490604647,0.4599697512885499,-1.2077646857828872
-1585550.0000,1587.5,22.675972688546207,0.024538910783770695,332.23611596955675,-0.01142931767799709,0.021710866533719963,-0.7740273114537928,0.0006021581424538577,0.5069408807492858,-1.1607935563221514
-1588050.0000,1590,22.540097563766807,0.024452199455697796,284.33508997900367,-0.023687524936200785,0.0060533499120713095,-0.9099024362331924,0.0005979100582212276,0.6407434541296106,-1.0269909829418264
-1590550.0000,1592.5,22.515856487477784,0.024401948546169276,236.2006592811083,-0.02027493414278906,-0.013572533893983791,-0.9341435125222155,0.0005954550928498929,0.8226420889234566,-0.8450923481479805
-1593050.0000,1595,22.61420228820072,0.02438224860299052,188.02535762850312,-0.0034035607141241044,-0.024140050428384265,-0.8357977117992803,0.0005944940469380332,1.0259001643051653,-0.6418342727662718
-1595550.0000,1597.5,22.823586768820658,0.02438444526074436,139.9992190874969,0.0156720857315051,-0.018676742443196823,-0.6264132311793418,0.0005946011706742381,1.2356759407623121,-0.43205849630912496
-1598050.0000,1600,23.111697083134096,0.02439794453410605,92.27287294917448,0.024375393590113852,-0.0009674527671140127,-0.33830291686590286,0.0005952596974893152,1.4428276561450049,-0.22490678092643224
-1600550.0000,1602.5,23.432290346190662,0.024411152005427886,44.9321894697307,0.017238514057166796,0.01727937083510038,-0.01770965380933731,0.0005959043422321059,1.640822425487468,-0.026912011583969164
-1603050.0000,1605,23.73465724282315,0.024412434839320728,357.9907366349779,-0.0008558094631160821,0.024394176403361847,0.2846572428231511,0.0005959669747840805,1.8244872679156385,0.15675283084420144
-1605550.0000,1607.5,23.97290689815597,0.024391007471373113,311.3977677432731,-0.018294180548652172,0.016127238585881283,0.5229068981559699,0.000594921245468579,1.9895143530078045,0.32177991593636746
-1608050.0000,1610,24.113164708408853,0.024337666138385918,265.0551626733477,-0.02424392605064847,-0.002097527379600482,0.6631647084088534,0.0005923219930635365,2.1322708028545856,0.4645363657831485
-1610550.0000,1612.5,24.137943609483997,0.02424532541607076,218.8373610958214,-0.015202582632824958,-0.018882913356778393,0.6879436094839981,0.0005878358045311667,2.249736340105219,0.582001903033782
-1613050.0000,1615,24.047714015990287,0.024109335346267684,172.61101123645608,0.003100126061418169,-0.023906016630701403,0.5977140159902881,0.0005812600508387923,2.339495595509786,0.6717611584383487
-1615550.0000,1617.5,23.859959793997696,0.023927577736874886,126.25326666396165,0.01929288277351602,-0.01414790066966274,0.40995979399769666,0.0005725289763541907,2.3997525797245967,0.7320181426531596
-1618050.0000,1620,23.605995989148997,0.023700354745444734,79.66844494549463,0.02331300101870793,0.004249872431542929,0.15599598914899815,0.0005617068150599247,2.429352081963426,0.7616176448919889
-1620550.0000,1622.5,23.325823778716654,0.02343009335244746,32.80220875696659,0.012691404194929761,0.01969136124492244,-0.12417622128334571,0.0005489692745044027,2.4278008874809345,0.7600664504094974
-1623050.0000,1625,23.061512837292604,0.023120897559606633,345.65112944452153,-0.005729061831597135,0.02239661032835967,-0.3884871627073956,0.0005345759039618239,2.3952862087312217,0.7275517716597846
-1625550.0000,1627.5,22.850067144710128,0.022777987409685514,298.26449425891974,-0.020059379080887906,0.010784968263241882,-0.5999328552898717,0.0005188367104357919,2.33269196392127,0.6649575268498329
-1628050.0000,1630,22.717236540501062,0.02240707061482132,250.735897274551,-0.0211495773806328,-0.007391469431308556,-0.732763459498937,0.0005020768135375891,2.241616796998234,0.573882359926797
-1630550.0000,1632.5,22.67386024284724,0.022013698063915774,203.18523290673966,-0.008665833640191477,-0.02023296581227823,-0.7761397571527588,0.00048460290244924906,2.124402110174936,0.4566676731034991
-1633050.0000,1635,22.715724606122567,0.021602657224449547,155.73591539695417,0.008876120873600703,-0.019691666819263605,-0.7342753938774322,0.0004666747991570622,1.984185347985508,0.31645091091407096
-1635550.0000,1637.5,22.826717574539572,0.021177455489953683,108.49449305004737,0.020080967394192822,-0.006717001260455952,-0.6232824254604274,0.0004484846210289694,1.8250057655883696,0.15727132851693248
-1638050.0000,1640,22.983915291037384,0.020739937203209144,61.53830023095986,0.018230859488595867,0.00988261063637232,-0.4660847089626152,0.00043014499519305875,1.6520108471279877,-0.015723589943449356
-1640550.0000,1642.5,23.162796304506024,0.02029006298075682,14.91254230106125,0.005220989319306157,0.01960407333337892,-0.2872036954939752,0.00041168665576307836,1.4718456230403965,-0.19588881403104064
-1643050.0000,1645,23.341169499286053,0.01982585954909565,328.63430259039797,-0.010317864445318,0.016926446321134103,-0.10883050071394607,0.0003930647068604671,1.2933470856517908,-0.3743873514196463
-1645550.0000,1647.5,23.501231280948865,0.019343525990892733,282.69940523362584,-0.018867879129483938,0.0042520158907218605,0.05123128094886553,0.0003741719977603427,1.1286336570370565,-0.5391007800343806
-1648050.0000,1650,23.629949269487277,0.018837662658779224,237.0887047023516,-0.015812557026164235,-0.010233827920988828,0.17994926948727752,0.0003548575344459651,0.9942259283058981,-0.673508508765539
-1650550.0000,1652.5,23.718435064581424,0.01830157638444773,191.7719755417786,-0.0037335437835901843,-0.017914380816625147,0.26843506458142485,0.0003349476981557749,0.9101588813403578,-0.7575755557310793
-1653050.0000,1655,23.76108258758745,0.017727612729327574,146.70912973898072,0.009729148694478976,-0.014816698299648507,0.31108258758744967,0.00031426825308101706,0.8930362853037936,-0.7746981517676435
-1655550.0000,1657.5,23.755092015741397,0.017107473300193375,101.84955337047091,0.01674082913887858,-0.00351266105225205,0.30509201574139766,0.0002926656427168292,0.9446819050054323,-0.7230525320660048
-1658050.0000,1660,23.700681409491764,0.016432491895627906,57.13084464473525,0.0138002910885527,0.008917011937739387,0.2506814094917651,0.0002700267898998768,1.0502172993020704,-0.6175171377693667
-1660550.0000,1662.5,23.601915192436103,0.01569386469097468,12.47818446089866,0.003390763477741578,0.015321236686081999,0.1519151924361033,0.00024629738893862174,1.1888249920957077,-0.4789094449757294
-1663050.0000,1665,23.467745571297183,0.014882854455042087,327.8050191394593,-0.007928426359702818,0.012593071677575157,0.01774557129718346,0.00022149935672996607,1.342902834668143,-0.324831602403294
-1665550.0000,1667.5,23.31264647058279,0.013991016797247076,283.01467442135754,-0.013629882449611542,0.0031506840987594615,-0.1373535294172079,0.00019574855102084984,1.5001248848377977,-0.16760955223363938
-1668050.0000,1670,23.156178300538926,0.013010532587914368,238.00081598418114,-0.011032456047050476,-0.006893243314871062,-0.2938216994610734,0.00016927395822118174,1.6523420292779232,-0.015392407793513918
-1670550.0000,1672.5,23.021003510948713,0.01193479122785705,192.64197026920237,-0.0026120439873774178,-0.011643900356781846,-0.4289964890512863,0.00014243924165253358,1.7942106747345203,0.12647623766308325
-1673050.0000,1675,22.929303620847612,0.010759499445439427,146.78082376432656,0.005893422664704994,-0.009000239717918378,-0.5206963791523869,0.00011576682831641134,1.9222355635254398,0.2545011264540027
-1675550.0000,1677.5,22.89817723259669,0.009484918025346806,100.17053585121232,0.009334538092782755,-0.0016750350763618622,-0.5518227674033085,0.00008996366994754876,2.0341771818916383,0.3664427448202012
-1678050.0000,1680,22.93522012475321,0.008120749740201563,52.35086418488146,0.006429097084226317,0.004959258886025442,-0.5147798752467878,0.00006594657634298376,2.128683710918078,0.46094927384664075
-1680550.0000,1682.5,23.035757539354982,0.006698042131393164,2.3667999010865515,0.00027707742135986803,0.006691220700422194,-0.414242460645017,0.00004486376839391788,2.2050486351300873,0.5373141980586502
-1683050.0000,1685,23.18283916792084,0.005301720558784782,308.1416898705122,-0.004168558571902639,0.0032741455316368136,-0.26716083207915986,0.000028108240883441218,2.263037467974926,0.595303030903489
-1685550.0000,1687.5,23.350198682598176,0.004161465355015671,245.6140103315122,-0.0037892923611729857,-0.0017173290591346404,-0.0998013174018233,0.000017317793900995705,2.302753873270515,0.635019436199078
-1688050.0000,1690,23.5073883168613,0.0037889356184144544,172.40340284137653,0.0005008250501999036,-0.0037543540110566423,0.057388316861299415,0.000014356033120489725,2.324530750706158,0.6567963136347208
-1690550.0000,1692.5,23.625729245127637,0.004612055014373666,100.40019584993689,0.004535179082991317,-0.0008317350568666389,0.17572924512763777,0.000021271051455609274,2.3288403292961366,0.6611058922246995
-1693050.0000,1695,23.683729847578416,0.0063427156751174486,39.74486355673537,0.004053966713443461,0.004876488816764478,0.23372984757841664,0.00004023004213538059,2.3162218937493466,0.6484874566779095
-1695550.0000,1697.5,23.6710037904691,0.008568682596279076,347.1338284792464,-0.0019085519919138782,0.008352083792367604,0.22100379046910135,0.00007342232143577592,2.2872280378477465,0.6194936007763094
-1698050.0000,1700,23.590154102516173,0.011087766547944454,298.6177457152396,-0.009732317214035774,0.005309154176714287,0.1401541025161741,0.00012293856702171607,2.2423911552394,0.5746567181679629
-1700550.0000,1702.5,23.456405763779557,0.013806858626308299,252.16516413734394,-0.013141393217429874,-0.004228995451089491,0.006405763779557816,0.00019062934512686388,2.1822117716113865,0.5144773345399494
-1703050.0000,1705,23.29498900737231,0.016671809785374463,206.78297811843413,-0.00751077416189338,-0.01488182838936071,-0.15501099262769102,0.0002779492415197077,2.1071697149435864,0.4394352778721493
-1705550.0000,1707.5,23.13652950288624,0.019641720052936275,161.97077295244503,0.006079307672521647,-0.018674731286778285,-0.31347049711375874,0.00038579716663791896,2.0177584442465704,0.35002400717513327
-1708050.0000,1710,23.011100760892923,0.02267961836019759,117.4845610096288,0.020117913161520846,-0.010464765454625161,-0.4388992391070765,0.0005143650889642116,1.9145426257836502,0.2468081887122131
-1710550.0000,1712.5,22.942098429012567,0.025748951894684804,73.22750725254332,0.024650342741885545,0.007430455080947983,-0.5079015709874319,0.0006630085236747922,1.7982399414753742,0.13050550440393716
-1713050.0000,1715,22.94144909892833,0.028812360043262555,29.18779156325587,0.014048561420662097,0.025151439043670308,-0.5085509010716684,0.0008301520912625927,1.6698311731811017,0.002096736109664654
-1715550.0000,1717.5,23.00751409692083,0.031831465230105396,345.39473751196545,-0.00802651427179882,0.030799057824040153,-0.44248590307917013,0.0010132421786954089,1.5307096474336719,-0.1370247896377652
-1718050.0000,1720,23.126257139730438,0.03476717106211058,301.8857577533611,-0.02951798958773889,0.01836212475633036,-0.32374286026956156,0.0012087561836620594,1.3828956491286792,-0.28483878794275785
-1720550.0000,1722.5,23.275134887722587,0.0375802359956226,258.6843122123173,-0.036845391416962886,-0.007373766824719529,-0.17486511227741275,0.0014122741374866887,1.2293701313792917,-0.43836430569214535
-1723050.0000,1725,23.42833674764533,0.040232001545384075,215.78951939930562,-0.02352481011099314,-0.03263183840965499,-0.021663252354670703,0.0016186139483477867,1.0746354830527887,-0.5930989540186484
-1725550.0000,1727.5,23.561834815966755,0.042685201823588356,173.17576545913016,0.005072156436617851,-0.04237804808058127,0.11183481596675549,0.0018220264547204707,0.9256896137255282,-0.7420448233459089
-1728050.0000,1730,23.65712897826925,0.0449048034776323,130.79882206600143,0.033990019465479346,-0.02933736279930235,0.2071289782692496,0.002016441375364778,0.7935892588165279,-0.8741451782549092
-1730550.0000,1732.5,23.703221671967793,0.046858836573792056,88.60475888678928,0.04683986730585761,0.0011413817841494933,0.2532216719677933,0.002195750565049352,0.6950104496305369,-0.9727239874409002
-1733050.0000,1735,23.696911082409912,0.048519183809929034,46.53884839384142,0.035213117755048914,0.033371262073228894,0.24691108240991255,0.0023541111975816796,0.6501035631609692,-1.017630873910468
-1735550.0000,1737.5,23.641823937110033,0.04986230037945312,4.552848654316733,0.003957231204266164,0.049699657959145244,0.19182393711003343,0.0024862489991308106,0.6709808133980719,-0.9967536236733652
-1738050.0000,1740,23.546736776941827,0.05086984114094498,322.6100201075486,-0.030886930244658307,0.040412670861576835,0.09673677694182814,0.002587740737704978,0.7500684037201686,-0.9176660333512685
-1740550.0000,1742.5,23.42371602192459,0.05152917610729796,280.68790482299664,-0.05062985281777538,0.009555397169704525,-0.0262839780754085,0.002655255990296927,0.8669436915786646,-0.8007907454927725
-1743050.0000,1745,23.28648623132041,0.0518337799825074,238.77935180131226,-0.044322323023595955,-0.026864432347041334,-0.16351376867958933,0.0026867407472749845,1.0020523276039999,-0.6656821094674372
-1745550.0000,1747.5,23.149241848917733,0.05178348672667133,196.892549480448,-0.015045586366534563,-0.049543789572323145,-0.3007581510822668,0.002681529497571346,1.1413867163042377,-0.5263477207671994
-1748050.0000,1750,23.025888207080243,0.05138460604099607,155.05087426923114,0.021672254786161364,-0.04658464149306426,-0.4241117929197564,0.0026403777379883694,1.2754486209044114,-0.39228581616702574
-1750550.0000,1752.5,22.929494235015014,0.05064990533532278,113.29310388291731,0.046516601909283084,-0.02002686115510726,-0.5205057649849856,0.002565412910477159,1.397567726335112,-0.27016671073632503
-1753050.0000,1755,22.871638189405427,0.04959846827084903,71.67398851685351,0.04707813730437301,0.015592952270099773,-0.578361810594572,0.002460008054814418,1.5028200779888854,-0.1649143590825517
-1755550.0000,1757.5,22.86138711544549,0.048255449453254474,30.26450668864112,0.024318236696715758,0.041674073207749254,-0.5886128845545109,0.0023285884019355976,1.5874525629245055,-0.08028187414693155
-1758050.0000,1760,22.903872218375923,0.04665175432174959,349.15069721830787,-0.008779716612201808,0.045813299823263966,-0.5461277816240759,0.0021763861812968814,1.6485957464180823,-0.01913869065335483
-1760550.0000,1762.5,22.99872732659866,0.04482368357459818,308.43009720563964,-0.03510955178204932,0.02785822432135189,-0.4512726734013377,0.0020091626091957027,1.6841256982116775,0.016391261140240365
-1763050.0000,1765,23.13890348073208,0.04281259190227398,268.2056186206164,-0.042787457235966685,-0.0013398675997779157,-0.31109651926792026,0.0018329180253906557,1.6925996023305387,0.02486516525910165
-1765550.0000,1767.5,23.310418915447165,0.040664619452430634,228.5778156190604,-0.030490096974527814,-0.02690081998572788,-0.1395810845528338,0.001653611275211,1.673225641051716,0.005491203980278803
-1768050.0000,1770,23.493401262942683,0.03843055680462036,189.63725647832973,-0.006433670472822868,-0.037884665474986895,0.04340126294268387,0.0014769076963131523,1.6258460859556405,-0.041888351115796585
-1770550.0000,1772.5,23.664413940661177,0.0361658906553704,151.45854786496517,0.017277835346807574,-0.03176823282150942,0.2144139406611778,0.0013079716468962083,1.5509220991652468,-0.11681233790619028
-1773050.0000,1775,23.79970101195829,0.03393102934503115,114.09640483762809,0.03097146593435128,-0.013852495157526387,0.34970101195829173,0.0011513147524133652,1.4495138996547503,-0.2182205374166868
-1775550.0000,1777.5,23.87877472402723,0.03179159364572957,77.58247655664024,0.03104552776047072,0.006835223062881259,0.4287747240272317,0.0010107054265351926,1.3232528822424827,-0.3444815548289544
-1778050.0000,1780,23.88774075960345,0.029818438872678044,41.92012302911877,0.019920351797548204,0.022185227360949213,0.43774075960345016,0.0008891392968036371,1.1743040742246054,-0.4934303628468317
-1780550.0000,1782.5,23.821845976951145,0.0280867320844544,7.073858142229426,0.003458972815446513,0.02787087851582837,0.3718459769511462,0.0007888645191839203,1.0053185431331397,-0.6624158939382974
-1783050.0000,1785,23.68685473602759,0.026673041606737537,332.95207112044613,-0.012128080645690797,0.023754193926077572,0.23685473602759188,0.0007114511485547517,0.8193764345413941,-0.848358002530043
-1785550.0000,1787.5,23.498964759911942,0.02564937045388098,299.38751237660654,-0.022347221712597135,0.012585811965761882,0.048964759911942934,0.0006578902046804225,0.6199230221811792,-1.047811414890258
-1788050.0000,1790,23.283078619233706,0.02507401361177032,266.1290988841472,-0.02501513674794625,-0.001692519488233563,-0.16692138076629348,0.0006287061586032433,0.41070706878566343,-1.2570273682857738
-1790550.0000,1792.5,23.069420481601284,0.02498132136381634,232.8631383506505,-0.01991362834496862,-0.015080752757617466,-0.38057951839871507,0.0006240664170822667,0.19580238356472196,-1.471932053506715
-1793050.0000,1795,22.888801223174582,0.025374652351967238,199.2699974055903,-0.008373421120666035,-0.023951386393604848,-0.5611987768254174,0.0006438729819831964,0.02622114697367283,-1.6415132900977643
-1795550.0000,1797.5,22.767282960208096,0.026226410765199295,165.09517972947106,0.006745560762888912,-0.025342102301007724,-0.6827170397919033,0.0006878246216249614,0.23698729618691428,-1.430747140884523
-1798050.0000,1800,22.72141691102513,0.0274853099702994,130.19757695946458,0.02099255841439085,-0.017738100782969883,-0.7285830889748688,0.0007554422641634395,0.44532963196472153,-1.2224048051067156
-1800550.0000,1802.5,22.755334575602905,0.029087031752126218,94.55275131501708,0.028992997857163694,-0.002308217740662326,-0.694665424397094,0.0008460554161491988,0.6436975133421143,-1.0240369237293228
-1803050.0000,1805,22.86053739963288,0.030963731336422343,58.21950602123388,0.02631898043041985,0.01630665664633672,-0.5894626003671206,0.000958752658274143,0.8283588346483426,-0.8393756024230945
-1805550.0000,1807.5,23.018355797249974,0.03305002458295306,21.29436126573944,0.012000895391718787,0.030791209597743154,-0.43164420275002513,0.0010923041249338015,0.9959669702947725,-0.6717674667766645
-1808050.0000,1810,23.204177277344375,0.03528551881923177,343.8742650792951,-0.00980015013239808,0.0338940994041282,-0.24582272265562466,0.0012450678383423592,1.1435683463275295,-0.5241660907439076
-1810550.0000,1812.5,23.392130114544194,0.03761508246703223,306.03541929375524,-0.0304152557810708,0.02212594233031607,-0.05786988545580485,0.0014148944290016357,1.2686541350572627,-0.39908030201417444
-1813050.0000,1815,23.559072147587223,0.03998807134143577,267.8266189615797,-0.0399556947543,-0.001516990815782853,0.10907214758722361,0.0015990458496077567,1.3692088061763443,-0.29852563089509276
-1815550.0000,1817.5,23.68724426296596,0.04235732596383316,229.27179862811818,-0.03209559650390911,-0.027634904332526914,0.23724426296596235,0.0017941430628064148,1.4437489961246046,-0.22398544094683248
-1818050.0000,1820,23.76548421285545,0.04467835511918041,190.37669474202653,-0.008046062693154507,-0.04394365833989061,0.31548421285545203,0.0019961554161555947,1.491350998720499,-0.17638343835093817
-1820550.0000,1822.5,23.789263000124,0.04690885565904878,151.13622203053785,0.022642636724908308,-0.04107718601501362,0.33926300012399935,0.002200440739241473,1.5116665678801846,-0.15606786919125248
-1823050.0000,1825,23.75996482444265,0.04900857555785048,111.54085707937111,0.04558143197200983,-0.01799195777587985,0.30996482444265183,0.0024018404782095394,1.5049276757730679,-0.16280676129836924
-1825550.0000,1827.5,23.68382781143469,0.05093946303004888,71.58152323234236,0.04832513953715211,0.01609348641857149,0.2338278114346899,0.0025948288937897163,1.4719419995729344,-0.19579243749850272
-1828050.0000,1830,23.570856539751986,0.05266602334371324,31.253169316971025,0.027321092757229375,0.04501903192102344,0.12085653975198696,0.0027737100148405476,1.4140826179486972,-0.25365181912273993
-1830550.0000,1832.5,23.433858268445213,0.05415580471821248,350.5575463784902,-0.00888411354004065,0.05341653906453751,-0.01614173155478582,0.002932851184677165,1.3332783664800663,-0.33445607059137084
-1833050.0000,1835,23.287585493807605,0.05537994342151624,309.50569376127623,-0.04272479946082036,0.035226334421710026,-0.16241450619239473,0.00306693813337034,1.232017038723403,-0.435717398348034
-1835550.0000,1837.5,23.14783316109863,0.056313709951791725,268.12038853222816,-0.05627748582617538,-0.0018470952556010859,-0.30216683890136764,0.0031712339285345265,1.1133857452315141,-0.554348691839923
-1838050.0000,1840,23.03028707495872,0.056937010274637656,226.43834791087636,-0.041253963466973596,-0.039233187994435884,-0.4197129250412779,0.003241823139014194,0.9812004081072878,-0.6865340289641493
-1840550.0000,1842.5,22.948987158675568,0.05723480737541595,184.51144819086971,-0.0045014690033138805,-0.05705133612344836,-0.5010128413244317,0.0032758231753009675,0.8403435562397841,-0.827390880831653
-1843050.0000,1845,22.914456167639337,0.05719743852382296,142.4058955732795,0.03489024873602266,-0.04531565610249427,-0.5355438323606627,0.003271546973686507,0.6975973562883622,-0.9701370807830749
-1845550.0000,1847.5,22.931794157344115,0.056820812621816735,100.1984520022886,0.05591696123531936,-0.010059653299011151,-0.5182058426558847,0.003228604747003608,0.563636228059972,-1.104098209011465
-1848050.0000,1850,22.999238119261616,0.056106479935942755,57.969614927977375,0.04756019333126652,0.029753682836432385,-0.4507618807383835,0.003147937090802347,0.45709980904437086,-1.2106346280270661
-1850550.0000,1852.5,23.107712394431367,0.055061573561435144,15.794830256482214,0.014986119438874172,0.05297676476187984,-0.34228760556863236,0.0030317768830613336,0.4071682595495062,-1.2605661775219308
-1853050.0000,1855,23.241696923387607,0.05369862829665428,333.7357899497172,-0.023759289227969185,0.04814996933954613,-0.2083030766123919,0.00288354268094224,0.43515423561048727,-1.2325802014609497
-1855550.0000,1857.5,23.381386998393484,0.05203528839913848,291.83406481049906,-0.04829718874999362,0.019351381766709724,-0.06861300160651496,0.0027076712387815154,0.5261922846803039,-1.1415421523911333
-1858050.0000,1860,23.505766265304054,0.05009392115484621,250.10865543137993,-0.04710052449100318,-0.017041464195921376,0.055766265304054485,0.0025094009366679487,0.6497758849815412,-1.017958552089896
-1860550.0000,1862.5,23.596004061427152,0.04790115859506877,208.55795067572706,-0.02289721134655839,-0.04206849149901283,0.14600406142715272,0.002294520994749931,0.7852402284949234,-0.8824942085765137
-1863050.0000,1865,23.63856065527784,0.04548739544606449,167.1656545565295,0.010102493820965883,-0.04434650311816677,0.18856065527783983,0.0020691031444666484,0.9216981864692968,-0.7460362506021403
-1865550.0000,1867.5,23.627486751137234,0.042886278121130425,125.90979377423434,0.03473132848485222,-0.025151290262548868,0.17748675113723422,0.00183923285108295,1.0533269039246254,-0.6144075331468117
-1868050.0000,1870,23.56555440086028,0.04013422824441977,84.77387746964848,0.03996335412439471,0.003654511513292595,0.11555440086027957,0.0016107562767751816,1.176783389094179,-0.4909510479772581
-1870550.0000,1872.5,23.464006081190846,0.03727005634481384,43.759366925447296,0.02577509878315728,0.026915007614684773,0.014006081190846231,0.0013890570999455984,1.2900420205628758,-0.37769241650856133
-1873050.0000,1875,23.340862561981375,0.03433473920989874,2.8985721459268348,0.0017369054016313419,0.03428729814687792,-0.10913743801862452,0.001178874316611758,1.391846574464617,-0.2758878626068202
-1875550.0000,1877.5,23.21792812837007,0.03137146087442032,322.26685320815704,-0.01919627478072989,0.024808770875329997,-0.23207187162993037,0.0009841685573952848,1.4814178377625027,-0.1863165993089344
-1878050.0000,1880,23.116900965346158,0.028426054942009497,281.9927240818911,-0.027802742620961482,0.005906799800061003,-0.3330990346538414,0.0008080405995661426,1.5582729050981623,-0.1094615319732748
-1880550.0000,1882.5,23.055297676030037,0.025548032621667452,242.26438196994957,-0.022610903764787697,-0.011888048342564125,-0.3947023239699625,0.0006527019708377843,1.6220987977345651,-0.04563563933687198
-1883050.0000,1885,23.0431038421709,0.022792413749835632,203.33116254762,-0.009026667366023144,-0.020926535387081422,-0.4068961578290988,0.0005194941245436963,1.6726582287168559,0.004923791645418785
-1885550.0000,1887.5,23.08100029794729,0.020222508397903398,165.49703226338238,0.005063283132240415,-0.019576622720157255,-0.36899970205270805,0.00040894984590327346,1.7097201465081555,0.04198570943671842
-1888050.0000,1890,23.16061567284879,0.017913360365459464,129.09718060699782,0.01390074628946039,-0.011296382407507877,-0.28938432715120754,0.000320888479582814,1.7330138353533304,0.06527939828189333
-1890550.0000,1892.5,23.266649657456703,0.015954163105073804,94.43500666644451,0.015905257386958326,-0.0012340322221377734,-0.18335034254329585,0.0002545353203832982,1.7422074699502055,0.07447303287876839
-1893050.0000,1895,23.380178305145,0.014444897963132556,61.64441139090479,0.012711099935309583,0.006859821713422984,-0.06982169485499767,0.00020865507716531106,1.7369121839091466,0.0691777468377095
-1895550.0000,1897.5,23.482228348827675,0.013479229796695115,30.47899674524234,0.006836702497411869,0.011615870683984685,0.032228348827676,0.00018168963591211343,1.7167120632158916,0.048977626144454556
-1898050.0000,1900,23.556829292840142,0.013110730640252293,0.1763253664455533,0.00004036006200412114,0.013109938631288136,0.10682929284014264,0.0001718912579212503,1.681219847801397,0.013485410729960012
-1900550.0000,1902.5,23.593079055112277,0.01332079618003029,329.6513791667587,-0.006730161878865076,0.011494684843541336,0.1430790551122776,0.00017744361086990956,1.6301582736197349,-0.03757616345170223
-1903050.0000,1905,23.586107869356965,0.014020147891663903,297.9740592182104,-0.012381336419817679,0.006575852836511966,0.13610786935696595,0.00019656454690412776,1.5634687744469216,-0.10426566262451553
-1905550.0000,1907.5,23.537078576388087,0.01508596705414179,264.688680253244,-0.015020102080384208,-0.0013966549071082247,0.08707857638808747,0.00022758640195865153,1.4814539386224468,-0.1862804984489903
-1908050.0000,1910,23.45248737915241,0.016401568935270318,229.76450576842512,-0.012519694351491948,-0.010593722986604402,0.0024873791524093747,0.0002690114635384243,1.3849699010551584,-0.2827645360162787
-1910550.0000,1912.5,23.343046771085866,0.017875731816102722,193.38727686213883,-0.004138071507429973,-0.01738863960387694,-0.10695322891413284,0.00031954178796122715,1.2757039702128767,-0.39203046685856036
-1913050.0000,1915,23.222376118596316,0.019444380398156685,155.79992276211033,0.007970406278443668,-0.017733855630654688,-0.22762388140368373,0.00037808392906821996,1.1566086580683703,-0.5111257790030668
-1915550.0000,1917.5,23.105629937375625,0.021064910431513685,117.23061893820909,0.018728796817338196,-0.009637448916359037,-0.34437006262437464,0.00044373045148769405,1.0326237311412867,-0.6351107059301504
-1918050.0000,1920,23.008094813686903,0.022709496724936093,77.87416839761107,0.022200589579371426,0.004770331712022152,-0.4419051863130967,0.0005157212414998832,0.9118796720774169,-0.7558547649940202
-1920550.0000,1922.5,22.943722011825173,0.024359568457401486,37.8949131749294,0.014960174282630181,0.01922146407637839,-0.5062779881748263,0.0005933885754308294,0.8074191644825011,-0.860315272588936
-1923050.0000,1925,22.923568996294968,0.02600174388646259,357.4346967423893,-0.0011641331044966014,0.02597304971079805,-0.5264310037050315,0.0006760906851371948,0.7382129151910581,-0.929521521880379
-1925550.0000,1927.5,22.954211779345215,0.027624973903469456,316.6191432136933,-0.018972463074145417,0.020075579035799998,-0.49578822065478434,0.0007631391831673685,0.724993974691504,-0.9427404623799331
-1928050.0000,1930,23.036331489010003,0.02921859275833944,275.56009705913607,-0.029078166964010294,0.0028302401830710322,-0.41366851098999646,0.000853726162777686,0.7778845469268352,-0.8898498901446019
-1930550.0000,1932.5,23.163800403606736,0.03077104215138709,234.3542412765487,-0.02500279540021102,-0.01793100509947999,-0.28619959639326353,0.0009468570350824409,0.888607796368007,-0.7791266407034301
-1933050.0000,1935,23.323612305092702,0.03226910528503034,193.07913650046225,-0.007301219800538585,-0.0314288252022336,-0.1263876949072973,0.0010412951558963729,1.0389412460463185,-0.6287931910251185
-1935550.0000,1937.5,23.496880060911238,0.03369753654327576,151.7885443220273,0.015928432332746482,-0.029691297989637714,0.04688006091123853,0.001135523969085405,1.2116352491598978,-0.45609918791153925
-1938050.0000,1940,23.660897401551832,0.03503900250220597,110.50887830551574,0.032814881973037,-0.012274380262649886,0.21089740155183279,0.0012277316963495964,1.3937255294376283,-0.2740089076338088
-1940550.0000,1942.5,23.79202557225767,0.03627426771505259,69.23805937174149,0.03391502562719773,0.012857699145193073,0.34202557225767194,0.0013158224982633068,1.5757704716016514,-0.09196396546978569
-1943050.0000,1945,23.869006451542315,0.03738256963993057,27.947275048024153,0.01751758590450709,0.033019691870593615,0.41900645154231597,0.001397456512884259,1.7506047345947513,0.08287029752331421
-1945550.0000,1947.5,23.87625135617111,0.03834213458007284,346.5855339685595,-0.008894443338231316,0.037292102234182056,0.426251356171111,0.0014701192841564171,1.9125064104997753,0.24477197342833823
-1948050.0000,1950,23.806676631338682,0.039130792351271745,305.08665718712837,-0.03201682727968105,0.02249041922533308,0.3566766313386829,0.0015312189100383474,2.0567422287621207,0.38900779169068356
-1950550.0000,1952.5,23.663695171306728,0.03972665234852711,263.3783896020266,-0.03945742506744542,-0.004580606769523654,0.21369517130672833,0.0015782069068207346,2.179342024528092,0.511607587456655
-1953050.0000,1955,23.461988140310403,0.04010880802494517,221.39340300636684,-0.026518037632687654,-0.030085911463360492,0.01198814031040385,0.0016087164811819058,2.2769981313528063,0.6092636942813692
-1955550.0000,1957.5,23.226684509813726,0.040258040608293064,179.08177883491123,0.0006450840849131394,-0.040248444548348014,-0.22331549018627328,0.0016207098336189732,2.347029621083532,0.6792951840120951
-1958050.0000,1960,22.99064126813019,0.040157496228597864,136.42382180674275,0.027678157741842305,-0.029089236861931118,-0.45935873186980913,0.0016126245033498516,2.387378083576836,0.719643646505399
-1960550.0000,1962.5,22.789763974094527,0.03979331361180707,93.4407311890414,0.03971707280702082,-0.002388115108887489,-0.6602360259054727,0.0015835078082076296,2.396616314734734,0.728881877663297
-1963050.0000,1965,22.65682830457633,0.0391551822425569,50.19931147114232,0.03007868876141611,0.025060924863032498,-0.7931716954236698,0.0015331282964478434,2.37395929742864,0.706224860357203
-1965550.0000,1967.5,22.61498314560827,0.038236813559632446,6.806865029980827,0.004531737917440281,0.03796289440206109,-0.8350168543917285,0.0014620539111940916,2.319271434322525,0.651536997251088
-1968050.0000,1970,22.672679591356953,0.03703631045683352,323.3949946782475,-0.022081709525908634,0.0297283022284804,-0.7773204086430461,0.0013716882922549557,2.23306685877093,0.5653324216994928
-1970550.0000,1972.5,22.821677838686906,0.03555642322963755,280.0958266985938,-0.03500179962069819,0.006232635315798941,-0.6283221613130934,0.0012642592328851088,2.1165017914475923,0.4487673543761552
-1973050.0000,1975,23.03883608781427,0.03380468321256855,237.0181914887072,-0.028353959136090907,-0.018399806738380625,-0.411163912185728,0.0011427566071021138,1.9713600472914865,0.3036256102200494
-1975550.0000,1977.5,23.291025577489165,0.03179340874616149,194.23136671406542,-0.007815781140972344,-0.03081412980159623,-0.15897442251083405,0.0010108208397004979,1.8000358445347917,0.13230140746335461
-1978050.0000,1980,23.54154464414215,0.029539581844460296,151.76006020807296,0.013974954850154465,-0.02602109076871406,0.09154464414215013,0.0008725868955455683,1.6055239629720983,-0.062210474099338775
-1980550.0000,1982.5,23.756286654451664,0.027064598098857945,109.58957505530549,0.02549505979233392,-0.009073958528341395,0.3062866544516645,0.0007324924702527051,1.3914414128380799,-0.2762930242333572
-1983050.0000,1985,23.90847191659567,0.02439389721664347,67.6776063242458,0.02256375492687934,0.009263503867764655,0.4584719165956699,0.0005950622214161662,1.162144616696263,-0.5055898203751741
-1985550.0000,1987.5,23.981483715584385,0.021556487927942455,25.969480681328207,0.009439184680592037,0.019377457882237832,0.5314837155843861,0.00046468217178752876,0.9231386269751971,-0.74459581009624
-1988050.0000,1990,23.969885973315538,0.018584391152906735,344.4159161408737,-0.00499137026578997,0.01789953603095255,0.5198859733155388,0.0003453795945242381,0.6825101234114747,-0.9852243136599624
-1990550.0000,1992.5,23.878954028340637,0.015512047056061577,302.9963087735373,-0.013008197734639331,0.008447501423386183,0.42895402834063745,0.00024062360386946862,0.45682725304463523,-1.210907184026802
-1993050.0000,1995,23.723101402000477,0.012375794414493244,261.7596629159972,-0.012246891007441345,-0.0017726911026226004,0.27310140200047783,0.00015316028738980217,0.29893074398036634,-1.3688036930910708
-1995550.0000,1997.5,23.523548399683303,0.009213773341356,220.92877562856052,-0.006036203075211977,-0.006959952765495647,0.07354839968330396,0.00008489361918588251,0.32769607613166624,-1.3400383609397708
-1998050.0000,2000,23.305531482838557,0.006067932390781966,181.29620299551152,-0.0001380863112860128,-0.006065817130847534,-0.14446851716144238,0.00003681980349910094,0.5036916299976694,-1.1640428070737676
-2000550.0000,2002.5,23.095326887827987,0.0030030826114574175,146.93636099366034,0.0016378635663604575,-0.0025169709133656733,-0.35467311217201214,0.000009018505171237902,0.7151978423403315,-0.9525365947311056
-2003050.0000,2005,22.917354436124718,0.0008378949513266346,189.45891879906208,-0.00013811368452845262,-0.0008251261587698587,-0.5326455638752812,7.020679494586634e-7,0.9260764512719968,-0.7416579857994403
-2005550.0000,2007.5,22.791617035317053,0.003208935989298262,211.03530314240584,-0.001653839452706439,-0.002749725997505241,-0.6583829646829464,0.000010297270183413614,1.124417892718062,-0.5433165443533752
-2008050.0000,2010,22.7316974179798,0.005967704138700297,175.3031598928842,0.0004893463676038407,-0.005947052153699302,-0.7183025820202005,0.00003561349268706065,1.3043651140651833,-0.3633693230062538
-2010550.0000,2012.5,22.743470011330185,0.008600942262438571,135.16619015565652,0.006064017900470923,-0.006098265512158332,-0.7065299886698142,0.00007397620780180193,1.4622349843210647,-0.2054994527503724
-2013050.0000,2015,22.824605287531156,0.011064399445147621,93.98702899799366,0.01103651781775507,-0.0007685513265452408,-0.625394712468843,0.00012242093508178298,1.5954838491228287,-0.07225058794860839
-2015550.0000,2017.5,22.964869355365366,0.013336721465512912,52.55190787520485,0.010586593546604078,0.008108942774108226,-0.4851306446346335,0.00017786813944867288,1.7023655307173429,0.034631093645905775
-2018050.0000,2020,23.147169006745685,0.015404099532154908,11.1622605542197,0.0029811864319106316,0.015111236488688813,-0.3028309932543145,0.00023728628239653505,1.7817937499399892,0.11405931286855209
-2020550.0000,2022.5,23.349260759210786,0.017257726132091013,329.95772850277797,-0.008639431915588431,0.01493747197797267,-0.10073924078921337,0.00029782911125025705,1.8332709915742438,0.1655365545028067
-2023050.0000,2025,23.546017932287064,0.018892832881265927,288.99756413236764,-0.017862112945902994,0.0061491095261714986,0.09601793228706512,0.000356939134279443,1.8568379119454361,0.18910347487399903
-2025550.0000,2027.5,23.712119766836885,0.0203079607511744,248.2884576896273,-0.018865244002686347,-0.007512193157648096,0.26211976683688576,0.0004124132698712399,1.8530265042774219,0.1852920672059848
-2028050.0000,2030,23.824987409636314,0.021504206080064217,207.79774860938494,-0.010027258393757194,-0.019020857171376953,0.37498740963631505,0.00046243087913387085,1.82281102636091,0.155076589289473
-2030550.0000,2032.5,23.867744946562418,0.022484403283616942,167.46272132090382,0.004880554144819987,-0.021946038958727414,0.41774494656241856,0.0005055483910203244,1.7675553995571887,0.09982096248575156
-2033050.0000,2035,23.83192805221615,0.023252270448113427,127.19956507711441,0.018519519661684913,-0.014056625021259882,0.3819280522161499,0.0005406680809922089,1.6889583356333107,0.021223898561873566
-2035550.0000,2037.5,23.71959145502472,0.02381157091216616,86.91347842832096,0.02377466604655655,0.0012821093382213923,0.26959145502472026,0.0005669909093051175,1.5889993765176769,-0.07873506055376023
-2038050.0000,2040,23.544378203747314,0.024165355647819547,46.51063649043516,0.017530217374120236,0.01662946931831665,0.09437820374731487,0.0005839644135856041,1.4698912897870058,-0.1978431472844313
-2040550.0000,2042.5,23.331036349512733,0.024315352574698863,5.912114818426289,0.0025042842109114513,0.024183579384314813,-0.11896365048726665,0.0005912363708319146,1.334048115270644,-0.33368632180079305
-2043050.0000,2045,23.112884784502388,0.024261560876642912,325.06879714288925,-0.013890528920883913,0.01988859350517374,-0.3371152154976116,0.00058862333617105,1.1840864782948373,-0.48364795877659983
-2045550.0000,2047.5,22.926980520668415,0.024002091955074363,283.9745959138886,-0.023289264564196062,0.005795806738778867,-0.5230194793315839,0.0005761004182198454,1.0228986327420286,-0.6448358043294085
-2048050.0000,2050,22.807354111961068,0.023533276056175126,242.67353052903172,-0.020904981554503772,-0.010801911956344895,-0.6426458880389312,0.0005538150819361455,0.853894748977502,-0.8138396880939351
-2050550.0000,2052.5,22.77759965122147,0.022850028310089116,201.25589987186845,-0.008283259407414267,-0.021293242547213702,-0.672400348778531,0.0005221237937718741,0.6817016196427843,-0.9860328174286528
-2053050.0000,2055,22.844907093900737,0.021946444058978203,159.84170555164906,0.007562009388572524,-0.020600048203834133,-0.6050929060992623,0.0004816464068338597,0.5142955520566705,-1.1534388850147665
-2055550.0000,2057.5,22.997643253361282,0.020816574952023242,118.55535237624565,0.01828229731709388,-0.009949766026727898,-0.45235674663871706,0.00043332979273320144,0.3701155032150415,-1.2976189338563957
-2058050.0000,2060,23.20749519017331,0.019455327766245634,77.50094601133793,0.018992382828233262,0.0042097484621153244,-0.24250480982668776,0.00037850977849204835,0.29613270441660544,-1.3716017326548315
-2060550.0000,2062.5,23.435501079406706,0.017859430581448312,36.74828098905925,0.01068462403017573,0.014308530776864043,-0.014498920593293718,0.0003189592606935712,0.3452427469122894,-1.3224916901591477
-2063050.0000,2065,23.640040753276324,0.016028431937694078,356.3362231328647,-0.0010235922935037105,0.01599413089784797,0.19004075327632464,0.00025691063038129155,0.4808112077794028,-1.1869232292920344
-2065550.0000,2067.5,23.784658685199084,0.01396575739457525,316.29816916376853,-0.009647648683739017,0.01009591764825975,0.33465868519908426,0.00019504237960413326,0.6484809650451273,-1.0192534720263098
-2068050.0000,2070,23.84421715306204,0.01168001882446017,276.72280874625676,-0.01159854151221425,0.0013678572669125469,0.39421715306204064,0.00013642283973974394,0.8254261551250575,-0.8423082819463796
-2070550.0000,2072.5,23.808685960183503,0.009187390165433488,237.90694355026596,-0.00778310557387046,-0.004880203799234022,0.35868596018350374,0.00008440813805190398,1.0024665879763797,-0.6652678490950574
-2073050.0000,2075,23.684417387473616,0.006518914921051994,200.87257072268972,-0.002323083018406169,-0.006090409289200856,0.2344173874736164,0.000042496251747914325,1.1747502046470317,-0.49298423242440537
-2075550.0000,2077.5,23.492963109229027,0.0037608645897949026,170.15058723692562,0.0006428865589067597,-0.0037053900251432332,0.04296310922902791,0.00001414410246277318,1.3389273804499553,-0.3288070566214818
-2078050.0000,2080,23.267543005939455,0.0016001778906497822,181.05031179513912,-0.000028993543592937697,-0.0015994704162005419,-0.18245699406054428,0.0000025605692817243863,1.4922230661165545,-0.17551137095488256
-2080550.0000,2082.5,23.047417989339344,0.003236343947040629,213.09034338537322,-0.0017666521854645444,-0.002711566472424069,-0.40258201066065524,0.000010473922143546518,1.632095422199479,-0.035639014871958086
-2083050.0000,2085,22.870818484566243,0.006320319118049547,185.23831007223419,-0.0005762064627716724,-0.00629352312138893,-0.5791815154337563,0.00003994643375398261,1.7561078491264652,0.08837341205502813
-2085550.0000,2087.5,22.767695957758384,0.009600039153043905,147.56853056476677,0.005148692972111763,-0.008101497553852487,-0.6823040422416149,0.00009216075173997594,1.8618930293599716,0.1941585922885345
-2088050.0000,2090,22.754057209365307,0.012933870996856865,107.27307392793932,0.012349581492467347,-0.0038391013494895425,-0.6959427906346924,0.00016728501896333517,1.94716330189952,0.27942886482808293
-2090550.0000,2092.5,22.8295101572075,0.01625989318617564,65.9864948196801,0.014850640680301307,0.006617175418550933,-0.6204898427924981,0.00026438412642584093,2.0097473279221605,0.3420128908507234
-2093050.0000,2095,22.978675198648546,0.01952944130391741,24.32299733042322,0.00804207871790965,0.017794468021572855,-0.4713248013514537,0.00038139907764315534,2.047642665534197,0.37990822846275973
-2095550.0000,2097.5,23.175720807042435,0.022698014931437967,342.5754626734117,-0.006797049143447984,0.021653883782063028,-0.27427919295756453,0.0005151998818277809,2.059077970908991,0.3913435338375537
-2098050.0000,2100,23.390283843780303,0.0257237471405432,300.88971945252797,-0.022073122781336482,0.013204116864475595,-0.059716156219696614,0.0006617111669506044,2.0425806711357275,0.3748462340642904
-2100550.0000,2102.5,23.592943875310333,0.02856753250184372,259.32767020176357,-0.028070289572957062,-0.005290705244188213,0.14294387531033337,0.0008161039132438973,1.9970475545773598,0.32931311750592274
-2103050.0000,2105,23.7590754913549,0.031193607311689797,217.8998931896973,-0.019159156814348932,-0.024612293466679723,0.30907549135489987,0.0009730411371159072,1.9218176287810542,0.25408319170961713
-2105550.0000,2107.5,23.87077285557387,0.033570235951626365,176.58659382787357,0.001999207414420753,-0.03350716460329338,0.420772855573869,0.0011269607418478674,1.8167497674921491,0.14901533042071202
-2108050.0000,2110,23.917203808260602,0.0356703735093382,135.35171510457923,0.025065263078894142,-0.02537409827977695,0.4672038082606029,0.0012723755462956965,1.6823140949575217,0.014579657886084618
-2110550.0000,2112.5,23.894068335643553,0.03747224318389231,94.15196787406899,0.03737006806245199,-0.0027123163188082972,0.4440683356435535,0.001404169009232764,1.5197209748003977,-0.1480134622710394
-2113050.0000,2115,23.802855528291296,0.03895979366506777,52.942187578083065,0.031087550936440004,0.02347584572152881,0.35285552829129685,0.001517865522424655,1.3311506310967083,-0.3365838059747288
-2115550.0000,2117.5,23.650408267843417,0.04012301472512979,11.67860879297234,0.008120642189468716,0.0392883806679902,0.20040826784341803,0.0016098563106329818,1.1202635657603575,-0.5474708713110796
-2118050.0000,2120,23.44899390390323,0.04095809737709994,330.32181020754115,-0.020277549557821968,0.03558140183374155,-0.0010060960967699373,0.001677565740752001,0.8935785313443921,-0.774155905727045
-2120550.0000,2122.5,23.21670579325761,0.04146743114237329,288.8410181622179,-0.039241441009734354,0.013390125707722385,-0.23329420674238932,0.0017195478455474705,0.6649569867876279,-1.0027774502838092
-2123050.0000,2125,22.977656944244035,0.04165943636862603,247.220979801289,-0.03840613683631881,-0.016127919719440578,-0.4723430557559638,0.0017355086385516009,0.4723228650125396,-1.1954115720588976
-2125550.0000,2127.5,22.761176616488157,0.04154823462012237,205.47150133538617,-0.017866486507157147,-0.037505691950407025,-0.688823383511842,0.0017262558000487353,0.4159300775778504,-1.2518043594935868
-2128050.0000,2130,22.599230668236046,0.041153165169458106,163.6378672718538,0.011591764788574894,-0.03948230739175064,-0.8507693317639529,0.0016935830034647,0.562098187959713,-1.1056362491117242
-2130550.0000,2132.5,22.521716886670365,0.04049816073744367,121.80808323458797,0.034412299193725265,-0.021343517665832215,-0.9282831133296341,0.0016401010231158239,0.816299647708089,-0.851434789363348
-2133050.0000,2135,22.550181557185127,0.03961100105947702,80.11154692591725,0.03901847782084862,0.006801419175500222,-0.8998184428148726,0.0015690314049338896,1.1078300143492479,-0.5599044227221892
-2135550.0000,2137.5,22.69158239762337,0.03852246885172758,38.70531276450464,0.024086451025743853,0.03005855082956896,-0.7584176023766283,0.0014839806064323217,1.4106060325257577,-0.2571284045456794
-2138050.0000,2140,22.93432961349287,0.03726543959106411,357.74925550116814,-0.0014629931359834234,0.037232950448537055,-0.5156703865071286,0.0013887129879152486,1.7125347679037657,0.044800330832328594
-2140550.0000,2142.5,23.248355707173125,0.03587394445856436,317.3774820138535,-0.024289916088983406,0.026394855695770846,-0.2016442928268738,0.0012869398910161603,2.005891245113607,0.33815680804216974
-2143050.0000,2145,23.589493939497935,0.0343822549035908,277.67561934800165,-0.03407092316335613,0.004592231681234023,0.13949393949793532,0.0011821394522554937,2.2846751992542633,0.6169407621828262
-2145550.0000,2147.5,23.90689170000067,0.03282404722658684,238.6702363364077,-0.028035603204907226,-0.01706536844495294,0.45689170000067136,0.0010774180763332033,2.543794975354107,0.8760605382826698
-2148050.0000,2150,24.15146599718799,0.031231715254268495,200.33071180414004,-0.010850537030680053,-0.029283340117960067,0.7014659971879915,0.0009754200377237075,2.7788024457712694,1.1110680086998324
-2150550.0000,2152.5,24.283674074843148,0.029635906286729997,162.57980325501114,0.008871156688925224,-0.028274354259886968,0.8336740748431488,0.0008782869414358426,2.985818723087596,1.318084286016159
-2153050.0000,2155,24.27959839589333,0.028065356043143305,125.30861554883467,0.022900603824408595,-0.016220192951457033,0.8295983958933313,0.0007876642098284004,3.1615311972358784,1.4937967601644413
-2155550.0000,2157.5,24.134945594347307,0.02654708620925728,88.39329955217949,0.02653447284747154,0.0007438994020870032,0.6849455943473082,0.000704747786201738,3.303216227306385,1.635481790234948
-2158050.0000,2160,23.866766632796807,0.025106994875931567,51.712664373746236,0.0197054275512419,0.015554884692809131,0.4167666327968078,0.000630361191700054,3.4087677830423493,1.7410333459709122
-2160550.0000,2162.5,23.51256794657853,0.023770804897746283,15.166703554364801,0.006218924893897951,0.022940889348915975,0.06256794657853249,0.0005650511654867186,3.4767226635208024,1.8089882264493653
-2163050.0000,2165,23.126244459237693,0.022565226790441165,338.69513908097235,-0.008197698672417233,0.021021532050670297,-0.3237555407623063,0.0005091894601040437,3.5062775690420103,1.8385431319705732
-2165550.0000,2167.5,22.770310109281525,0.021519036410675103,302.2921454198671,-0.018189201877064423,0.011495533463151505,-0.6796898907184747,0.0004630689280439608,3.4972957095767194,1.8295612725052823
-2168050.0000,2170,22.504678433608483,0.02066358339779438,266.00929640132927,-0.020611849575061392,-0.0014377705502430795,-0.9453215663915167,0.00042698367883760356,3.4503021170129853,1.7825676799415482
-2170550.0000,2172.5,22.37392151465447,0.020032113485410976,229.93725091729107,-0.01533025405182924,-0.012892080770996035,-1.0760784853455299,0.0004012855706923843,3.366467953503829,1.6987335164323918
-2173050.0000,2175,22.396783986024587,0.019657373287016618,194.16364446979674,-0.004809691370952492,-0.019058318467862,-1.0532160139754119,0.0003864123245451145,3.2475851703660092,1.5798507332945722
-2175550.0000,2177.5,22.56207327117486,0.019567467369541458,158.7207581620703,0.007100776079241413,-0.01823202301680101,-0.8879267288251391,0.0003828857792580697,3.096034105661249,1.428299668589812
-2178050.0000,2180,22.832751136246443,0.019780847273358333,123.54961996570506,0.016484320679770827,-0.01093116766339922,-0.6172488637535558,0.0003912819188519278,2.914748324624588,1.247013887553151
-2180550.0000,2182.5,23.15633581446105,0.020302143014193294,88.50108549419093,0.020293672498621046,0.0005311885044522747,-0.293664185538951,0.0004121770109687576,2.7071837708857704,1.0394493338143334
-2183050.0000,2185,23.477351081747692,0.021120518037718087,53.370867125869154,0.01694809242174595,0.012600434006764829,0.02735108174769252,0.0004460762821815751,2.477304280653856,0.8095698435824188
-2185550.0000,2187.5,23.747882952883078,0.022211098198403927,17.946029887895804,0.006842888643231019,0.021128923764436848,0.29788295288307864,0.0004933328831791422,2.2296053125144053,0.5618708754429682
-2188050.0000,2190,23.934253292472665,0.02353859410048393,342.04090768202605,-0.007257605369373846,0.022389822019943745,0.48425329247266546,0.0005540654122273369,1.9692183832281378,0.3014839461567007
-2190550.0000,2192.5,24.019663435337506,0.025061564181859085,305.51441810930737,-0.020397895952448168,0.014556915851167671,0.5696634353375067,0.0006280819992414423,1.702184612824968,0.03445017575353093
-2193050.0000,2195,24.003618532876565,0.02673608072022921,268.2729686016394,-0.026721618141394544,-0.0008061533131548378,0.5536185328765661,0.000714818012278612,1.4360914719032214,-0.2316429651682157
-2195550.0000,2197.5,23.899167323811497,0.028518292313321744,230.2666470851335,-0.02192907163945364,-0.018228075367043697,0.4491673238114977,0.0008132929964680661,1.1815038827720512,-0.4862305542993859
-2198050.0000,2200,23.728898911972905,0.03036594613023227,191.48399894874672,-0.0060446204218659325,-0.029755350967210714,0.27889891197290595,0.0009220906843841682,0.9550222825091658,-0.7127121545622713
-2200550.0000,2202.5,23.520503636038562,0.03223916906811307,151.94723442913448,0.015160571552811915,-0.02844854124788526,0.07050363603856269,0.0010393640222023785,0.7843347929967335,-0.8833996440747036
-2203050.0000,2205,23.302599876358364,0.03410081107257638,111.70762734432702,0.031679512125267734,-0.012611132229734135,-0.1474001236416349,0.0011628653158075476,0.7078124174525948,-0.9599220196188423
-2205550.0000,2207.5,23.101395285521807,0.0359165694255254,70.84041361388955,0.033923414284209884,0.011787101684254158,-0.3486047144781921,0.001289999959298586,0.7466542724703689,-0.9210801646010682
-2208050.0000,2210,22.938510463382322,0.03765502441319278,29.439031551997118,0.01850495444608765,0.032789755621713795,-0.5114895366176775,0.0014179008635581444,0.8753504400360302,-0.7923839970354069
-2210550.0000,2212.5,22.82994073915387,0.039287653322221186,347.60923855328156,-0.008429803575178106,0.03836829773641006,-0.62005926084613,0.0015435197035670375,1.0506627876453174,-0.6170716494261197
-2213050.0000,2215,22.785779394561686,0.04078885205675596,305.46382541315506,-0.033218414465745236,0.023662318074309175,-0.6642206054383131,0.001663730452107925,1.2424703002633937,-0.4252641368080434
-2215550.0000,2217.5,22.810151726309677,0.04213597428623145,263.11812908541356,-0.041827769340707165,-0.005048664857348435,-0.6398482736903226,0.0017754403290499577,1.4342801020389926,-0.2334543350324445
-2218050.0000,2220,22.90093516898076,0.043309389397627046,220.68571400832775,-0.028230455155706186,-0.03283798110105916,-0.5490648310192405,0.00187570320999529,1.617115743056829,-0.05061869401460806
-2220550.0000,2222.5,23.049223506997365,0.044292557357259066,178.2731710994617,0.0013348398314969047,-0.044267592372970066,-0.40077649300263474,0.0019618306372460844,1.785778383707778,0.11804394663634099
-2223050.0000,2225,23.238926043512002,0.04507211773514442,135.9734385250917,0.031321492480516654,-0.03240399299899068,-0.2110739564879971,0.0020314957971307203,1.9370548909459298,0.26932045387449266
-2225550.0000,2227.5,23.44712504730811,0.045637989938675766,93.85817251048121,0.04552967316713703,-0.003070376821987952,-0.002874952691890087,0.0020828261256426706,2.0688615941504924,0.40112715707905533
-2228050.0000,2230,23.645714514299403,0.0459834813700144,51.97074442669174,0.0362171261462904,0.028325799329304235,0.19571451429940367,0.0021144805589064617,2.179810729636391,0.512076292564954
-2230550.0000,2232.5,23.804477347034698,0.04610539949459974,10.321739682745942,0.008260087717840587,0.045354514836334445,0.3544773470346989,0.002125707862556638,2.2689760656560303,0.6012416285845932
-2233050.0000,2235,23.895327894254393,0.04600416267620723,328.8883188264689,-0.02376818645045977,0.039382935378308094,0.4453278942543939,0.002116382983538938,2.335760624245057,0.66802618717362
-2235550.0000,2237.5,23.897133577340856,0.04568390319768652,287.6179807557369,-0.043536590497565586,0.013825788198023273,0.4471335773408569,0.0020870190113755926,2.379823030919395,0.712088593847958
-2238050.0000,2240,23.800381489110293,0.0451525542654093,246.436731084102,-0.041383498162316484,-0.018048222167592887,0.3503814891102941,0.002038753156690732,2.401042325833694,0.733307888762257
-2240550.0000,2242.5,23.610896096395763,0.04442191106635188,205.2616182596381,-0.018955399747590678,-0.04016952729246148,0.16089609639576352,0.0019733061827868752,2.399511578302774,0.731777141231337
-2243050.0000,2245,23.351736814055034,0.043507654098878634,164.0177539934183,0.011977853107665533,-0.04182168902639925,-0.09826318594496541,0.001892915965187671,2.375555653900846,0.7078212168294091
-2245550.0000,2247.5,23.06229418435862,0.042429320902919204,122.65953789123614,0.03571699640250148,-0.022894697288605704,-0.38770581564137885,0.0018002472722828966,2.3297712256202736,0.6620367885488365
-2248050.0000,2250,22.79363365139021,0.04121020971640209,81.19389593209365,0.04072021086040853,0.0063078884091020155,-0.6563663486097902,0.0016982813848698411,2.263089207422343,0.5953547703509061
-2250550.0000,2252.5,22.599683859880052,0.03987719513506875,39.69949984473436,0.025469640614816394,0.030678249883789838,-0.850316140119947,0.0015901906918403509,2.176862181191745,0.5091277441203079
-2253050.0000,2255,22.525289310892013,0.03846043124052887,358.3319064328457,-0.0011190356444255633,0.03844016228765771,-0.9247106891079859,0.001479204771207449,2.072982788208571,0.40524835113713387
-2255550.0000,2257.5,22.594193745072154,0.03699291190942836,317.30515348098936,-0.025081804357752396,0.027186418784448857,-0.8558062549278453,0.0013684755315387267,1.9540439367184497,0.2863094996470126
-2258050.0000,2260,22.80135033205208,0.035509852052784806,276.8497120506197,-0.035252893894452325,0.004235094925272399,-0.6486496679479181,0.0012609495928106653,1.823557726273254,0.15582328920181698
-2260550.0000,2262.5,23.112924949742435,0.03404785009161848,237.16063819272915,-0.028604335854360972,-0.018461591900185592,-0.3370750502575639,0.0011592560958613245,1.6862539455526355,0.018519508481198432
-2263050.0000,2265,23.474037749477944,0.032643796638312544,198.35605409361415,-0.010279647512633765,-0.030979919109398235,0.02403774947794446,0.0010656174589635055,1.5484681850407052,-0.11926625203073193
-2265550.0000,2267.5,23.821024040220102,0.03133351598324284,160.45840711636174,0.010479576556877857,-0.02952625671844403,0.37102404022010305,0.0009817892238721346,1.418566760041336,-0.249167677030101
-2268050.0000,2270,24.09403566898711,0.030150175807126006,123.3974873450511,0.025169317306152517,-0.016594863764354338,0.6440356689871116,0.0009090331012006063,1.3071608181920504,-0.36057361887938666
-2270550.0000,2272.5,24.24707758064503,0.029122581663265687,87.02662132435995,0.029081079771154136,0.001510288554334012,0.7970775806450305,0.0008481247627335788,1.2264686857637965,-0.44126575130764056
-2273050.0000,2275,24.254442306388405,0.02827357484687574,51.144318371219924,0.02201584966487019,0.017736210582801656,0.8044423063884061,0.0007993950346218845,1.1878999084963908,-0.47983452857504627
-2275550.0000,2277.5,24.11369828952133,0.02761883733092381,15.51801106644541,0.0073887419764043765,0.026609942147313936,0.6636982895213315,0.0007628001755120306,1.1979024943763021,-0.46983194269513495
-2278050.0000,2280,23.845677509414116,0.02716641614986115,339.9097209052287,-0.009330868273646821,0.02551146067217369,0.39567750941411717,0.0007380141664274367,1.2547008281955199,-0.4130336088759172
-2280550.0000,2282.5,23.49165760347445,0.026917163445169985,304.1039856220043,-0.022286208269632502,0.015091203551563789,0.04165760347445158,0.0007245336879339953,1.3490549987561304,-0.31867943831530665
-2283050.0000,2285,23.107622119789703,0.026866056280692024,267.93662577928944,-0.026846470874257518,-0.0009672428614728695,-0.3423778802102966,0.0007217849800773114,1.4681899972839085,-0.19954443978752856
-2285550.0000,2287.5,22.75554654728476,0.027004097417831607,231.31975795461994,-0.021078859185077556,-0.016875495039868228,-0.6944534527152406,0.0007292212773517397,1.5994129616872097,-0.06832147538422739
-2288050.0000,2290,22.492415550617338,0.027320323997562485,194.2551876622274,-0.006726714787813676,-0.02647687890316279,-0.9575844493826615,0.0007464001033317886,1.731795601035964,0.06406116396452699
-2290550.0000,2292.5,22.359054019613936,0.02780344241963862,156.8277192974076,0.010939771676090216,-0.025558166909128967,-1.0909459803860635,0.0007730314103821602,1.856450013660576,0.18871557658913884
-2293050.0000,2295,22.37203063291517,0.028442754034576814,119.17548958153759,0.02483218135433653,-0.013864084148945854,-1.0779693670848296,0.0008089902570714356,1.9662655925320944,0.29853115546065734
-2295550.0000,2297.5,22.521573425813568,0.02922826056718395,81.44561309652465,0.028900559774691404,0.00434749542626226,-0.9284265741864317,0.0008542912157832003,2.0555713631486325,0.38783692607719544
-2298050.0000,2300,22.776161398498715,0.030150052828384417,43.75228524005166,0.02084803585404227,0.021776778482766358,-0.6738386015012843,0.0009090256855543711,2.11987122430888,0.4521367872374431
-2300550.0000,2302.5,23.091582866652143,0.03119723339190076,6.152525727569014,0.003343006274426523,0.031014907444894532,-0.3584171333478565,0.0009732673713087278,2.1556673204408145,0.48793288336937746
-2303050.0000,2305,23.420829416542375,0.032356683522491755,328.64360823721245,-0.016835948292524872,0.02762836677225932,-0.029170583457624133,0.0010469549685746895,2.1603502843544957,0.4926158472830586
-2305550.0000,2307.5,23.721874438424614,0.03361196453160828,291.175776220345,-0.03133981202316224,0.012140307270626179,0.27187443842461434,0.001129764159674093,2.132132182071372,0.464397744999935
-2308050.0000,2310,23.96212599110535,0.03494256762584336,253.67054569035008,-0.033530033878073344,-0.009823953378032792,0.51212599110535,0.0012209830322866362,2.070003409324471,0.40226897225303393
-2310550.0000,2312.5,24.119849733274172,0.03632362474265841,216.03737349219637,-0.021367504262023003,-0.029370166120828142,0.6698497332741731,0.0013194057144454664,1.9737006989441674,0.30596626187273035
-2313050.0000,2315,24.183601787081315,0.03772609500307189,178.18546466036867,0.0011948379941534946,-0.037703850379312856,0.7336017870813158,0.001423258244180806,1.8436781197077532,0.1759436826363161
-2315550.0000,2317.5,24.15081873002231,0.039117367783758045,140.03047015669887,0.025126252299411126,-0.029976089894869308,0.7008187300223092,0.0015301684623297918,1.6810766666122805,0.013342229540843409
-2318050.0000,2320,24.026474102284404,0.04046218217655929,101.49740955987738,0.039646701049730886,-0.008063984402208438,0.5764741022844042,0.0016371881864890722,1.487691674056028,-0.1800427630154091
-2320550.0000,2322.5,23.822327934889216,0.041723750835549994,62.52181799289775,0.03701313204469814,0.019250279253950665,0.372327934889217,0.001740871383787059,1.2659431059336324,-0.40179133113780474
-2323050.0000,2325,23.556858804945826,0.0428649847144973,23.05128909018498,0.01678211100788777,0.03943874064108881,0.10685880494582634,0.0018374069145740874,1.0188701062160135,-0.6488643308554236
-2325550.0000,2327.5,23.255522381791415,0.043849733736690585,343.049391690569,-0.012783245167480693,0.041940526910455495,-0.1944776182085839,0.0019227991487786604,0.7502414090267733,-0.9174930280446638
-2328050.0000,2330,22.950585582556208,0.04464397911964287,302.5032251108154,-0.037647284156217,0.023986711845464616,-0.49941441744379134,0.0019930848716351087,0.46534772993262696,-1.2023867071388101
-2330550.0000,2332.5,22.679556242886534,0.04521693139186853,261.43432691795124,-0.04470790389241832,-0.006734171434921473,-0.7704437571134655,0.002044570884496946,0.18073547472630547,-1.4869989623451316
-2333050.0000,2335,22.481353699379326,0.04554200244648269,219.91008612558437,-0.029215909577487077,-0.03492942667152109,-0.9686463006206729,0.002074073986835435,0.1906844984661147,-1.4770499386053224
-2335550.0000,2337.5,22.390047891905112,0.04559763041202578,178.04991314744666,0.001551444212632118,-0.04556633159686978,-1.0599521080948868,0.0020791438991916984,0.49276324611824995,-1.1749711909531873
-2338050.0000,2340,22.427226680052232,0.0453679436073053,136.01932537367878,0.03150073883177135,-0.03264215494924484,-1.0227733199477669,0.0020582503071556336,0.8100843283110049,-0.8576501087604322
-2340550.0000,2342.5,22.595321210355202,0.04484325545252832,94.00850648542473,0.044728747677026816,-0.0031346097272708486,-0.8546787896447974,0.002010917559580711,1.1267309425438699,-0.5410034945275672
-2343050.0000,2345,22.87457874103481,0.044020386838497294,52.19965758790704,0.03477926418090202,0.026977538049374097,-0.5754212589651893,0.0019377944574109458,1.4369122263313359,-0.23082221074010123
-2345550.0000,2347.5,23.22522174802134,0.042902816764090954,10.734427253863487,0.007990478451667976,0.04214762316634122,-0.22477825197865897,0.0018406516862931638,1.7361119655257267,0.06837752845428957
-2348050.0000,2350,23.594254258808938,0.041500666474760674,329.69283161864576,-0.02094021072324694,0.035825455150091064,0.14425425880893883,0.0017223053178493245,2.0203389619127368,0.35260452484129967
-2350550.0000,2352.5,23.924769559933857,0.03983052716398158,289.0884045605836,-0.037636542322762964,0.013024827997354809,0.4747695599338577,0.0015864708941606747,2.2860191367491995,0.6182846996777625
-2353050.0000,2355,24.165347678874724,0.03791514677627053,248.87690912734388,-0.03536431631635116,-0.013661722818191533,0.7153476788747248,0.0014375583550661375,2.529996253866329,0.8622618167948919
-2355550.0000,2357.5,24.277903295045455,0.03578299785621034,208.97282873901963,-0.01733196828532345,-0.03130141969307693,0.8279032950454557,0.001280422935577554,2.749552872521332,1.081818435449895
-2358050.0000,2360,24.243299117971127,0.033467756140722144,169.2690917342918,0.006230336827754368,-0.03287946409339831,0.7932991179711273,0.0011200907010948447,2.942429607790195,1.2746951707187577
-2360550.0000,2362.5,24.064583985262864,0.031007729336643426,129.6583930204195,0.023868985698600832,-0.019788055492509837,0.6145839852628647,0.0009614792786145374,3.1068358133918865,1.4391013763204494
-2363050.0000,2365,23.76773701879049,0.0284452881771404,90.05685451682382,0.028442554023567282,-0.00002894215410212034,0.317737018790492,0.0008091344194805633,3.241449384608904,1.573714947537467
-2365550.0000,2367.5,23.399492351163076,0.025826368406509228,50.43155931215199,0.019907182405599508,0.016449248213805934,-0.05050764883692338,0.000667001305068738,3.345405239230865,1.6776708021594278
-2368050.0000,2370,23.02153810343691,0.02320013287863936,10.832009868781881,0.0043602955930381986,0.022784456200034817,-0.4284618965630891,0.000538246165586523,3.4182730480230825,1.7505386109516454
-2370550.0000,2372.5,22.70061964012673,0.020618903014259442,331.42119975365654,-0.009861866382227656,0.018105331796304757,-0.7493803598732676,0.0004251391615114371,3.46002548736206,1.7922910502906229
-2373050.0000,2375,22.495316250665624,0.018138468312495146,292.49554455411965,-0.016756533802952896,0.006939959169144065,-0.9546837493343752,0.0003290040327233905,3.470998838236892,1.803264401165455
-2375550.0000,2377.5,22.44242568716203,0.015818795116584492,254.47813055509346,-0.015240714243456365,-0.004232288449345674,-1.0075743128379706,0.0002502342789404774,3.4518482016869814,1.7841137646155443
-2378050.0000,2380,22.54765719245301,0.013724800224212755,217.87034619157475,-0.00842506555890547,-0.010833240687208704,-0.9023428075469901,0.00018837014119455048,3.4034999430905746,1.7357655060191375
-2380550.0000,2382.5,22.784653770237938,0.011925850742959408,183.14861482156323,-0.0006553764999385277,-0.01190700490787682,-0.6653462297620614,0.00014222591594334545,3.3271042057435793,1.6593697686721423
-2383050.0000,2385,23.10279918676926,0.010490642215907463,150.58956555142925,0.005151012838374181,-0.00913823561689651,-0.3472008132307387,0.00011005357410217986,3.223990439413715,1.5562560023422778
-2385550.0000,2387.5,23.440301428064043,0.009472411118016066,120.03330561438588,0.008200068478612814,-0.004740861548569174,-0.00969857193595658,0.00008972657238871438,3.0956288794492264,1.4278944423777893
-2388050.0000,2390,23.737633969910448,0.008884101301440723,90.72710997502008,0.008882927994279395,-0.00011281238736128224,0.28763396991044843,0.00007892725593426075,2.9436008281977495,1.2758663911263124
-2390550.0000,2392.5,23.947833381705177,0.008678841659497852,61.51321870404536,0.007627668202780217,0.004139197396629,0.49783338170517766,0.00007532229255063543,2.769580540453332,1.1018461033818947
-2393050.0000,2395,24.042464999654133,0.008758596834801853,31.338915194922492,0.004555041800071019,0.00748035383083177,0.5924649996541334,0.00007671301851460103,2.5753317364543653,0.9075972993829282
-2395550.0000,2397.5,24.013637433425437,0.009008396728773922,359.6256654714474,-0.00005891898100324089,0.009007622458682918,0.5636374334254377,0.00008115121162298469,2.3627227786916647,0.6949883416202276
-2398050.0000,2400,23.872956136456622,0.00932818760154555,326.2446895599305,-0.00518287830140306,0.007755028376123617,0.422956136456623,0.0000870150839296281,2.133767540861888,0.4660331037904508
-2400550.0000,2402.5,23.648195861751702,0.0096459642751228,291.3102476074266,-0.008985764857503669,0.0035051748127879314,0.198195861751703,0.00009304462679694532,1.8907069228187696,0.22297248574733253
-2403050.0000,2405,23.378237843459132,0.00991662924522175,255.01842431648925,-0.0095787426114189,-0.002563378649103735,-0.07176215654086704,0.0000983395355871873,1.6361669364437708,-0.031567500627666334
-2405550.0000,2407.5,23.106758702962622,0.010115651716902459,217.57545757730725,-0.006168007774881744,-0.008016491266239262,-0.3432412970373768,0.00010232640965767167,1.3734882033693112,-0.2942462337021259
-2408050.0000,2410,22.875362514949252,0.010232515626633978,179.17786657290083,0.0001468274239996624,-0.010230522963017746,-0.5746374850507472,0.00010470437604930856,1.1075049763734905,-0.5602294606979465
-2410550.0000,2412.5,22.717199992954065,0.010265452197140475,140.00826887659304,0.0065967416880411585,-0.007863998732280832,-0.7328000070459346,0.00010537950881177621,0.8466991773782426,-0.8210352596931945
-2413050.0000,2415,22.652324141735157,0.010217551586242851,100.2291546289427,0.01005416115109502,-0.0018143358460567891,-0.7976758582648422,0.0001043983604175338,0.6101675265249269,-1.0575669105465102
-2415550.0000,2417.5,22.685769813789253,0.01009404151558832,59.9706618674702,0.008738261645626345,0.005050953329608874,-0.7642301862107459,0.00010188967411842055,0.44958559301610174,-1.2181488440553354
-2418050.0000,2420,22.80855986348721,0.009900561501822319,19.315755732015703,0.003274575716981877,0.00934228840432661,-0.641440136512788,0.0000980211180513662,0.4577221865449044,-1.2100122505265327
-2420550.0000,2422.5,23.000900128027652,0.009642353739674148,338.28786554541716,-0.0035666797966938486,0.008957372987624952,-0.44909987197234713,0.00009297498564100801,0.6252183186726872,-1.04251611839875
-2423050.0000,2425,23.2362756587657,0.0093243561681812,296.84356359980245,-0.008318662966241182,0.0042101137766106765,-0.2137243412343004,0.0000869436179510988,0.8577383620421899,-0.8099960750292472
-2425550.0000,2427.5,23.48526849678766,0.008952218548499482,254.86927989189053,-0.008640959130935908,-0.002336359359484777,0.035268496787661974,0.00008014221694009816,1.1073836402400716,-0.5603507968313655
-2428050.0000,2430,23.71849044728534,0.008534289837903927,212.17931769863264,-0.004544709727074317,-0.007222410312771761,0.2684904472853411,0.00007283410303735025,1.3558245958092017,-0.3119098412622354
-2430550.0000,2432.5,23.908651855323818,0.008084653862420228,168.51427612184216,0.0016095157726334578,-0.00792183622040966,0.4586518553238186,0.00006536162807514631,1.594122465306386,-0.07361197176505119
-2433050.0000,2435,24.03216917382907,0.007627259525095747,123.54568728894918,0.006356015000788671,-0.004214419369565369,0.5821691738290724,0.000058175087863163805,1.8165860782523695,0.14885164118093241
-2435550.0000,2437.5,24.07077977430394,0.007200845088833889,76.90646506660147,0.007012696032458366,0.0016309371841432057,0.6207797743039407,0.00005185216999338314,2.0189165631771067,0.35118212610566957
-2438050.0000,2440,24.013464641337208,0.006863066244753549,28.286462922635167,0.00325186455386636,0.006042590617272171,0.5634646413372089,0.000047101678279875586,2.197589291276431,0.5298548542049941
-2440550.0000,2442.5,23.85869398538076,0.006689344976054803,337.63068230004694,-0.002545364960511964,0.006184977838608399,0.4086939853807614,0.00004474733620866963,2.3496449127469177,0.6819104756754806
-2443050.0000,2445,23.616685349229993,0.006759447678566894,285.375254527798,-0.006516442335447818,0.001791817752487077,0.16668534922999356,0.000045690132919283366,2.4726343862017597,0.8048999491303226
-2445550.0000,2447.5,23.31103117435,0.007130960367678961,232.45617652766748,-0.005652966458075925,-0.004344794339357669,-0.13896882565000013,0.00005085059576540806,2.564627530658253,0.896893093586816
-2448050.0000,2450,22.978744514970227,0.007816339451377587,179.90557428978684,0.00001318303926964499,-0.007815035563484639,-0.4712554850297721,0.00006109516241916167,2.624248933912736,0.9565144968412991
-2450550.0000,2452.5,22.667599602638354,0.00878368901334816,128.38042287265006,0.006884736516186988,-0.005452451291545665,-0.7824003973616449,0.00007715319268321317,2.6507255879610496,0.9829911508896125
-2453050.0000,2455,22.429876443355298,0.009976617410234399,78.07420866125733,0.009759721264446363,0.0020617403905714734,-1.0201235566447018,0.00009953289495019211,2.643939738359931,0.9762053012884939
-2455550.0000,2457.5,22.31261481879699,0.01133336812191085,28.92987642106499,0.005481179958720367,0.009917909978382924,-1.1373851812030082,0.00012844523298674506,2.604485578115135,0.9367511410436977
-2458050.0000,2460,22.34629599440644,0.012796272221789086,340.849070772695,-0.004197807172216118,0.0120862670160073,-1.1037040055935599,0.000163744582774131,2.533732512144531,0.8659980750730938
-2460550.0000,2462.5,22.53565652484244,0.014314106032323247,293.77702860254556,-0.01309761398258041,0.005769920971621234,-0.9143434751575583,0.00020489363150459275,2.4339022765193477,0.7661678394479106
-2463050.0000,2465,22.85648676237119,0.015841650535877643,247.6944250689853,-0.014654224479551715,-0.006012323704533229,-0.5935132376288088,0.00025095789170087243,2.308173354610493,0.6404389175390559
-2465550.0000,2467.5,23.259965105884632,0.0173387555423012,202.57675794633883,-0.006655477167870749,-0.016008249080787518,-0.19003489411536734,0.00030063244375568064,2.1608348594095745,0.49310042233813745
-2468050.0000,2470,23.682740258644365,0.018769667358356376,158.36166370435194,0.006920835975091596,-0.017444773079620002,0.2327402586443661,0.00035230041274334883,1.997523274795658,0.32978883772422085
-2470550.0000,2472.5,24.059052369217365,0.020102725348262105,114.93765794817068,0.01822659066704789,-0.00847464415364189,0.6090523692173662,0.00040411956642765975,1.8255839802124563,0.15784954314101918
-2473050.0000,2475,24.331600132509287,0.021310340777068393,72.15019439379716,0.02028219271776674,0.006531707838046896,0.8816001325092877,0.00045413062403478393,1.6545813812609644,-0.013153055810472658
-2475550.0000,2477.5,24.459519282394787,0.02236914578980792,29.815979277824567,0.011120841287494578,0.019406111000391732,1.0095192823947876,0.0005003786833656814,1.4968590453281092,-0.1708753917433279
-2478050.0000,2480,24.423278707603234,0.023260219931930726,347.7392075441843,-0.004939279558536206,0.02272718623975449,0.9732787076032352,0.0005410378312817874,1.367651789355465,-0.30008264771597215
-2480550.0000,2482.5,24.226905136541802,0.02396932688137022,305.72768482305787,-0.019456345131007417,0.013994840414345334,0.7769051365418029,0.000574528631145977,1.2834848606759404,-0.38424957639549673
-2483050.0000,2485,23.89784058271171,0.024487115128509276,263.6096492699389,-0.024332312364896032,-0.002725281454632286,0.44784058271170935,0.0005996188073168679,1.257432267636496,-0.41030216943494113
-2485550.0000,2487.5,23.484288310871563,0.024809252163420524,221.25293257735927,-0.016356980623254535,-0.01864973692786694,0.034288310871563255,0.0006154989929081859,1.2927579933087887,-0.3749764437626484
-2488050.0000,2490,23.04950077600337,0.024936473291391995,178.58680359376717,0.0006149346469743734,-0.024926103017757162,-0.4004992239966292,0.0006218277002123062,1.3807662091103237,-0.28696822796111343
-2490550.0000,2492.5,22.662532671334198,0.02487453452650271,135.6231501367838,0.017394617359529213,-0.017777227430587367,-0.7874673286658016,0.0006187424679101754,1.5054613615205734,-0.16227307555086368
-2493050.0000,2495,22.385947150414914,0.024634064735795387,92.46838685453048,0.024608406304237856,-0.001060920986363333,-1.0640528495850852,0.0006068371454073579,1.649953464727027,-0.017780972344410007
-2495550.0000,2497.5,22.262837330701778,0.024230315521749916,49.31464758889274,0.01837189003518528,0.01579395859793811,-1.1871626692982211,0.0005871081902835549,1.7999518426504129,0.13221740557897577
-2498050.0000,2500,22.30727966373024,0.023682808078781904,6.404543453503095,0.002641651390381372,0.0235323702478416,-1.1427203362697576,0.0005608753984964175,1.944446477835589,0.2767120407641519
-2500550.0000,2502.5,22.502121158543098,0.023014874039175428,323.9784051515238,-0.013533186635113787,0.018612437255346056,-0.9478788414569017,0.0005296844270391111,2.0752341722970806,0.40749973522564353
-2503050.0000,2505,22.80505307611424,0.02225308171855865,282.2250911162796,-0.02174613741220224,0.004711886752931238,-0.6449469238857581,0.0004951996459728492,2.186273058279204,0.518538621207767
-2505550.0000,2507.5,23.160135716575283,0.021426530233589987,241.25459218821436,-0.018784270753212526,-0.010303171103672269,-0.28986428342471626,0.0004590961978509458,2.273169168910069,0.6054347318386317
-2508050.0000,2510,23.510184758622497,0.020565983167503906,201.0957632459648,-0.007401781078149174,-0.019185719413776614,0.060184758622497725,0.000422959663646054,2.332821094339893,0.6650866572684557
-2510550.0000,2512.5,23.806455832797234,0.01970280523915345,161.70994355799257,0.006182491010766799,-0.018705755931509794,0.35645583279723425,0.00038820053429201265,2.3631809361943956,0.6954464991229585
-2513050.0000,2515,24.014283527119204,0.018867668959952462,123.00888413240801,0.01582062542321201,-0.010277781637657237,0.5642835271192048,0.0003559889319823536,2.363088784672975,0.6953543476015378
-2515550.0000,2517.5,24.115047411195953,0.01808902779379175,84.87000569934764,0.0180150107730135,0.001617106202773944,0.6650474111959532,0.0003272129265245705,2.3321502827520804,0.6644158456806433
-2518050.0000,2520,24.10553970749791,0.01739142257880317,47.147535695383056,0.012748800534384309,0.01182698847527572,0.6555397074979119,0.00030246157931450464,2.2706381442650176,0.6029037071935806
-2520550.0000,2522.5,23.99580744807188,0.016793800734919234,9.681542140747126,0.0028241432878543067,0.016553184327928384,0.54580744807188,0.0002820317431241738,2.1794065186359903,0.5116720815645532
-2523050.0000,2525,23.806264528556163,0.01630815257537261,332.30793413439187,-0.007577971490064296,0.01443900654283665,0.35626452855616364,0.0002659558404216323,2.059812497932408,0.3920780608609711
-2525550.0000,2527.5,23.564564410701035,0.01593883548184398,294.8715444642247,-0.014459282293318578,0.006703138939808529,0.11456441070103551,0.0002540464765172886,1.9136428930791778,0.2459084560077407
-2528050.0000,2530,23.302475700587095,0.015682885409292604,257.2421104841919,-0.015294388214251744,-0.0034629260788437786,-0.14752429941290401,0.00024595289476100283,1.7430477342043056,0.0753132971328685
-2530550.0000,2532.5,23.052821973711815,0.015531386364959814,219.33045340918534,-0.009842821900355389,-0.012012502813357124,-0.3971780262881843,0.0002412239624176596,1.5504862939442932,-0.11724814312714393
-2533050.0000,2535,22.84644276157453,0.015471668965165636,181.100743546599,-0.0002971954858283235,-0.01546742515283612,-0.6035572384254699,0.0002393725405676695,1.3387003818038479,-0.3290340552675892
-2535550.0000,2537.5,22.709134153246687,0.0154898884533448,142.5750853059202,0.009412688536169257,-0.012300173296133338,-0.7408658467533122,0.00023993664429706454,1.1107550705647427,-0.5569793665066944
-2538050.0000,2540,22.65866205855857,0.015573490782439716,103.82836954041511,0.01512072837613184,-0.0037219151769801446,-0.7913379414414301,0.0002425336151507348,0.8702784281541921,-0.797456008917245
-2540550.0000,2542.5,22.702178167986066,0.015713194158921653,64.97358868027902,0.014236598295234508,0.006646675714912813,-0.7478218320139334,0.00024690447067596955,0.6224591267748074,-1.0452753102966297
-2543050.0000,2545,22.83458368490983,0.015904293116332548,26.14000855442731,0.007006198372879944,0.014276322137126103,-0.6154163150901688,0.00025294653953022284,0.3792715285340341,-1.288462908537403
-2545550.0000,2547.5,23.038409586803837,0.016147239227103476,347.4483274856059,-0.0035088708424634617,0.01575988129395257,-0.4115904131961621,0.00026073333465730927,0.20317817603137045,-1.4645562610400666
-2548050.0000,2550,23.285530560281973,0.016447531692850653,308.9876711730626,-0.012783271568127141,0.01034702129000313,-0.16446943971802597,0.00027052129878732666,0.2983903284457967,-1.3693441086256404
-2550550.0000,2552.5,23.540599684047695,0.0168149801215682,270.798574504524,-0.016811865088204175,0.00023422718413851484,0.09059968404769592,0.00028274355648873374,0.5395043844105553,-1.1282300526608817
-2553050.0000,2555,23.765700611874628,0.017262420085778215,232.86431976289884,-0.013760463595004796,-0.010420596800364317,0.31570061187462883,0.00029799114721787916,0.8037236817041643,-0.8640107553672728
-2555550.0000,2557.5,23.925532889765005,0.017804000941242664,195.11106060023212,-0.004640788069220856,-0.0171869323337049,0.47553288976500596,0.00031698244951576965,1.07110166041568,-0.5966327766557571
-2558050.0000,2560,23.992482645229114,0.01845323041198165,157.41581716757503,0.007086344519433457,-0.01703661977558565,0.5424826452291143,0.0003405217126376845,1.3355152793426481,-0.33221915772878896
-2560550.0000,2562.5,23.95106425431767,0.019221026676403227,119.62081848693475,0.01670778056048098,-0.009499119386627598,0.5010642543176722,0.0003694478664950045,1.5934684690594665,-0.0742659680119706
-2563050.0000,2565,23.80130408027734,0.020114053488864768,81.55256737128269,0.019894025240899928,0.0029547829348917777,0.35130408027734106,0.00040457514775291294,1.8422311878309579,0.17449675075952076
-2565550.0000,2567.5,23.56058900140996,0.02113356557448451,43.044193671840674,0.014423438997955163,0.015443774632281769,0.11058900140995931,0.0004466275938910367,2.0793535688325218,0.41161913176108467
-2568050.0000,2570,23.263332220360763,0.022274876264203644,3.9598687484800053,0.0015377780213393821,0.022219619343653983,-0.18666777963923664,0.0004961701125855829,2.3024977724395903,0.6347633353681532
-2570550.0000,2572.5,22.957658252741922,0.023527421894488434,324.21961582245115,-0.013754961996458096,0.01908487047171946,-0.49234174725807733,0.0005535395810012538,2.5093713085994587,0.8416368715280216
-2573050.0000,2575,22.698476972420046,0.024875292499754127,283.82087199623584,-0.024152741975574335,0.005941406062979562,-0.7515230275799532,0.0006187801769483239,2.6977037438024887,1.0299693067310516
-2575550.0000,2577.5,22.537181662638268,0.026298056359351403,242.849777356932,-0.023397745096156428,-0.011999592211017984,-0.9128183373617311,0.0006915877682796228,2.865247918246144,1.197513481174707
-2578050.0000,2580,22.509863727443843,0.027771722127185816,201.47329582078646,-0.010164856987767892,-0.025841484528804644,-0.9401362725561562,0.0007712685499096223,3.0097982653627997,1.3420638282913626
-2580550.0000,2582.5,22.62764239868642,0.02926972985593105,159.90775521541275,0.010054455702571822,-0.027485350617583486,-0.8223576013135805,0.0008567170858391815,3.1292223984991865,1.4614879614277494
-2583050.0000,2585,22.87292984578304,0.030763913593710248,118.37103050569385,0.027066196736549558,-0.014616469209545659,-0.5770701542169583,0.0009464183796012702,3.2215031531507883,1.5537687160793512
-2585550.0000,2587.5,23.20329230718082,0.032225416996900506,77.03609360969529,0.031400702787099916,0.0072290148391208845,-0.2467076928191787,0.001038477500624124,3.284788441043464,1.6170540039720267
-2588050.0000,2590,23.56124394480551,0.033625565260848554,36.0027085478614,0.019763572046676253,0.02720017937186507,0.11124394480551203,0.001130678639111585,3.317446191997668,1.6497117549262308
-2590550.0000,2592.5,23.88624180104013,0.034936704526089046,355.2924818259987,-0.002867297910285922,0.03481533124546349,0.4362418010401292,0.0012205733231432508,3.3181215663656145,1.6503871292941774
-2593050.0000,2595,24.12542664753189,0.03613301891762074,314.86119213611937,-0.025609414268411443,0.025485179316726156,0.6754266475318893,0.0013055950561011382,3.2857936056764308,1.6180591686049937
-2595550.0000,2597.5,24.241306223874574,0.03719133004768334,274.6188272461735,-0.03706692532874871,0.002994316772158832,0.7913062238745745,0.0013831950307157134,3.219828580185119,1.552094143113682
-2598050.0000,2600,24.2161130529258,0.03809187713229249,234.45056401496095,-0.030988911060829485,-0.022144823346217035,0.7661130529257996,0.0014509911034616678,3.120027488623143,1.452293051551706
-2600550.0000,2602.5,24.053295177409986,0.03881906934169278,194.2361785753045,-0.009545248446858948,-0.03762327149287731,0.6032951774099864,0.0015069201445551525,2.9866654535425985,1.3189310164711614
-2603050.0000,2605,23.776618361751733,0.0393621960537045,153.8681660376809,0.01733499266591345,-0.03533512796325794,0.3266183617517342,0.0015493824781702703,2.8205211156684156,1.1527866785969785
-2605550.0000,2607.5,23.42705654623645,0.039716075026876144,113.26961650085696,0.036481752863557995,-0.01568851587235303,-0.022943453763549115,0.001577366615540455,2.6228945417723697,0.9551601047009326
-2608050.0000,2610,23.05738921604881,0.03988161241401434,72.41186543713093,0.03801338103758973,0.012049912939240747,-0.39261078395118787,0.0015905430087416628,2.3956126030824736,0.7278781660110365
-2610550.0000,2612.5,22.72450812417302,0.039866240952230285,31.32942819732267,0.020726652221837807,0.034049888540443426,-0.7254918758269788,0.001589317167661283,2.1410212385892105,0.47328680151777336
-2613050.0000,2615,22.480053963758508,0.039684192435766735,350.12670594332417,-0.006803867657112574,0.03909241144736416,-0.9699460362414918,0.0015748351292789657,1.8619644796798234,0.19423004260838628
-2615550.0000,2617.5,22.36105088382275,0.03935654680426282,308.96985269475863,-0.0305955946322038,0.024749324772956792,-1.0889491161772504,0.0015489377763561302,1.5617505863254992,-0.10598385074593786
-2618050.0000,2620,22.383059326361014,0.038910983003016736,268.06095163671125,-0.03888477919710906,-0.0013163311704038005,-1.0669406736389853,0.0015140645982610573,1.2441062023616603,-0.42362823470977684
-2620550.0000,2622.5,22.538111036518714,0.038381138793568484,227.5999623154696,-0.028340058228191356,-0.025877850946125953,-0.9118889634812852,0.0014731118150911676,0.9131204947823857,-0.7546139422890514
-2623050.0000,2625,22.798016219667993,0.03780547505056441,187.7469633587068,-0.005095793277743308,-0.03745684154634282,-0.6519837803320065,0.0014292539437988482,0.573186028741072,-1.0945484083303652
-2625550.0000,2627.5,23.121492004857682,0.03722554846871222,148.59664477994704,0.01939482099845905,-0.03176992893611333,-0.3285079951423171,0.0013857414587964427,0.22900852232680707,-1.43872591474463
-2628050.0000,2630,23.462414615807322,0.036683644997878156,110.16946769507427,0.034431001835592626,-0.012647458634101565,0.01241461580732306,0.0013456898103303512,0.11592023385571562,-1.5518142032157214
-2630550.0000,2632.5,23.77688606723364,0.03621983445454157,72.41626987330545,0.034524599477473716,0.010940945652675458,0.3268860672336409,0.0013118764079143967,0.45436676592042463,-1.2133676711510124
-2633050.0000,2635,24.02805289162872,0.03586867798563982,35.230343152617536,0.020689723529636724,0.0292964740427683,0.5780528916287224,0.0012865620604375228,0.7833543721001042,-0.8843800649713329
-2635550.0000,2637.5,24.188758491412894,0.03565601959002185,358.4624641373348,-0.0009566034169741883,0.03564027161358517,0.7387584914128951,0.0012713517330040218,1.097936730390706,-0.5697977066807312
-2638050.0000,2640,24.24269013153028,0.035596438387813734,321.9367887897836,-0.021944514582791418,0.028023907699263474,0.7926901315302821,0.0012671064258974192,1.3937095335999916,-0.2740249034714455
-2640550.0000,2642.5,24.18474171440059,0.03569192824694158,285.46687983944094,-0.034396555927140374,0.009517555205696093,0.7347417144005917,0.0012739137419848264,1.6665922927164116,-0.001142144355025465
-2643050.0000,2645,24.02107746634792,0.035932153444897294,248.871370944428,-0.03351378119094714,-0.012951219032035523,0.5710774663479192,0.0012911196511876445,1.9128897442502244,0.2451553071787873
-2645550.0000,2647.5,23.769031692219052,0.036296260747055324,211.98875205123113,-0.01922634319845711,-0.030782229743017503,0.3190316922190526,0.0013174185442182292,2.1293583182527467,0.4616238811813096
-2648050.0000,2650,23.456617524548722,0.03675586215787853,174.69106630925057,0.003400704766628161,-0.03659503625604795,0.006617524548722997,0.001350993402968967,2.3132650117401057,0.6455305746686686
-2650550.0000,2652.5,23.121112290955423,0.03727859054133255,136.8966879073996,0.02547091451210584,-0.027215447968270065,-0.32888770904457587,0.0013896933127483285,2.462435678376173,0.7947012413047361
-2653050.0000,2655,22.80603936668264,0.03783162780269814,98.58196954710496,0.037404674513550326,-0.005644733726300472,-0.6439606333173593,0.0014312320622018827,2.5752912702125514,0.9075568331411143
-2655550.0000,2657.5,22.55604205334302,0.03838475715008481,59.78980037690462,0.03316839240928452,0.01931254228941733,-0.8939579466569789,0.001473389581470987,2.650871176015174,0.9831367389437369
-2658050.0000,2660,22.409811600878243,0.03891269305232073,20.630608231697238,0.013709142642002662,0.03641390228107411,-1.0401883991217566,0.00151419768058413,2.6888432752260774,1.0211088381546403
-2660550.0000,2662.5,22.39233619836508,0.03939661186204979,341.2704001936486,-0.012649265253491138,0.03730677695420469,-1.05766380163492,0.0015520930262090022,2.689500807229231,1.0217663701577937
-2663050.0000,2665,22.508753105564054,0.039824909536268716,301.9037904629113,-0.033805704072584535,0.02104517182614618,-0.9412468944359453,0.001586023419571987,2.6537466867281694,0.9860122496567323
-2665550.0000,2667.5,22.742151932247623,0.040193257267453195,262.71728792011004,-0.03986529331139671,-0.005094729388672463,-0.7078480677523764,0.001615497929767679,2.5830665194520046,0.9153320823805675
-2668050.0000,2670,23.056378844060294,0.04050403526751588,223.85423864959648,-0.028059641534361555,-0.029205042266499903,-0.39362115593970515,0.0016405768729521701,2.4794923667008812,0.8117579296294442
-2670550.0000,2672.5,23.40292945750909,0.04076522399523515,185.39218366596901,-0.0038304045209610286,-0.040581217284991845,-0.04707054249091058,0.0016618034873816954,2.3455604420497913,0.6778260049783542
-2673050.0000,2675,23.729696557831474,0.04098883831757159,147.33657403857643,0.022119914816039088,-0.03450363320586883,0.27969655783147473,0.0016800848666240248,2.184267777300529,0.5165333402290919
-2675550.0000,2677.5,23.989318026544908,0.04118901208330622,109.62773795080244,0.03879240331916328,-0.013834464670598026,0.5393180265449082,0.0016965347163987459,1.9990363454136157,0.33130190834217865
-2678050.0000,2680,24.1457361205166,0.041379877925676996,72.15521809722026,0.039385727246700517,0.012679391202104909,0.6957361205165995,0.0017122942971439304,1.7937003276226942,0.12596589055125706
-2680550.0000,2682.5,24.17852331319581,0.04157343049226016,34.77480427946807,0.02370944474624659,0.03414554140925599,0.7285233131958115,0.0017283501228947866,1.5725488163945966,-0.09518562067684044
-2683050.0000,2685,24.085068252361054,0.04177759424280228,357.3261304110034,-0.0019488498437508777,0.04172852420488836,0.6350682523610551,0.0017453673807162262,1.3404983937219783,-0.32723604334945877
-2685550.0000,2687.5,23.88080633134109,0.04199472069120503,319.65061664813743,-0.027187024423920465,0.03200179120754679,0.4308063313410919,0.001763556565932324,1.1035880788494934,-0.5641463582219437
-2688050.0000,2690,23.597506740138606,0.04222070148123869,281.61017398618765,-0.04135317005948269,0.008496177486309823,0.14750674013860632,0.0017825876335678707,0.8703531094351362,-0.7973813276363009
-2690550.0000,2692.5,23.279429060326258,0.04244480361858773,243.1064306233859,-0.03785083571328403,-0.01919754976924365,-0.17057093967374115,0.0018015613542204784,0.65580489969487,-1.011929537376567
-2693050.0000,2695,22.977180913045125,0.042650228400542584,204.09839126283555,-0.01741261193112951,-0.03892944095002274,-0.47281908695487473,0.0018190419826184493,0.49237845912957134,-1.1753559779418659
-2695550.0000,2697.5,22.73955793241638,0.04281529335723644,164.61392426769407,0.011358777178759948,-0.04127681651643411,-0.7104420675836209,0.0018331493452662148,0.44072462001508317,-1.227009817056354
-2698050.0000,2700,22.604561507991466,0.04291506282598852,124.74895345846255,0.035258047331758385,-0.024458403981334552,-0.8454384920085332,0.0018417026173585416,0.5278663799914856,-1.1398680570799515
-2700550.0000,2702.5,22.591778888736172,0.042923221674411254,84.65029513629054,0.04273205841066928,0.004001512824139778,-0.8582211112638269,0.001842402958910648,0.6951747581803844,-0.9725596788910527
-2703050.0000,2705,22.69856877186094,0.04281399668358035,44.484664598378515,0.029997641997827732,0.030542099488227448,-0.751431228139058,0.0018330383120216294,0.8895217389570084,-0.7782126981144287
-2705550.0000,2707.5,22.901424522956503,0.04256396830849553,4.403843493580439,0.0032680857047003636,0.04243415941071504,-0.5485754770434959,0.0018116913981666117,1.0873848748098287,-0.5803495622616084
-2708050.0000,2710,23.161906253841984,0.04215366543095825,324.5181438330203,-0.024465420349819397,0.034322476354936404,-0.2880937461580153,0.0017769315092651644,1.2784334519084888,-0.3893009851629483
-2710550.0000,2712.5,23.43493034936033,0.04156888369750234,284.8851121576449,-0.04017008424421406,0.010677449568302872,-0.015069650639670584,0.001727972091856476,1.4573118148503603,-0.21042262222107677
-2713050.0000,2715,23.67692294276373,0.04080170622899404,245.51256746531647,-0.03712829551342976,-0.016910246124589412,0.22692294276373204,0.001664779231197131,1.6207692994823728,-0.04696513758906429
-2715550.0000,2717.5,23.85218747432402,0.0398512313196024,206.37035454702539,-0.017699398146815967,-0.03570093804134651,0.4021874743240197,0.0015881206376884593,1.7665885554426812,0.09885411837124414
-2718050.0000,2720,23.93695466142032,0.03872402582592785,167.4050730914778,0.008442938946716305,-0.03778876186656985,0.4869546614203202,0.001499550176167127,1.8931294888520838,0.22539505178064667
-2720550.0000,2722.5,23.92133387387489,0.03743432686689495,128.5543388749394,0.029271378375090334,-0.02332933812122871,0.47133387387489023,0.001401328827977533,1.999109023805791,0.3313745867343538
-2723050.0000,2725,23.809629022467714,0.036004009130178316,89.75944244849234,0.03600039424060483,0.0001507454892957242,0.3596290224677148,0.0012962886734459635,2.0834840458928108,0.4157496088213737
-2725550.0000,2727.5,23.61937892327068,0.034462319860113985,50.9765372225865,0.026771185872058394,0.021696483945868268,0.16937892327068127,0.0011876514901408067,2.1453868703991072,0.47765243332767016
-2728050.0000,2730,23.379244971039952,0.03284535613183004,12.186634745319736,0.006933348029825105,0.03210215428500527,-0.07075502896004693,0.0010788174194267452,2.1840922427025964,0.5163578056311593
-2730550.0000,2732.5,23.125672588200914,0.0311952163179706,333.4039035277044,-0.013964362997581928,0.027891932766852104,-0.32432741179908575,0.0009731415211249792,2.1990063142173306,0.5312718771458935
-2733050.0000,2735,22.89823760423028,0.02955869967893217,294.68031441717244,-0.02685593415617464,0.012341651503657635,-0.5517623957697175,0.0008737167267093049,2.189672552020321,0.5219381149488838
-2735550.0000,2737.5,22.733856510341987,0.027985365738211157,256.1031573443545,-0.027163875423043576,-0.006720369088634349,-0.7161434896580126,0.0007831806955014429,2.155791289937368,0.48805685286593103
-2738050.0000,2740,22.660580652545345,0.02652473412205697,217.7816885645384,-0.01624934846729165,-0.020961760210013683,-0.789419347454654,0.0007035615202458133,2.097250323529235,0.4295158864577977
-2740550.0000,2742.5,22.69227829256849,0.025222478225687663,179.82181086726337,0.00007811582742060942,-0.02522016734292423,-0.7577217074315108,0.0006361734078452882,2.014164417161487,0.3464299800900501
-2743050.0000,2745,22.825704735607687,0.024115737170542145,142.29355924364057,0.014748113757179233,-0.01907782254219853,-0.6242952643923125,0.000581568779278668,1.9069223781400177,0.23918794106858066
-2745550.0000,2747.5,23.040939254295864,0.023228175982254868,105.20238831709634,0.022413408357702405,-0.006090798175864092,-0.4090607457041351,0.0005395481594626019,1.7762421074608437,0.10850767038940656
-2748050.0000,2750,23.305084033078288,0.022565997710706498,68.47663804950861,0.020990766709807557,0.008278219751280517,-0.14491596692171171,0.0005092242526796109,1.6232380404995812,-0.04449639657185589
-2750550.0000,2752.5,23.5780974918966,0.022116332950631964,31.97711768374097,0.011711507724871392,0.01875882762867596,0.12809749189660025,0.0004891321831832091,1.4495149475266942,-0.2182194895447429
-2753050.0000,2755,23.819236024270474,0.021848899532706703,355.5238497604439,-0.0017049914480078048,0.02178049477632483,0.3692360242704744,0.0004773744107903112,1.2573269877469024,-0.41040744932453466
-2755550.0000,2757.5,23.992856135266617,0.02172064876957017,318.92747926863876,-0.01426957779854978,0.016373398888209083,0.5428561352666179,0.00047178658297103015,1.0499143403707294,-0.6178200967007077
-2758050.0000,2760,24.072913800640116,0.021682013247596322,282.01377451812255,-0.02120534370467897,0.004512666376804917,0.6229138006401165,0.00047010969846894243,0.8323813961798994,-0.8353530408915377
-2760550.0000,2762.5,24.04599544645601,0.021683044845399655,244.6367587151235,-0.01959132999822077,-0.00928725068092949,0.595995446456012,0.00047015443376761257,0.6145097363585668,-1.0532247007128703
-2763050.0000,2765,23.91294649850147,0.02167821934529,206.6830141821706,-0.009733830340447547,-0.019367856729099877,0.46294649850146996,0.0004699451939825056,0.42169651310323636,-1.2460379239682007
-2765550.0000,2767.5,23.68914794645429,0.021629474192706076,168.0726392741999,0.00446975954067482,-0.02116055052076699,0.23914794645429183,0.0004678341538529382,0.33050069861010845,-1.3372337384613286
-2768050.0000,2770,23.4033394529794,0.021507648147363532,128.76148820697375,0.016769145137224592,-0.013464249776831201,-0.04666054702060052,0.00046257892883078995,0.4252010352963538,-1.2425334017750833
-2770550.0000,2772.5,23.09474019149301,0.021292749736997504,88.74667044227976,0.021285545137809316,0.00046561485340889926,-0.35525980850698957,0.0004533811913624073,0.6275353645201769,-1.0401990725512602
-2773050.0000,2775,22.808238108632935,0.020973486829878096,48.07418068103294,0.015602970329901752,0.014012297959656961,-0.6417618913670644,0.00043988714980307,0.8609534562643528,-0.8067809808070843
-2775550.0000,2777.5,22.587766049281587,0.02054638651041457,6.844601626614576,0.0024485363119589537,0.02039780017122137,-0.8622339507184122,0.0004221539986353459,1.0990174654399647,-0.5687169716314724
-2778050.0000,2780,22.468707697668698,0.02001471853591963,325.2110813276531,-0.011418139291710401,0.016435628451010514,-0.9812923023313012,0.0004005889580720848,1.3306423632253495,-0.33709207384608764
-2780550.0000,2782.5,22.47102349674691,0.01938734558228011,283.3650116114859,-0.0188602210507942,0.004481171000953721,-0.9789765032530902,0.00037586916872675607,1.549180132934385,-0.11855430413705204
-2783050.0000,2785,22.595157064807882,0.018677564496883126,241.5099104530259,-0.016414061403962746,-0.008908184869912454,-0.8548429351921172,0.000348851415535229,1.7496592232644597,0.08192478619302257
-2785550.0000,2787.5,22.822132409884397,0.01790196777144238,199.8304972190881,-0.006072620385020433,-0.016838537730635518,-0.6278675901156028,0.0003204804500897617,1.927980418373048,0.2602459813016109
-2788050.0000,2790,23.11773895715461,0.017079334864035657,158.46687636212914,0.006267911023316666,-0.015885739528902237,-0.3322610428453885,0.0002917036793978639,2.0806648553112197,0.4129304182397826
-2790550.0000,2792.5,23.43925077490537,0.016229552695010543,117.50058057226852,0.014394143812157647,-0.0074935771569934325,-0.010749225094627946,0.000263398380680124,2.20478457675485,0.5370501396834131
-2793050.0000,2795,23.742614097304717,0.015372560609495756,76.95286704178972,0.01497428233867917,0.003469815781961939,0.29261409730471755,0.00023631561969262053,2.297958902020947,0.6302244649495101
-2795550.0000,2797.5,23.988527537381117,0.014527317114943608,36.79105363675683,0.008699727971567603,0.011632564307624623,0.5385275373811176,0.00021104294255813348,2.3583735283195155,0.6906390912480784
-2798050.0000,2800,24.146740902463257,0.013710795463164773,356.93794780158123,-0.0007321045601791042,0.013689915087259452,0.696740902463258,0.00018798591223273973,2.3848042458772536,0.7170698088058165
-2800550.0000,2802.5,24.1986246267616,0.012937034630043968,317.28132605138694,-0.00877548276209622,0.00950398786028512,0.7486246267616004,0.0001673668650189569,2.376636858557714,0.7089024214862767
-2803050.0000,2805,24.13838892752691,0.012216300850425198,277.68286298678254,-0.01210545454640115,0.0016332280234653389,0.6883889275269119,0.00014923800646809944,2.3338792605762535,0.6661448235048164
-2805550.0000,2807.5,23.97332106619679,0.01155444581492898,237.98761778154676,-0.009796549994944191,-0.006124301080436427,0.5233210661967895,0.00013350521809012982,2.257163994314781,0.5894295572433439
-2808050.0000,2810,23.72320882583462,0.010952566186756779,198.03577448243095,-0.003390852155656779,-0.010413322643446247,0.27320882583462236,0.00011995870607528792,2.1477413518028197,0.4800069147313826
-2810550.0000,2812.5,23.418859389262963,0.010407056693808224,157.67779357804602,0.003952220025304063,-0.009626267663765106,-0.031140610737036667,0.00010830682902813857,2.0074649659057626,0.33973052883432553
-2813050.0000,2815,23.099415564394903,0.00991009511820147,116.79258820191387,0.008845212758642085,-0.004466755734465892,-0.35058443560509644,0.00009820998525180062,1.8387748027869777,0.1710403657155406
-2815550.0000,2817.5,22.808138507530238,0.009450512471491274,75.3060772823435,0.00914049029978705,0.0023967922177673853,-0.6418614924697614,0.00008931218597381212,1.6446885533214872,-0.02304588374994987
-2818050.0000,2820,22.586604046788917,0.009014918071616498,33.20513055879832,0.004936478522150407,0.007542024270977403,-0.8633959532110822,0.00008126874783795772,1.4288274006806234,-0.23890703639081368
-2820550.0000,2822.5,22.467907533006617,0.00858890443009724,350.5407337213278,-0.0014112710408557402,0.008471188841794739,-0.9820924669933824,0.00007376927930934401,1.1955451062549765,-0.47218933081646064
-2823050.0000,2825,22.47029564502649,0.00815816866150169,307.41580590581134,-0.006478780319176597,0.004956400803514473,-0.97970435497351,0.00006655571590950829,0.950374452450271,-0.7173599846211661
-2825550.0000,2827.5,22.59311977942984,0.00770944389429892,263.9581696905358,-0.00766574800865133,-0.0008112201593356663,-0.856880220570158,0.0000594355251593429,0.7016032279507489,-0.9661312091206882
-2828050.0000,2830,22.816590028632003,0.0072312064473117185,220.28545376718216,-0.0046752405139579446,-0.005515458112283777,-0.6334099713679961,0.000052290346683642564,0.46692069872851794,-1.2008137383429192
-2830550.0000,2832.5,23.105522801903284,0.006714185883246749,176.47156412989364,0.00041300401987559056,-0.006700682511762517,-0.3444771980967154,0.000045080292074789934,0.3058252717133434,-1.3619091653580937
-2833050.0000,2835,23.415876103605093,0.006151745466600087,132.52094566549982,0.0045333652729136345,-0.004157358458271344,-0.034123896394905984,0.00003784397228583472,0.35029466386727104,-1.317439773204166
-2835550.0000,2837.5,23.702202057186405,0.005540228893835751,88.34892438745413,0.005537271186396825,0.00015941302065861996,0.2522020571864054,0.00003069413619609251,0.5482507942361619,-1.1194836428352752
-2838050.0000,2840,23.924407222050426,0.004879414266016401,43.75708029201138,0.0033743546400851303,0.003523714670310768,0.4744072220504272,0.000023808683579404375,0.7835428873151948,-0.8841915497562423
-2840550.0000,2842.5,24.052939554107354,0.004173348233635507,358.37975441436697,-0.00011775280872733019,0.004171149513213892,0.6029395541073548,0.000017416835479188607,1.0210375430966687,-0.6466968939747684
-2843050.0000,2845,24.072167260409422,0.0034322663857823585,311.54638626959115,-0.0025682470546064965,0.002276238943965554,0.622167260409423,0.000011780452542971494,1.2492306634348629,-0.4185037736365742
-2845550.0000,2847.5,23.98202315748884,0.002677852936123073,261.9052767557871,-0.002650776671027857,-0.0003767387530342712,0.5320231574888403,0.000007170896347502962,1.4624396281334067,-0.20529480893803043
-2848050.0000,2850,23.797987659221228,0.001960203258087531,206.36559910226435,-0.0008705793649924611,-0.001755785125320403,0.34798765922122854,0.000003842396813016972,1.657059895516296,-0.010674541555141026
-2850550.0000,2852.5,23.54933257714172,0.0014154577445485332,138.16150043108865,0.0009436669975441778,-0.001054305150162711,0.09933257714171972,0.000002003520626602421,1.8305557096757978,0.16282127260436075
-2853050.0000,2855,23.27543590754936,0.0013374637402334389,55.83618861802029,0.0011061395233456553,0.0007508703732371431,-0.17456409245063753,0.0000017888092564392197,1.9811165465404958,0.31338210946905876
-2855550.0000,2857.5,23.020094903554174,0.0017983491870257298,342.429552195905,-0.0005430143616298743,0.0017139234146321162,-0.4299050964458253,0.0000032340597984761034,2.107510663810882,0.4397762267394447
-2858050.0000,2860,22.824251036635566,0.0025015430985593275,283.23458929150183,-0.0024347244129180913,0.0005723154677391836,-0.6257489633644333,0.000006257717873949801,2.209003142867937,0.5412687057965
-2860550.0000,2862.5,22.718344873388926,0.003263528447047079,230.97817323513686,-0.0025348966155524576,-0.002054662549983562,-0.7316551266110736,0.000010650617924685519,2.2852945638378968,0.6175601267664597
-2863050.0000,2865,22.716244307544088,0.0040097559964346035,181.9874851144324,-0.00013880167076876337,-0.004006791422850906,-0.7337556924559117,0.00001607814315094326,2.3364646945540093,0.6687302574825722
-2865550.0000,2867.5,22.8126998535506,0.004700580410134534,134.84244680109958,0.0033326508840045895,-0.003314073936979428,-0.6373001464493981,0.000022095456192140546,2.362916095965401,0.6951816588939641
-2868050.0000,2870,22.98523706136351,0.005308140873270325,88.96907691444352,0.005306613882984985,0.0000956688857423802,-0.46476293863648976,0.00002817635953048305,2.3653170789054183,0.6975826418339812
-2870550.0000,2872.5,23.199766845629995,0.005809888668264191,44.11058866564218,0.004043362723152984,0.004171080941574171,-0.2502331543700045,0.00003375480633762466,2.344545681041026,0.6768112439695888
-2873050.0000,2875,23.417982195635936,0.006186799728511477,0.13103431486820227,0.000014053462641431806,0.0061860682068711,-0.032017804364063096,0.00003827649088070968,2.3016375638710644,0.6339031267996273
-2875550.0000,2877.5,23.604447020363832,0.0064231229558736795,316.94492607475263,-0.004384618416719829,0.004692804896365806,0.15444702036383262,0.00004125650850627143,2.2377414691294013,0.5700070320579642
-2878050.0000,2880,23.73196551106915,0.006506759638761331,274.50088228754,-0.006485993940800388,0.0005105580173046109,0.28196551106914924,0.000042337920996613485,2.1540863869374727,0.4863519498660356
-2880550.0000,2882.5,23.784710321038908,0.006430036174877807,232.79259433671655,-0.005120708412511599,-0.0038878152591353002,0.33471032103890863,0.00004134536521023722,2.051965127032525,0.3842306899610879
-2883050.0000,2885,23.759218808488733,0.006190939695889232,191.8897800785203,-0.0012754781611771272,-0.006057495346343824,0.3092188084887333,0.00003832773431813706,1.9327399649334551,0.26500552786201803
-2885550.0000,2887.5,23.66364009466874,0.00579521473097587,151.99469360422768,0.0027207930617395722,-0.005116198566702841,0.21364009466874023,0.00003358451377811973,1.7978782909399442,0.13014385386850713
-2888050.0000,2890,23.5156538990748,0.005260376999069089,113.54404506259198,0.004821992746071524,-0.002101240862674926,0.06565389907479968,0.00002767156617233512,1.6490315077489388,-0.018702929322498285
-2890550.0000,2892.5,23.33944235224314,0.004624278080731329,77.3926644999263,0.004512488028141307,0.0010091025957733124,-0.11055764775685972,0.00002138394776793222,1.488182821792373,-0.17955161527906416
-2893050.0000,2895,23.16208045096733,0.003964283502520585,45.083149761178674,0.002807178330527389,0.00279885827357829,-0.2879195490326687,0.000015715543688356876,1.3179185357435648,-0.3498159013278723
-2895550.0000,2897.5,23.00974901311175,0.003434775995520977,18.756335562521826,0.001104455277592443,0.0032522478096750334,-0.44025098688824826,0.000011797686139407119,1.1419459355434913,-0.5257885015279458
-2898050.0000,2900,22.90423307451239,0.0032895621696199208,358.6227505352581,-0.00007908119838625668,0.003288542393781244,-0.5457669254876087,0.00001082121926779452,0.9661416600291968,-0.7015927770422403
-2900550.0000,2902.5,22.86017854859409,0.003734820010679568,338.7383624637414,-0.001354414545836957,0.0034804582913552738,-0.5898214514059106,0.000013948880512172529,0.8007460183815465,-0.8669884186898906
-2903050.0000,2905,22.883477381338682,0.0047144643977256595,312.91478802894426,-0.0034527042942007636,0.0032097833497711677,-0.5665226186613168,0.000022226174557422767,0.6645331908220784,-1.0032012462493587
-2905550.0000,2907.5,22.970931678534896,0.00604137755712199,281.1735466054222,-0.005926511962718034,0.0011702880737786497,-0.47906832146510325,0.00003649824278769726,0.5885330323969311,-1.079201404674506
-2908050.0000,2910,23.111084781334846,0.0075724480676754285,245.71184465498368,-0.00690146283611472,-0.0031148625511421566,-0.3389152186651536,0.00005734196973764133,0.6032242283647054,-1.0645102087067317
-2910550.0000,2912.5,23.28591419676069,0.00922067012281439,208.1856153827382,-0.004354411032002105,-0.008126792205564988,-0.16408580323930977,0.00008502075751376196,0.706000412675321,-0.9617340243961161
-2913050.0000,2915,23.47302968853074,0.010930084566400577,169.5609886847401,0.0019806873356497906,-0.010748093889841541,0.023029688530741055,0.00011946674862866809,0.8657864686359817,-0.8019479684354553
-2915550.0000,2917.5,23.648095472247896,0.01266068666520075,130.3783390477239,0.009644097576659832,-0.008200861601479544,0.19809547224789625,0.00016029298683439206,1.0543132468383472,-0.6134211902330899
-2918050.0000,2920,23.787320715953825,0.014381755924259295,90.93515200686005,0.01437848028644996,-0.00023422779576020742,0.33732071595382607,0.00020683490346496734,1.2542245594856616,-0.4135098775857755
-2920550.0000,2922.5,23.869956623279535,0.01606914109885097,51.38590436553352,0.012554411112247643,0.010027700859654884,0.41995662327953553,0.0002582172956547814,1.4550675408600136,-0.21266689621142354
-2923050.0000,2925,23.88075895765719,0.017704237906199856,11.7966337674996,0.0036186486339840934,0.01732874858705056,0.43075895765718997,0.00031344003983932385,1.6498410391922236,-0.017893397879213513
-2925550.0000,2927.5,23.81231947231251,0.019273647326583303,332.1771655655409,-0.00899527968212822,0.017043688086033036,0.36231947231251027,0.0003714734812695117,1.8332844098359042,0.16554997276446715
-2928050.0000,2930,23.66705504609845,0.020769040453612195,292.5028801883077,-0.019186002639384768,0.007947795250977142,0.2170550460984515,0.00043135304136377985,2.001111096961128,0.3333766598896908
-2930550.0000,2932.5,23.45849080424125,0.022186984705169086,252.7322370145564,-0.021184810207921533,-0.0065856617584895555,0.008490804241251482,0.000492262290307407,2.1496765230529586,0.48194208598152155
-2933050.0000,2935,23.211316530185922,0.023528591755849853,212.82329472937272,-0.012752122556909558,-0.019770436048495196,-0.2386834698140774,0.0005535946300134456,2.2758448385628482,0.6081104014914112
-2935550.0000,2937.5,22.959607247263065,0.02479890685494645,172.75032209376604,0.003129494797059798,-0.024598195422731187,-0.49039275273693406,0.00061498578120031,2.3769488761225026,0.7092144390510655
-2938050.0000,2940,22.742717476029505,0.02600600500924356,132.51926652915313,0.019166056854866054,-0.01757386550921733,-0.7072825239704947,0.0006763122965408011,2.450793810331384,0.7830593732599471
-2940550.0000,2942.5,22.598858430704105,0.027159805618540776,92.17826724075644,0.02713749766290808,-0.001031890118574757,-0.8511415692958941,0.0007376550412369191,2.495679784020594,0.8279453469491571
-2943050.0000,2945,22.557302018081327,0.028270667031909936,51.8178347658241,0.02221974708085349,0.01747441145071168,-0.8926979819186727,0.0007992306144291193,2.510430254680161,0.8426958176087238
-2945550.0000,2947.5,22.631209521425085,0.029347872132639036,11.55698685635491,0.005878755390642754,0.028750104465183016,-0.8187904785749147,0.000861297598713731,2.4944185280930475,0.8266840910216104
-2948050.0000,2950,22.813527561100436,0.03039815591026771,331.5173605087282,-0.014495499857656639,0.026716084769397113,-0.6364724388995633,0.0009240478827449438,2.4475880495420403,0.7798536124706033
-2950550.0000,2952.5,23.077603547511462,0.03142444440269852,291.79397388402776,-0.02917570256625642,0.011665587631202968,-0.3723964524885375,0.0009874957060182906,2.3704639253372424,0.7027294882658053
-2953050.0000,2955,23.382392387161342,0.03242496281626714,252.43343165253532,-0.030909915422020574,-0.009785638620226252,-0.0676076128386569,0.0010513782136363065,2.264154531203003,0.5964200941315658
-2955550.0000,2957.5,23.6804713733315,0.03339282846996011,213.42598403332545,-0.018392844095804727,-0.0278671715089901,0.23047137333150047,0.0011150809932241785,2.1303433356707755,0.4626088985993384
-2958050.0000,2960,23.92651999700076,0.034316180666122756,174.71087731541434,0.0031632720942360165,-0.03416694595216718,0.47651999700076075,0.0011776002555099773,1.9712726133922795,0.30353817632084246
-2960550.0000,2962.5,24.084456054719325,0.03517883073855592,136.19005870619884,0.02435115789583081,-0.025384014282510976,0.6344560547193261,0.0012375501321319668,1.7897231977575552,0.12198876068611808
-2963050.0000,2965,24.132355050293146,0.03596135799144704,97.74505684055066,0.03563011897823688,-0.0048457162870742115,0.6823550502931468,0.001293219268589012,1.588999362724632,-0.07873507434680516
-2965550.0000,2967.5,24.0649908640453,0.03664254201556527,59.25393313181513,0.03148918422432012,0.018731364559985964,0.6149908640452999,0.0013426758853624663,1.3729396085803454,-0.29479482849109173
-2968050.0000,2970,23.89412473424139,0.03720101149008222,20.607331589927753,0.013091998770333041,0.03481754697765183,0.44412473424139165,0.0013839152558852291,1.1460060751182726,-0.5217283619531645
-2970550.0000,2972.5,23.646661099987337,0.037616999334204614,341.72369318824053,-0.011795677625887957,0.03571607669089327,0.19666109998733816,0.0014150386389095502,0.9136067155836307,-0.7541277214878064
-2973050.0000,2975,23.360720513066696,0.037874115516639884,302.56342348047383,-0.031917181637424914,0.020383135788358226,-0.08927948693330379,0.001434448626167782,0.6831872695942316,-0.9845471674772055
-2975550.0000,2977.5,23.079781243736626,0.03796107320816935,263.140445753176,-0.037685755210533994,-0.00453348731558068,-0.3702187562633732,0.0014410430791159928,0.4683880581273371,-1.1993463789441
-2978050.0000,2980,22.845455671737998,0.03787332399867699,223.52784430370468,-0.026081158129715065,-0.02745700002005419,-0.6045443282620013,0.0014343886707087624,0.30690980763184883,-1.3608246294395883
-2980550.0000,2982.5,22.690136235471563,0.03761456772962313,183.85360348834865,-0.0025278281884798686,-0.03752592115420122,-0.7598637645284363,0.0014148557054864056,0.2910164657712615,-1.3767179713001756
-2983050.0000,2985,22.631304339031313,0.03719809635598182,144.28435538816336,0.02171270092702307,-0.030199247152611398,-0.818695660968686,0.0013836983725089079,0.42092158182943,-1.246812855242007
-2985550.0000,2987.5,22.669200189361028,0.036647901943616,104.99960051520202,0.03539588372520949,-0.009484205197570626,-0.7807998106389711,0.0013430687168688935,0.5933108061420975,-1.0744236309293396
-2988050.0000,2990,22.788543677769574,0.03599941739959288,66.1633098761742,0.03292579593609627,0.014546998413447667,-0.6614563222304248,0.0012959580531101105,0.7650552734831042,-0.9026791635883329
-2990550.0000,2992.5,22.963514346921343,0.035299657300951,27.900493683857917,0.016516747295998113,0.03119365708726002,-0.4864856530786561,0.0012460658055645831,0.9223956557455395,-0.7453387813258976
-2993050.0000,2995,23.16412612866555,0.0346063906070662,350.2825922469059,-0.005840506642990153,0.03410700643463789,-0.28587387133444864,0.0011976022708488395,1.0592368098561127,-0.6084976272153244
-2995550.0000,2997.5,23.36202861369095,0.03398584916440925,313.32073571902015,-0.02472341688084537,0.023315265682254345,-0.0879713863090501,0.001155037943425977,1.1721356008873647,-0.4955988361840724
-2998050.0000,3000,23.534459126877824,0.033508465134184956,276.96387916045524,-0.03325861543698727,0.0040624599676078125,0.08445912687782453,0.0011228172356488888,1.2589739767749746,-0.4087604602964625
-3003050.0000,3005,23.74841242050963,0.033245470948152944,205.56579615724672,-0.014345861804649345,-0.029988139131864426,0.29841242050963146,0.0011052613385644815,1.3502780165484354,-0.3174564205230017
-3008050.0000,3010,23.76122778877668,0.03419026907006559,134.66060550988408,0.024317214657799666,-0.02403054219643772,0.3112277887766801,0.0011689744990834837,1.3314371066750885,-0.33629733039634857
-3013050.0000,3015,23.598710948867993,0.0363493243872514,62.64273577452866,0.03228118116746119,0.016702822457242056,0.1487109488679934,0.0013212733834096293,1.20992498022316,-0.4578094568482771
-3018050.0000,3020,23.326260823067116,0.039368836562470484,348.44849401736155,-0.007883300160792672,0.03856799483960972,-0.12373917693288305,0.0015499052922825127,1.0007579172122318,-0.6669765198592053
-3023050.0000,3025,23.048555547451805,0.0427249405511594,271.80339156188074,-0.04269985743341852,0.0013439723422193255,-0.40144445254819416,0.0018254205451001047,0.7256791146899959,-0.9420553223814412
-3028050.0000,3030,22.901229777239386,0.04591379324177048,193.0860837060667,-0.010394157974599352,-0.04471724549171473,-0.5487702227606128,0.0021080764098480487,0.41888981978309037,-1.2488446172883467
-3033050.0000,3035,22.98549835387535,0.04855079768547732,113.13082904912676,0.04464355850575965,-0.01907014382389774,-0.46450164612464917,0.00235717995589615,0.21863548443926176,-1.4490989526321754
-3038050.0000,3040,23.272892951707266,0.05039934858098333,32.912784747306034,0.02738223947425691,0.042306159164163235,-0.17710704829273283,0.002540094337387466,0.4379824864266781,-1.229751950644759
-3043050.0000,3045,23.58619077638766,0.05136519884207734,313.09127310414794,-0.037506709867656335,0.03508734473018321,0.13619077638766086,0.002638383652086143,0.7786766617751517,-0.8890577752962854
-3048050.0000,3050,23.70828379564191,0.05147453423611588,233.7209918120866,-0.04149199714664689,-0.030455454691431984,0.25828379564191195,0.002649627674825066,1.1195198556007953,-0.5482145814706418
-3053050.0000,3055,23.540322314601234,0.050841858334836086,154.35470268249708,0.022002044019663186,-0.04582909764654421,0.09032231460123441,0.0025848945589395417,1.4397595854662861,-0.22797485160515096
-3058050.0000,3060,23.190884082860315,0.04963060151954991,74.44524700498204,0.047808222825368535,0.013307397057822705,-0.2591159171396846,0.00246319660719235,1.7301264715303544,0.06239203445891728
-3063050.0000,3065,22.921437052256394,0.04801073644319661,353.8402274670407,-0.0051508545692995865,0.04772882504767001,-0.5285629477436053,0.002305030813818087,1.9833967313155787,0.3156622942441416
-3068050.0000,3070,22.951198492213976,0.046120646787223524,273.0389417843792,-0.046051214765485224,0.002445109021654263,-0.4988015077860233,0.0021271140600718315,2.1916764115788947,0.5239419745074576
-3073050.0000,3075,23.26492927027304,0.04404250184994658,192.84264733651025,-0.009788861070697319,-0.042936521325198575,-0.18507072972695937,0.0019397419692025481,2.3455666677969145,0.6778322307254774
-3078050.0000,3080,23.62445308434146,0.041798811568885874,113.65881455914393,0.03828193354995715,-0.01677213345651531,0.17445308434146156,0.0017471406485712276,2.4347408135150816,0.7670063764436446
-3083050.0000,3085,23.772566815025893,0.03937189635368289,35.2384217258562,0.022714967266044474,0.032154121588218905,0.322566815025894,0.0015501462224851482,2.449681970621208,0.7819475335497708
-3088050.0000,3090,23.62191574389595,0.03674071641757702,317.01921143928064,-0.025045486815256653,0.02687660547332276,0.17191574389595132,0.0013498802428768136,2.384221885312114,0.7164874482406769
-3093050.0000,3095,23.292959008011096,0.033925733614424455,238.66989152237238,-0.028976370437417964,-0.017638310599900245,-0.15704099198890376,0.0011509554012768895,2.238584357529729,0.5708499204582917
-3098050.0000,3100,23.004433583839706,0.03103388422956338,160.48574755924187,0.010365276818261791,-0.029248680313964694,-0.44556641616029324,0.0009631019703739426,2.022987340951922,0.3552529038804848
-3103050.0000,3105,22.90714795014359,0.028297510251662356,83.37191002034103,0.028105929937573163,0.003265590784588329,-0.5428520498564104,0.0008007490864429362,1.762560482833623,0.0948260457621859
-3108050.0000,3110,22.99951327216048,0.026091527708301622,8.283391851884119,0.003758905060555234,0.025817148407895278,-0.45048672783951815,0.0006807678181530713,1.504892888704794,-0.162841548366643
-3113050.0000,3115,23.188609448764034,0.02488120644834583,295.38063949515947,-0.022477867175000707,0.010664048638671068,-0.2613905512359658,0.0006190744343252061,1.3265468344827482,-0.34118760258868885
-3118050.0000,3120,23.398350494297915,0.02504004782944693,223.53757890896486,-0.017246900215293563,-0.018150746895292065,-0.05164950570208404,0.00062700399530099,1.3092216628064395,-0.3585127742649976
-3123050.0000,3125,23.596229176673617,0.026614176883583383,150.936428118315,0.012927811094229458,-0.023260902926613074,0.1462291766736179,0.0007083144111906641,1.4633372198344676,-0.20439721723696946
-3128050.0000,3130,23.738067565716317,0.02928242555809918,76.33515968570782,0.02845098292215916,0.0069175237040478114,0.2880675657163181,0.00085746044656562,1.713568788459611,0.04583435138817382
-3133050.0000,3135,23.73432804778584,0.03254979101257829,359.4381868126434,-0.0003195950053696085,0.03254520416847294,0.2843280477858414,0.0010594888949625222,1.9742371891566903,0.30650275208525324
-3138050.0000,3140,23.509745400809962,0.03593904360857843,280.3265796174669,-0.035353522192702436,0.006441296056545096,0.05974540080996249,0.001291614855499302,2.186020721808696,0.5182862847372589
-3143050.0000,3145,23.112569746990722,0.03906741771012391,199.06718183655846,-0.012760701395426292,-0.036920357502252005,-0.337430253009277,0.0015262631265373033,2.3134609670852475,0.6457265300138104
-3148050.0000,3150,22.755550781551918,0.0416545200395127,115.88812990472917,0.0374705386547991,-0.01818475791308996,-0.6944492184480815,0.001735099039722165,2.3384384784172356,0.6707040413457985
-3153050.0000,3155,22.696472950038213,0.04351259113637038,31.561830288444753,0.022772631142409176,0.037072107464153195,-0.7535270499617859,0.0018933455874009378,2.2563965480900077,0.5886621110185706
-3158050.0000,3160,23.013034937462024,0.044536970079170436,307.3413957337443,-0.035404738407211075,0.027011520733873255,-0.4369650625379755,0.0019835417038329226,2.0740262727942373,0.40629183572280025
-3163050.0000,3165,23.5039090697571,0.04469809115968238,224.2439500175028,-0.031183322685342706,-0.03201728503531165,0.053909069757100525,0.001997919353319276,1.8072299344110778,0.13949549733964073
-3168050.0000,3170,23.84743159611193,0.04403210051126239,142.45392191776108,0.026830311079503746,-0.03490802420049364,0.39743159611193235,0.0019388258754339137,1.4788752214414242,-0.18885921563001284
-3173050.0000,3175,23.84825597400952,0.042627267283314674,61.444470826484235,0.03743822949310111,0.020374026404191208,0.39825597400951906,0.0018170839160431495,1.1162575100796785,-0.5514769269917585
-3178050.0000,3180,23.557791284431957,0.04060488562851613,340.5232098427459,-0.01353702413425334,0.03827761663673479,0.10779128443195773,0.0016487567369048756,0.7484119627043571,-0.91932247436708
-3183050.0000,3185,23.209075383898067,0.0380957219052757,259.3700784262094,-0.03743827614728745,-0.0070262299981402225,-0.24092461610193183,0.0014512840274841028,0.4036947014343276,-1.2640397356371094
-3188050.0000,3190,23.024191696016143,0.03521605906696329,178.27516370657122,0.0010594532241785266,-0.03519661084774964,-0.4258083039838567,0.0012401708162078473,0.11203916838288276,-1.5556952686885543
-3193050.0000,3195,23.04795610872792,0.03205032665594676,97.87248287920835,0.03174511651282099,-0.004389923286176271,-0.4020438912720792,0.0010272234387528913,0.14118422228752575,-1.5265502147839114
-3198050.0000,3200,23.163782417881727,0.028648786223404478,18.64007453301417,0.009156381004299555,0.02714331065007071,-0.2862175821182724,0.0008207529520743302,0.29429547342503476,-1.3734389636464024
-3203050.0000,3205,23.25279590723506,0.025047809915315532,300.79847864356043,-0.02151320542068445,0.01282424674796068,-0.1972040927649381,0.0006273927815537791,0.370203705654377,-1.29753073141706
-3208050.0000,3210,23.304034468244076,0.02131892471777148,224.76935448599534,-0.015013018083133144,-0.015133683716778926,-0.1459655317559232,0.0004544965511220078,0.3697859139910461,-1.2979485230803909
-3213050.0000,3215,23.37385815342276,0.017657367196398027,151.80837625220806,0.008340710692064532,-0.015561737255936039,-0.0761418465772401,0.0003117826163084331,0.3045294696647701,-1.3632049674066669
-3218050.0000,3220,23.47000772524523,0.014530449123156696,84.22158283493548,0.014455740616749289,0.0014625670737626875,0.02000772524523242,0.00021113395172064518,0.2013298599921099,-1.4664045770793273
-3223050.0000,3225,23.51050679729574,0.012813868512985646,23.514737515856098,0.005112339363876891,0.011749141118455195,0.06050679729574071,0.00016419522626808498,0.1592579119290139,-1.5084765251424233
-3228050.0000,3230,23.412758498183166,0.013355676209464864,324.96149494129304,-0.007667568932640774,0.010934462878848271,-0.03724150181683328,0.00017837408701206576,0.29401470707826194,-1.3737197299931752
-3233050.0000,3235,23.212352119045057,0.015895592761787987,260.23770034665745,-0.015664220455006754,-0.002695456460345841,-0.23764788095494183,0.00025266986924860665,0.49943985211351205,-1.1682945849579252
-3238050.0000,3240,23.071660223865756,0.01936651001358318,187.68214879042807,-0.0025881676959648757,-0.01919108369986447,-0.3783397761342435,0.0003750617101062176,0.7261345714451708,-0.9415998656262663
-3243050.0000,3245,23.138961362424027,0.022865665348379978,109.90673868963125,0.021497486833788715,-0.00778435487638638,-0.3110386375759724,0.0005228386518241049,0.961829702349867,-0.7059047347215701
-3248050.0000,3250,23.384127612034582,0.025813054572581887,29.451762374013356,0.012690448517901179,0.022475150416345603,-0.06587238796541683,0.0006663137863670907,1.2014880978994378,-0.4662463391719993
-3253050.0000,3255,23.60073199083761,0.027841744686039466,307.6953254355444,-0.022028292974366433,0.017022259423716546,0.1507319908376097,0.0007751627471626069,1.4407281276925792,-0.2270063093788579
-3258050.0000,3260,23.586298567198245,0.02873368625687845,224.87711645469494,-0.02027198145301616,-0.020359182437926775,0.13629856719824573,0.0008256247259087256,1.672672058359109,0.004937621287671945
-3263050.0000,3265,23.32251443658543,0.02839693729115915,140.59182049698518,0.018025433253452162,-0.021938358440936404,-0.12748556341457018,0.0008063860475180251,1.8864979463401523,0.21876350926871524
-3268050.0000,3270,23.003955830023216,0.026857272215462975,54.42724541520994,0.02184276014619816,0.015621781767579297,-0.4460441699767834,0.0007213130708554795,2.067702411849751,0.3999679747783138
-3273050.0000,3275,22.886783665167425,0.024252866573614466,326.38945473427,-0.013423038020871133,0.020196089899029216,-0.5632163348325747,0.0005882015370375459,2.1998300448178023,0.5320956077463652
-3278050.0000,3280,23.067920564995884,0.02083265557679015,236.68547224463418,-0.017407332614976484,-0.011440096577903467,-0.38207943500411545,0.0004339995383811657,2.2671577260828197,0.5994232890113826
-3283050.0000,3285,23.407144716650812,0.016972516800678468,144.76751239361255,0.009789540081273057,-0.013861973615863579,-0.04285528334918709,0.00028806632654931283,2.257832822629074,0.5900983855576367
-3288050.0000,3290,23.669388775238374,0.013249536664307025,48.2509726072077,0.00988394731746407,0.008820667515502745,0.2193887752383752,0.00017555022181881615,2.167191999892953,0.4994575628215161
-3293050.0000,3295,23.716514904500514,0.010617835604142794,303.2625007164254,-0.008876474753027275,0.005822821036386968,0.2665149045005144,0.00011273843291660236,2.0013837100457827,0.33364927297434566
-3298050.0000,3300,23.57369342154191,0.010265291980197908,191.60289769450787,-0.0020640619707754707,-0.01005367343005458,0.12369342154191187,0.00010537621943871549,1.782022079900091,0.11428764282865389
-3303050.0000,3305,23.357284998866255,0.012240807537234954,85.11736987871092,0.012194432017658359,0.0010421970598668531,-0.09271500113374387,0.00014983736916362805,1.5529891710285457,-0.11474526604289137
-3308050.0000,3310,23.161124865542607,0.015364994332702678,347.86626238386543,-0.0032297373004179434,0.015019612391350658,-0.2888751344573919,0.0002360830508439854,1.3863350068340483,-0.2813994302373888
-3313050.0000,3315,23.01310775774985,0.018733462259589332,256.59361186455146,-0.01822064074230724,-0.004343448449762362,-0.4368922422501491,0.00035094260823145785,1.3633389674616856,-0.3043954696097515
-3318050.0000,3320,22.92757240159837,0.02192010759954846,168.5086108480789,0.004366883482127324,-0.02147813979918982,-0.5224275984016309,0.0004804911171757822,1.5071284198436454,-0.16060601722779166
-3323050.0000,3325,22.961682549795057,0.024718544161290462,82.13733669788502,0.02448336554432881,0.0033814739441851835,-0.4883174502049421,0.0006110064254536667,1.7562719435636986,0.08853750649226155
-3328050.0000,3330,23.177318271731583,0.02699703949556449,356.92593238542827,-0.0014479005951077276,0.026955233180570637,-0.27268172826841663,0.0007288401415250689,2.027423706790758,0.359689269719321
-3333050.0000,3335,23.53496382417631,0.02863786313430344,272.8248756541386,-0.02860003203261576,0.0014110348559903973,0.08496382417630954,0.000820127204899096,2.257490919827568,0.589756482756131
-3338050.0000,3340,23.855124626479054,0.029518318408643815,189.76348539444803,-0.005005173600569388,-0.02908776442110151,0.40512462647905423,0.0008713311216740804,2.406133409995711,0.7383989729242737
-3343050.0000,3345,23.920441868788743,0.029515358421574704,107.29575470651577,0.028177821556677238,-0.008774196470882354,0.4704418687887433,0.0008711563827540209,2.4505094001143464,0.7827749630429093
-3348050.0000,3350,23.639188771682242,0.028523243184803954,24.65825497801302,0.01189899170677202,0.025919466540676832,0.18918877168224313,0.0008135754017794651,2.3817427593140743,0.7140083222426372
-3353050.0000,3355,23.142746635458728,0.02647594531870435,301.167358700685,-0.02265175591887107,0.01370120184245856,-0.30725336454127117,0.0007009756805190227,2.202741725334773,0.5350072882633361
-3358050.0000,3360,22.73438761284273,0.023368329800503965,216.7824384303276,-0.01399134851993335,-0.018713685114758294,-0.7156123871572682,0.0005460788376651217,1.9263141784755875,0.2585797414041504
-3363050.0000,3365,22.682508219689474,0.01927426883936019,132.55851154190236,0.014195221655343601,-0.013035115604638691,-0.7674917803105252,0.0003714974392919312,1.573076677556983,-0.09465775951445399
-3368050.0000,3370,23.002455648023748,0.014370765391150274,50.793534585521286,0.011134909250580829,0.009082571677754298,-0.4475443519762514,0.0002065188979274825,1.169061479328841,-0.4986729577425961
-3373050.0000,3375,23.453367272217374,0.00903686200166378,336.6196595413369,-0.0035853241702364803,0.008294541400550578,0.0033672722173747616,0.00008166487483711469,0.7432326002554697,-0.9245018368159674
-3378050.0000,3380,23.74964861013789,0.004732599881904085,292.48015512543793,-0.004372953525819541,0.0018096096933421235,0.2996486101378899,0.00002239750164219856,0.32634700617654094,-1.341387430894896
-3383050.0000,3385,23.758578073856434,0.006610453928679922,274.86983152610856,-0.0065864016909932994,0.000560765513744159,0.30857807385643454,0.000043698101143199814,0.09648321879767062,-1.5712512182737666
-3388050.0000,3390,23.54354449406852,0.012127194673624827,210.41193314122097,-0.006137769908301488,-0.010458088095217973,0.09354449406852083,0.00014706885065199438,0.41003509904879964,-1.2576993380226376
-3393050.0000,3395,23.274648148100894,0.01790728356240319,131.59614347276192,0.013391006945958359,-0.01188640617149726,-0.17535185189910507,0.00032067080458431546,0.6740916449727441,-0.993642792098693
-3398050.0000,3400,23.09701494109763,0.023290972067897153,48.519998271122404,0.017446916199706175,0.015425871935725166,-0.35298505890236953,0.0005424693798675654,0.8617188664676055,-0.8060155706038316
-3403050.0000,3405,23.057066464982704,0.028023869503999405,323.8264030241103,-0.01653933188769495,0.022618898917525575,-0.39293353501729555,0.0007853372619771879,0.9691944150615877,-0.6985400220098494
-3408050.0000,3410,23.126442152028662,0.031978461992109256,238.57683586112285,-0.027285201612337336,-0.016670721852035116,-0.3235578479713368,0.0010226220313807762,0.9986832205402059,-0.6690512165312312
-3413050.0000,3415,23.262050876974392,0.035110325321115875,153.2656146771585,0.015793171439636624,-0.03135343439497876,-0.18794912302560718,0.0012327349441545905,0.9559743148076687,-0.7117601222637684
-3418050.0000,3420,23.422399606185643,0.03744040028608203,68.16275709558931,0.03474990936742753,0.013925491604058449,-0.02760039381435675,0.0014017835735820514,0.8486795793983681,-0.819054857673069
-3423050.0000,3425,23.543181634636696,0.03903787189802865,343.40138434075766,-0.011150725121933974,0.03740701251288507,0.09318163463669649,0.0015239554423268952,0.685275902062799,-0.9824585350086381
-3428050.0000,3430,23.539108755170858,0.04000008434949545,258.90221686447137,-0.039247803215618896,-0.007698637954605391,0.0891087551708587,0.001600006747966751,0.47723222741980564,-1.1905022096516316
-3433050.0000,3435,23.366035751991035,0.04043055528919514,174.3362566431539,0.003989686406320479,-0.04022877850855057,-0.0839642480089644,0.001634629800992665,0.26151623191069717,-1.40621820516074
-3438050.0000,3440,23.095954590007125,0.04041774128621721,89.29265123112867,0.04041017547765446,0.0004988801458723454,-0.3540454099928745,0.0016335938106795873,0.26318693926691084,-1.4045474978045263
-3443050.0000,3445,22.915941962206603,0.040017785444545304,3.630882183629353,0.0025340668735680597,0.039932967216692296,-0.5340580377933968,0.0016014231518856619,0.5518060507634825,-1.1159283863079545
-3448050.0000,3450,23.002994656322045,0.03924423125856075,277.74971567215107,-0.038881422962395884,0.005291478962015891,-0.4470053436779544,0.0015401096870753964,0.9108444732503134,-0.7568899638211237
-3453050.0000,3455,23.35474963721355,0.03806658396028313,192.3917430467245,-0.008168188490333687,-0.03717563026978704,-0.09525036278644805,0.001449064814405285,1.288677711193523,-0.37905672587791406
-3458050.0000,3460,23.753388801081464,0.036417933070805784,108.04638632181923,0.03462259707159787,-0.011280855694076048,0.30338880108146427,0.0013262658491496897,1.6592380590387439,-0.008496378032693208
-3463050.0000,3465,23.917993462780096,0.034210289802428975,24.575149341134534,0.014226425961454223,0.031107971082886942,0.4679934627800968,0.001170343928366176,1.997556370957208,0.32982193388577086
-3468050.0000,3470,23.705282220184127,0.031355571883953506,301.3818221275642,-0.026765685651406204,0.0163267360151901,0.25528222018412805,0.0009831718881697757,2.2783232374869797,0.6105888004155426
-3473050.0000,3475,23.21454890124055,0.02779089075261058,217.92892847150597,-0.017081235931216635,-0.021918040844989058,-0.23545109875944803,0.0007723336088235362,2.4775158948111393,0.8097814577397022
-3478050.0000,3480,22.74267253764445,0.023510290888140155,134.41920784305734,0.01678970882353771,-0.016453665437255877,-0.7073274623555506,0.000552733777644966,2.5747054164167977,0.9069709793453606
-3483050.0000,3485,22.595141919043797,0.018617850787020124,52.58886117620892,0.014787091573263352,0.01130924382452846,-0.8548580809562019,0.00034662436792774585,2.5553699271398314,0.8876354900683943
-3488050.0000,3490,22.86305160588455,0.013474573988815877,336.90036235300806,-0.005285542606476567,0.012393553467802201,-0.5869483941154492,0.0001815641441800734,2.412880336513271,0.7451458994418338
-3493050.0000,3495,23.36780920459109,0.009290200172770604,277.6128790405885,-0.009207983419970093,0.001230940453635802,-0.08219079540890917,0.00008630781925014696,2.1500304182170176,0.4822959811455805
-3498050.0000,3500,23.81967714332253,0.009232963410607628,237.8743423832949,-0.007818917388097797,-0.004909926364939272,0.3696771433225301,0.00008524761334161924,1.7803651652739665,0.1126307282025294
-3503050.0000,3505,24.00703178261392,0.013879521166328884,182.75276855456036,-0.0006658680549291541,-0.013862627259843902,0.5570317826139224,0.0001926411078065715,1.3309340760895663,-0.3368003609818708
-3508050.0000,3510,23.874463738032517,0.020202472539491055,111.16403186872628,0.01883848718275053,-0.007292432174800509,0.424463738032518,0.00040813989670889016,0.856039732788217,-0.8116947042832201
-3513050.0000,3515,23.502454161157644,0.02673948933095285,32.66475067370851,0.01442971967286083,0.022508714797164035,0.05245416115764456,0.0007150002896801413,0.528597872635961,-1.139136564435476
-3518050.0000,3520,23.05269330033704,0.032890298771336424,310.7500054595657,-0.024914468968965903,0.021466568265193997,-0.39730669966295906,0.0010817717532677744,0.7064507895312879,-0.9612836475401492
-3523050.0000,3525,22.714478208532658,0.03830479715041658,226.86290591298098,-0.02794822526233147,-0.02618844904168515,-0.7355217914673418,0.001467257484734562,1.148862442652443,-0.5188719944189941
-3528050.0000,3530,22.64633556701682,0.04275037106952431,142.02739491024755,0.02630121041052254,-0.03369627013284534,-0.8036644329831795,0.0018275942265820213,1.5905638886937818,-0.07717054837765525
-3533050.0000,3535,22.9016270081243,0.046083036895770285,57.24530795133995,0.038751161639581776,0.024930552950268227,-0.5483729918756985,0.0021236462895369256,1.957801034442292,0.29006659737085494
-3538050.0000,3540,23.37459500592154,0.048237316812217435,333.3470726629939,-0.021636447309266657,0.04310697394945392,-0.07540499407845758,0.0023268387332422346,2.2191056381763397,0.5513712011049026
-3543050.0000,3545,23.83101701795459,0.04921493370392098,250.6727177019386,-0.04643656285541344,-0.016286741634144355,0.38101701795459064,0.002422109699481337,2.3589143839987594,0.6911799469273223
-3548050.0000,3550,24.02589359630473,0.04906780326484764,168.94428339620913,0.009408365707796068,-0.048152311648821215,0.5758935963047307,0.0024076493172377924,2.3728070816059823,0.7050726445345452
-3553050.0000,3555,23.83905532766606,0.047876364605193816,87.42440342874437,0.04782314701792905,0.0021509855202067616,0.38905532766606044,0.002292146287809455,2.2657465213769217,0.5980120843054846
-3558050.0000,3560,23.358178308416605,0.04572727449104182,5.2610900253669115,0.0041928703325256125,0.045529855927361695,-0.09182169158339448,0.002090983632379084,2.0504881828710824,0.3827537457996453
-3563050.0000,3565,22.85975892950328,0.04269590660474812,281.9400257614408,-0.04176758508068599,0.008832805646412735,-0.5902410704967203,0.001822940440801374,1.7457094808426912,0.07797504377125408
-3568050.0000,3570,22.6566814810218,0.038838610665336004,197.68332939865354,-0.011796771764550648,-0.036999271955887904,-0.7933185189782002,0.0015084376784135515,1.3740118850760437,-0.29372255199539343
-3573050.0000,3575,22.872944921519572,0.03419713784757589,113.3718452841344,0.03138758453185908,-0.013565114677930347,-0.5770550784804271,0.001169444236966107,0.9604603958350673,-0.7072740412363698
-3578050.0000,3580,23.3433023296998,0.028813799918369663,29.831506292009237,0.014332670967969103,0.02499270315414029,-0.10669767030019983,0.0008302350657358395,0.5351279273269356,-1.1326065097445015
-3583050.0000,3585,23.750502002099317,0.02275241459951064,307.19466930305657,-0.01812183461317527,0.013753712777393576,0.3005020020993179,0.000517672370108025,0.2005097542899829,-1.4672246827814541
-3588050.0000,3590,23.85149498223425,0.016118440668645945,224.94915049312158,-0.011386863275914535,-0.011405695956099905,0.40149498223425084,0.00025980412958865955,0.41784630054001265,-1.2498881365314245
-3593050.0000,3595,23.6098509258389,0.009072555767438133,142.53112530936409,0.005517719331739102,-0.007200624957319381,0.15985092583889937,0.00008231126815327494,0.7904478348810957,-0.8772866021903414
-3598050.0000,3600,23.19356105714151,0.0018412558734533977,63.82337418708357,0.0016526500164438128,0.0008115584642798245,-0.256438942858491,0.0000033902231915266344,1.1348952323818384,-0.5328392046895987
-3603050.0000,3605,22.86748111757499,0.005346672807658417,149.03987035346506,0.0027511345889744817,-0.00458390499166364,-0.5825188824250098,0.000028586910112153938,1.4278179415866645,-0.23991649548477256
-3608050.0000,3610,22.830903338745117,0.012144698211622182,64.08273039865344,0.01092160580851868,0.005308400383570211,-0.6190966612548827,0.00014749369465137904,1.6558909137430295,-0.011843523328407546
-3613050.0000,3615,23.096086330943393,0.018272079637506752,338.162738165016,-0.006796723791861744,0.016958730384986374,-0.35391366905660604,0.0003338688942793889,1.8075989945475388,0.13986455747610171
-3618050.0000,3620,23.497866844897274,0.023446576040893057,252.6068793912351,-0.02237182701939506,-0.0070086755650309845,0.047866844897274774,0.0005497419280413804,1.8724883541114492,0.2047539170400121
-3623050.0000,3625,23.80956004662218,0.027436543200904665,167.56235097564456,0.005909036101008101,-0.026789586960729916,0.3595600466221818,0.000752763902815108,1.8419457544763644,0.17421131740492735
-3628050.0000,3630,23.8628544228256,0.030082366650849575,82.64136568471434,0.029831280021720908,0.003852799049505291,0.4128544228255997,0.0009049487833161467,1.7106074661562252,0.04287302908478807
-3633050.0000,3635,23.61616435878976,0.03131191995976188,357.20087589482637,-0.0015290080548404212,0.031271040234109454,0.16616435878976077,0.0009804363315665345,1.4779319816093843,-0.18980245546205277
-3638050.0000,3640,23.173838538804887,0.031147868255204124,270.5865954693187,-0.03114261314994736,0.00031897640605739865,-0.2761614611951124,0.0009701896968435528,1.1495838887895047,-0.5181505482819324
-3643050.0000,3645,22.756914089485804,0.029707067797143,182.37715829088415,-0.001232334575182326,-0.02967790580672884,-0.6930859105141955,0.0008825098771040507,0.7385710175042939,-0.9291634195671432
-3648050.0000,3650,22.607361673074386,0.02719459230364437,92.56958544954364,0.027163837638537785,-0.001219521703596558,-0.8426383269256128,0.0007395458505614337,0.26989720356438507,-1.397837233507052
-3653050.0000,3655,22.842152500144564,0.023898434738655078,1.4433216102993924,0.0006024493220723852,0.023887775689483033,-0.6078474998554348,0.0005711351829577558,0.27270703068257807,-1.395027406388859
-3658050.0000,3660,23.3586879963822,0.020197352863634152,268.9098862713613,-0.020191018405528123,-0.00038359028681748367,-0.0913120036177979,0.0004079330626981507,0.789525954323947,-0.8782084827474901
-3663050.0000,3665,23.887645321467836,0.016604424760321014,173.72405125157388,0.001814325800991738,-0.016502596553116117,0.4376453214678371,0.00027570692162116157,1.2900622505052584,-0.37767218656617874
-3668050.0000,3670,24.148736230967472,0.013856072820250734,73.59343670011913,0.01328982429528508,0.003912683691498884,0.698736230967473,0.00019199075400009113,1.7360314861785457,0.06829704910710865
-3673050.0000,3675,23.993065591664962,0.012857838996169622,328.21057494712034,-0.0067723405738353715,0.010927133466998635,0.5430655916649627,0.00016532402365142024,2.097082283130586,0.4293478460591489
-3678050.0000,3680,23.475365231199877,0.01401557344922181,222.88736078589284,-0.009536604257188561,-0.010267703736406602,0.02536523119987777,0.00019643629911053137,2.3485689164982126,0.6808344794267756
-3683050.0000,3685,22.84730481293883,0.016741596893955886,122.30690210489973,0.014148174025046662,-0.00894583964782854,-0.602695187061169,0.00028028106655971337,2.4732989946700146,0.8055645575985775
-3688050.0000,3690,22.45320139415828,0.020196107920084836,26.108448409547123,0.008885989809045244,0.018133146624767782,-0.9967986058417182,0.00040788277511971346,2.46298053541911,0.7952460983476728
-3693050.0000,3695,22.530129697681193,0.023820932665617005,293.04727509147256,-0.021917016484059852,0.009323947261572388,-0.919870302318806,0.0005674368330598593,2.3189800942112284,0.6512456571397913
-3698050.0000,3700,23.03490676234238,0.02728936411061715,202.72585108935766,-0.010540741271882034,-0.025167884945644772,-0.41509323765761863,0.0007447093935618395,2.0523270057882597,0.38459256871682257
-3703050.0000,3705,23.671167230903073,0.030384977172246565,114.85526148869116,0.0275675065532711,-0.012769780015054352,0.22116723090307389,0.0009232468377579448,1.6831353587333024,0.015400921661865352
-3708050.0000,3710,24.090600709928694,0.03293980816597121,28.686776104842977,0.015809740016705928,0.028893606480738833,0.6406007099286946,0.0010850309620109835,1.2402405124916376,-0.4274939245797995
-3713050.0000,3715,24.086150225927504,0.03481351323071412,303.10664609699984,-0.029158587435658703,0.019012797536919656,0.6361502259275049,0.001211980703465107,0.7654529090524346,-0.9022815280190025
-3718050.0000,3720,23.68063555042783,0.035892163408942905,216.97888311033535,-0.021587325924304353,-0.02866949106746235,0.2306355504278308,0.00128824739417426,0.3684214539451661,-1.299312983126271
-3723050.0000,3725,23.109873973967645,0.03609437992663672,129.5187889855755,0.027840454757885685,-0.022965288245451257,-0.34012602603235464,0.001302804262288396,0.46895357752620564,-1.1987808595452314
-3728050.0000,3730,22.702165849071953,0.03537790491219716,40.64098072510143,0.0230395694061191,0.02684156592266574,-0.7478341509280462,0.001251596155976464,0.865705811133545,-0.8020286259378921
-3733050.0000,3735,22.67971882139983,0.033742950005063346,311.0328336139403,-0.02545010892726878,0.022149492100508816,-0.7702811786001682,0.0011385866750442046,1.2445337073003213,-0.4232007297711158
-3738050.0000,3740,23.01185019932445,0.031230929299638596,221.664255646141,-0.020759045452177285,-0.023328043225080138,-0.43814980067555,0.0009753709449190246,1.551425207230178,-0.11630922984125913
-3743050.0000,3745,23.460981527783012,0.027918822755534756,133.0738586312496,0.020391169422946914,-0.01906505109952064,0.010981527783012979,0.0007794606640549653,1.7683939215541242,0.10065948448268713
-3748050.0000,3750,23.765623912022512,0.023910516775900552,45.10826599830472,0.016937682772566375,0.01687285841201498,0.31562391202251305,0.0005717128124906217,1.8883998560188067,0.22066541894736957
-3753050.0000,3755,23.787651932593853,0.019327109574218855,317.1320358090412,-0.013146343621864948,0.01416411613952127,0.33765193259385384,0.0003735371644938621,1.9108251429040939,0.2430907058326568
-3758050.0000,3760,23.55076269706558,0.014298777156575682,228.24906626149266,-0.010666787835233046,-0.009519691769665172,0.10076269706557994,0.00020445502817341052,1.839279448459087,0.17154501138765
-3763050.0000,3765,23.199688634348036,0.008964613788671215,136.90994034054097,0.006122680807811368,-0.006546416338993874,-0.25031136565196377,0.00008036430038003407,1.6800134016455623,0.01227896457412525
-3768050.0000,3770,22.924034009906066,0.003551592844041388,34.28593757011498,0.0020011576375147623,0.002933128597354808,-0.5259659900939333,0.000012613811729845996,1.4410274218401131,-0.22670701523132397
-3773050.0000,3775,22.87363957604277,0.0027932863922287346,178.38174030604273,0.00008012733511178503,-0.0027912212286264632,-0.5763604239572295,0.00000780244886901022,1.1325232981025442,-0.5352111389688929
-3778050.0000,3780,23.086906499933328,0.008254794525340104,70.1947546333555,0.007765158155703018,0.0027974134743921054,-0.36309350006667174,0.00006814163265558495,0.7713166877626945,-0.8964177493087426
-3783050.0000,3785,23.461759624544563,0.013863923799028855,339.31543954575136,-0.004897275223889108,0.01296838977009907,0.011759624544563252,0.0001922083831052787,0.4125708151372147,-1.2551636219342224
-3788050.0000,3790,23.794225142396577,0.019388129319942868,252.06786374818114,-0.0184439519535571,-0.005969523041990767,0.34422514239657787,0.0003758995585268283,0.38453236082545283,-1.2832020762459844
-3793050.0000,3795,23.876456110456605,0.024766487177629436,166.602910232946,0.005738490280628936,-0.024089702592711947,0.4264561104566056,0.0006133788871196833,0.7899651074335152,-0.8777693296379219
-3798050.0000,3800,23.61366581770557,0.029961791642181546,81.80242664003248,0.02965229379679844,0.00427244053213449,0.16366581770557076,0.0008977089584094999,1.2738883702424935,-0.39384606682894363
-3803050.0000,3805,23.10874956446883,0.034940670294519915,356.70322286014346,-0.0020098634078115456,0.034878921568540125,-0.34125043553116896,0.0012208504406303463,1.752805399088125,0.08507096201668785
-3808050.0000,3810,22.653618341303954,0.0396587997912009,270.791657141408,-0.03965052701444071,0.0005471992725451631,-0.7963816586960455,0.0015728204008785564,2.1903014268158496,0.5225669897444125
-3813050.0000,3815,22.57004736694839,0.04404655387570365,184.3996054984916,-0.0033778937186596763,-0.04391182705818772,-0.8799526330516088,0.0019400989083252643,2.5566228588410596,0.8888884217696225
-3818050.0000,3820,22.95767776671742,0.04799788225034722,98.56960226519533,0.047456848902936936,-0.007150867551500918,-0.49232223328257874,0.0023037967005181967,2.8257015011643576,1.1579670640929205
-3823050.0000,3825,23.587657557443766,0.05136620203404166,14.187619786487858,0.012587982539291708,0.04979425777942229,0.13765755744376662,0.0026384867114019853,2.976431115018469,1.3086966779470317
-3828050.0000,3830,24.07419286138072,0.05396988437314566,291.27811216280224,-0.05028566764141708,0.019583103420394606,0.6241928613807204,0.0029127484192507124,2.9945614431862873,1.3268270061148502
-3833050.0000,3835,24.138417088045514,0.05560766118534466,209.1015046066167,-0.02704233318795958,-0.04858280169871698,0.6884170880455152,0.003092211982504087,2.8743691790942067,1.2066347420227697
-3838050.0000,3840,23.757080313385067,0.0560820507516041,126.67078559831702,0.044977590003300566,-0.03348963088619013,0.30708031338506814,0.003145196416505498,2.619795889092881,0.9520614520214439
-3843050.0000,3845,23.15611782098484,0.055227521934819016,43.28277382728447,0.03786006562888196,0.04020000084082509,-0.29388217901516,0.0030500791790609156,2.2450258721567575,0.5772914350853204
-3848050.0000,3850,22.675048162257244,0.05293993547678098,318.95161075139754,-0.03476133037271625,0.039920872505195576,-0.7749518377427549,0.002802636768285734,1.7749867852679175,0.10725234819648044
-3853050.0000,3855,22.559289431121762,0.049204951500917644,234.54079408754558,-0.04007491719467708,-0.0285413338239318,-0.8907105688782373,0.0024211272522076575,1.2482747861425625,-0.4194596509288746
-3858050.0000,3860,22.81883093337602,0.044126108732770855,151.38606662962889,0.021129347095978863,-0.03873324939177346,-0.6311690666239791,0.0019471134718963164,0.7385966012409007,-0.9291378358305364
-3863050.0000,3865,23.27117428265983,0.037960341876333896,70.79646745677178,0.03584498001273741,0.012484062355372522,-0.17882571734017105,0.0014409875553681487,0.49917140434100166,-1.1685630327304355
-3868050.0000,3870,23.69350926276576,0.0311867547193673,354.1352232396416,-0.0031855486422440265,0.031021014231893643,0.24350926276576246,0.0009726136699259785,0.7961685276431532,-0.8715659094282839
-3873050.0000,3875,23.92742499001973,0.024677948784892427,283.54835937719986,-0.023989446557019584,0.0057814826078560165,0.47742499001973115,0.0006090011562297737,1.229638436101167,-0.4380960009702701
-3878050.0000,3880,23.899680927267823,0.0200483862789718,221.94065057254102,-0.01339910478894742,-0.01491181349844833,0.44968092726782416,0.00040193779239086467,1.612595138413125,-0.05513929865831213
-3883050.0000,3885,23.618397412857234,0.01945946920072454,166.88185822648484,0.004416477805093043,-0.018950720195496068,0.1683974128572352,0.000378670941573947,1.8968122773362053,0.22907784026476818
-3888050.0000,3890,23.185595694779686,0.023193448167124646,106.52848655636308,0.02223377275993879,-0.0065973436358720185,-0.2644043052203138,0.0005379360378810976,2.0637975647780156,0.3960631277065785
-3893050.0000,3895,22.799878099370567,0.029190585152111898,36.348490503388746,0.01729899548253783,0.023509413457249974,-0.6501219006294328,0.0008520902615226955,2.108982749186202,0.441248312114765
-3898050.0000,3900,22.684436948796574,0.03569850534188805,319.7043130864738,-0.02308587774163293,0.02722472660648574,-0.7655630512034257,0.0012743832836448097,2.0379173665235526,0.3701829294521155
-3903050.0000,3905,22.933330660227675,0.041821715360799164,240.12634726665647,-0.036260738883669,-0.020829597879461804,-0.5166693397723243,0.0017490558757197047,1.8640849927290253,0.1963505556575882
-3908050.0000,3910,23.405322864339645,0.04713142875389728,159.85346492288807,0.01623215856044905,-0.04424311521254101,-0.04467713566035414,0.0022213715763836953,1.6068680514881497,-0.060866385583287386
-3913050.0000,3915,23.80170754799895,0.05143059983761701,79.79143813141286,0.05061138846721269,0.009114767613579187,0.3517075479989522,0.002645106599657091,1.2898101357184188,-0.37792430135301824
-3918050.0000,3920,23.870746590205158,0.05464609765172989,359.77067402743796,-0.00021907209400732672,0.05464030208571712,0.4207465902051588,0.002986195988562399,0.9405574959454728,-0.7271769411259643
-3923050.0000,3925,23.57461130012421,0.05676880273975368,279.08049398191974,-0.05605174895989264,0.008958237492924091,0.12461130012421151,0.003222696964505065,0.5991555640054869,-1.0685788730659502
-3928050.0000,3930,23.12169957636627,0.05781380968799896,197.09023378583834,-0.01698833134921751,-0.05525519592978838,-0.3283004236337277,0.003342436590640162,0.3746723607813863,-1.2930620762900507
-3933050.0000,3935,22.83634045133102,0.05779479050156304,113.79333327920847,0.05287693428563076,-0.023314245565027095,-0.6136595486689806,0.0033402378091195615,0.47745606748753555,-1.1902783695839014
-3938050.0000,3940,22.916768823357277,0.05671268389599174,29.92491709902538,0.02828913268066941,0.049146363772382906,-0.5332311766427225,0.003216328514686681,0.7606522547406058,-0.9070821823308313
-3943050.0000,3945,23.27566808698174,0.05455840406498698,306.3705493852958,-0.04392548969159994,0.03235031243315315,-0.17433191301826056,0.0029766194541183877,1.057768418540073,-0.609966018531364
-3948050.0000,3950,23.63283032819748,0.0513265044501002,223.4245816937455,-0.035278513317942684,-0.03727314403085416,0.18283032819747902,0.002634410059066156,1.3243960951196265,-0.34333834195181057
-3953050.0000,3955,23.74959519743041,0.04703430374291197,140.67940026281684,0.029800056657642317,-0.03638295655019008,0.29959519743040985,0.0022122257285805027,1.5410797886907803,-0.12665464838065676
-3958050.0000,3960,23.580664805719422,0.041740262986432644,57.45052700270253,0.03518070432432228,0.022454312070438433,0.13066480571942307,0.001742249554176559,1.6934596621096598,0.02572522503822272
-3963050.0000,3965,23.264505726708897,0.03555651077791018,333.26728983238536,-0.015991732310969845,0.031753011293661246,-0.18549427329110202,0.0012642654586996428,1.769324577792704,0.10159014072126693
-3968050.0000,3970,23.000706693674907,0.028652659329705274,248.17178293313248,-0.02659578884040855,-0.010651597897846123,-0.44929330632509235,0.0008209748866641466,1.759456134746541,0.09172169767510385
-3973050.0000,3975,22.914738416469543,0.021250753228359807,162.74415951638537,0.0063020268865961356,-0.02029233673430393,-0.5352615835304562,0.00045159451277264475,1.660085195305141,-0.007649241766296111
-3978050.0000,3980,23.011167011198303,0.013615193883303664,78.14394654584873,0.01332355471349611,0.0027959027886363982,-0.4388329888016962,0.0001853735044799495,1.476946833920949,-0.19078760315048804
-3983050.0000,3985,23.226123201714948,0.006067280377579219,358.7270214947223,-0.00013387497528573634,0.006065342155167251,-0.22387679828505114,0.00003681189118015783,1.233171911285373,-0.43456252578606414
-3988050.0000,3990,23.48793924339668,0.0019702927967124918,35.7560484221778,0.0011516669578129361,0.001598543681508684,0.03793924339668209,0.000003882053704777133,0.9888558217071597,-0.6788786153642774
-3993050.0000,3995,23.719361530827864,0.008344981812561585,343.84774491674375,-0.002322120828455688,0.008014568564398823,0.2693615308278652,0.00006963872145198364,0.875707432980563,-0.7920270040908741
-3998050.0000,4000,23.81747472886542,0.014376103014411954,261.8611160637513,-0.014229666714011813,-0.0020358675340710628,0.367474728865421,0.00020667233788098445,1.026891603325191,-0.6408428337462462
-4003050.0000,4005,23.68334589493616,0.01957095964012416,177.30493540326506,0.0009208365644125479,-0.019547116932925823,0.23334589493616065,0.0003830224612353688,1.3806810105903495,-0.28705342648108756
-4008050.0000,4010,23.310053371716705,0.02383413590574225,91.44478115922647,0.02382385669609632,-0.0006003023107296015,-0.13994662828329396,0.000568066034373392,1.8038946028662999,0.1361601657948628
-4013050.0000,4015,22.85633106204255,0.027148079726929786,4.238338457066504,0.0020057212802145233,0.027070685032318433,-0.5936689379574496,0.000737018232859736,2.213083962987404,0.5453495259159671
-4018050.0000,4020,22.603560358276866,0.02955210960617668,275.88142879759096,-0.029393058939776857,0.003027541523204034,-0.8464396417231335,0.0008733271821754799,2.5582442994202603,0.8905098623488232
-4023050.0000,4025,22.759541091960955,0.03112723967026806,187.2319634756841,-0.003917855637821931,-0.030875958365580547,-0.6904589080390444,0.0009689050494903097,2.8065984388128964,1.1388640017414593
-4028050.0000,4030,23.25786617884122,0.03197943113074552,99.38421643589999,0.031547812974118926,-0.005213696593921608,-0.1921338211587802,0.0010226840154460958,2.9377999566771784,1.2700655196057413
-4033050.0000,4035,23.785622209667544,0.032222109338532666,12.83121237455157,0.007155074018505302,0.03141393744566058,0.3356222096675445,0.001038264330224354,2.942989994574437,1.2752555575029998
-4038050.0000,4040,24.020903171855974,0.031959787591165356,287.1650153343138,-0.030532835504400196,0.00943114133508731,0.5709031718559743,0.001021428022872407,2.8246699857254285,1.1569355486539914
-4043050.0000,4045,23.84789710205088,0.03127479517465968,201.4407916880191,-0.01143100688821469,-0.02910711420997529,0.39789710205088014,0.0009781128132169163,2.5964628990040435,0.9287284619326064
-4048050.0000,4050,23.411166717683987,0.0302190891019746,114.74482531821576,0.027441132269219688,-0.01264773714796763,-0.038833282316012685,0.00091319334615308,2.28267760397637,0.6149431669049328
-4053050.0000,4055,23.002760573528192,0.028812970307458722,26.672802660628065,0.0129326629938795,0.025743629039025776,-0.4472394264718069,0.000830187257938498,1.918158428202358,0.25042399113092095
-4058050.0000,4060,22.849391396128677,0.027052157200758944,297.4575185193446,-0.02400173461622445,0.012472244985095412,-0.6006086038713221,0.000731819209214574,1.549484075356934,-0.11825036171450298
-4063050.0000,4065,22.960765324877386,0.024924269133232375,207.52331284480647,-0.0115166354389916,-0.022100501835406017,-0.48923467512261354,0.0006212191918258001,1.2379371625068465,-0.4297972745645906
-4068050.0000,4070,23.18046197317349,0.02243613883351955,116.80938183884729,0.020021788514785754,-0.010118322281923657,-0.26953802682650974,0.0005033803257569639,1.0542549117999642,-0.6134795252714729
-4073050.0000,4075,23.360442691875434,0.01965628297188327,24.4768597986818,0.008143443901802756,0.01788716510299175,-0.08955730812456508,0.0003863694602707482,1.0326870456350643,-0.6350473914363728
-4078050.0000,4080,23.46246354609097,0.016784837039719135,288.99432044201626,-0.015868453806287982,0.0054626916482856044,0.012463546090970112,0.0002817307544499274,1.1205724178518126,-0.5471620192196245
-4083050.0000,4085,23.517766977437603,0.014269761273575644,188.36383845861633,-0.002075695333173441,-0.01411562038763926,0.06776697743760351,0.0002036260868048392,1.2318108665980634,-0.4359235704733737
-4088050.0000,4090,23.533092948326285,0.012905817011961727,81.53196891347926,0.012762813786231076,0.0019000439671152738,0.08309294832628566,0.0001665601127462407,1.309727260520348,-0.35800717655108905
-4093050.0000,4095,23.465517018193964,0.01349085962888449,332.21286185892313,-0.006288430721273261,0.011932902667713328,0.01551701819396456,0.00018200329352626539,1.329663551474669,-0.338070885596768
-4098050.0000,4100,23.294678713856417,0.01595983842938776,227.0077365949976,-0.011671519513235721,-0.010881690068209176,-0.15532128614358243,0.0002547164426921623,1.2862342407790777,-0.38150019629235943
-4103050.0000,4105,23.10069995011004,0.019490900631786046,127.64754401436477,0.015430746858194015,-0.011902879588414067,-0.34930004988995833,0.0003798952074381577,1.1843950080441785,-0.48333942902725857
-4108050.0000,4110,23.036227294652694,0.023285911166669206,32.583714721899184,0.012538014864892633,0.019618557064288743,-0.4137727053473057,0.0005422336588620096,1.0339610905712038,-0.6337733465002333
-4113050.0000,4115,23.18563930084367,0.026787602492533556,300.61742207184693,-0.023050444363228388,0.01364086580877771,-0.264360699156331,0.00071757564729799,0.8462334576577104,-0.8215009794137267
-4118050.0000,4120,23.45191968026301,0.029615397985560378,211.237348373744,-0.015355949037873965,-0.025319136133135745,0.0019196802630112586,0.0008770717978431337,0.6330365317708545,-1.0346979053005825
-4123050.0000,4125,23.616039813644527,0.03151094211023895,123.93370021073486,0.02614126237716552,-0.017588277658435507,0.16603981364452736,0.0009929394726748302,0.4122737251136478,-1.2554607119577894
-4128050.0000,4130,23.523459510600205,0.03231610034094566,37.91412037035633,0.019855339071484443,0.025492398634391435,0.07345951060020539,0.0010443303412460683,0.250507977977093,-1.4172264590943442
-4133050.0000,4135,23.226087569302507,0.031963921692827,312.371147519102,-0.02361205785514495,0.0215391653692882,-0.22391243069749223,0.0010216922899851768,0.3332684827016516,-1.3344659543697854
-4138050.0000,4140,22.960278131861443,0.030470464515323457,226.98319425671707,-0.02227633376722771,-0.020784821495439983,-0.489721868138556,0.000928449207779586,0.5793523208376354,-1.0883821162338017
-4143050.0000,4145,22.95674661953986,0.027922709420663307,142.23239731676557,0.01709935323889596,-0.022070836757869382,-0.4932533804601391,0.0007796777013907994,0.8576674930072261,-0.810066944064211
-4148050.0000,4150,23.23072829652763,0.02446268834623,59.13916668110403,0.02099729365317797,0.012546491636283453,-0.21927170347236924,0.000598423121124777,1.1297404340594945,-0.5379940030119426
-4153050.0000,4155,23.570502725652197,0.02027315574875436,338.6687672722296,-0.007373270135412493,0.018882739192422768,0.120502725652198,0.00041100084401325204,1.372390426025711,-0.29534401104572616
-4158050.0000,4160,23.73322730728771,0.015581990855805757,261.8247386052419,-0.015422431196518906,-0.0022149740212529874,0.28322730728771006,0.00024279843903041423,1.5652219189306449,-0.10251251814079221
-4163050.0000,4165,23.63433864951913,0.010754921351447615,191.5909942857155,-0.002161298585204406,-0.010534824296511492,0.18433864951913037,0.00011566833327582379,1.6907784959798464,0.023044058908409326
-4168050.0000,4170,23.378704587084567,0.006867577149124916,139.39807378421972,0.004469208443627521,-0.0052142028195964136,-0.07129541291543262,0.00004716361589918271,1.7371536717228997,0.0694192346514626
-4173050.0000,4175,23.144106424882647,0.007139919810616395,109.50015581259203,0.006730297464755757,-0.0023831281914569276,-0.30589357511735216,0.00005097845490203246,1.7015834899237414,0.03384905285230433
-4178050.0000,4180,23.032004258528495,0.011723207460695844,55.47376174098241,0.009657358633990065,0.006644608475465163,-0.4179957414715041,0.0001374335931665147,1.595227444523619,-0.07250699254781812
-4183050.0000,4185,23.02396663001926,0.017687906680663168,343.91912887970966,-0.004899806058994961,0.01699410638432254,-0.4260333699807397,0.00031286204274384873,1.45017472563901,-0.21755971143242703
-4188050.0000,4190,23.0685202715643,0.024029489112371287,266.3721060144503,-0.023978992201661126,-0.0015212347658455127,-0.3814797284356999,0.0005774163470015702,1.3277995459244185,-0.3399348911470186
-4193050.0000,4195,23.171590142057354,0.030361371394933043,186.26805862750314,-0.0033136558099742825,-0.030176959836869348,-0.27840985794264483,0.0009218128729810584,1.3121583940053796,-0.3555760430660575
-4198050.0000,4200,23.37238195579073,0.03639192703205871,104.94923205290655,0.03515687875876441,-0.00938602429780398,-0.07761804420927021,0.0013243723531066853,1.4558138411365094,-0.21192059593492774
-4203050.0000,4205,23.63810065237844,0.04183424109204495,23.229814002566968,0.016497925290195684,0.0384391205841941,0.18810065237844142,0.0017501037277473422,1.728922357592016,0.061187920520578976
-4208050.0000,4210,23.820768070493052,0.04640262229799741,301.508888865357,-0.03955725457168113,0.02424848313832995,0.37076807049305316,0.002153203356130606,2.057769752819098,0.39003531574766104
-4213050.0000,4215,23.752766473617854,0.04983278717696668,219.65275611791014,-0.03179638496451824,-0.038363875738023745,0.30276647361785436,0.002483306677824855,2.375484681644912,0.7077502445734751
-4218050.0000,4220,23.401699979554422,0.05190841001895198,137.15212299548915,0.03529696994552889,-0.03805314087290641,-0.04830002044557702,0.0026944830306956345,2.6337429275948465,0.9660084905234094
-4223050.0000,4225,22.946586899598195,0.05248629917418288,53.58008748387692,0.04223053528879783,0.03115766026146006,-0.5034131004018043,0.00275481160100183,2.8004873258821434,1.1327528888107063
-4228050.0000,4230,22.68590386908337,0.05151580025867865,329.12828199104933,-0.02643056309518514,0.04421226343597823,-0.7640961309166308,0.002653877676292075,2.8576227054026537,1.1898882683312166
-4233050.0000,4235,22.80604527081912,0.049050126413113106,244.76523408517494,-0.04436464191216716,-0.020908792677148416,-0.64395472918088,0.002405914901142376,2.79993861983214,1.1322041827607028
-4238050.0000,4240,23.21390268100774,0.04524927662350516,161.6722128814954,0.014226703888899489,-0.042949700707170094,-0.23609731899226105,0.0020474970349504905,2.634484371556514,0.966749934485077
-4243050.0000,4245,23.624145241999088,0.04037650795515031,80.52490196124529,0.039821890379207844,0.006645357502670206,0.17414524199908854,0.0016302623946523164,2.379996374284997,0.7122619372135599
-4248050.0000,4250,23.796474967243675,0.03479362277284954,1.4602149664933677,0.0008873450916508099,0.03477908045594162,0.346474967243676,0.001210596185659354,2.066514491957422,0.398780054885985
-4253050.0000,4255,23.687277287287365,0.028965717052327547,284.65648429050543,-0.02802055592596355,0.007329098405637951,0.23727728728736608,0.0008390127643554988,1.7357128209687867,0.06797838389734956
-4258050.0000,4260,23.43045521416383,0.02349287557202505,210.99883086924524,-0.012098911562070925,-0.02013567687788026,-0.01954478583617103,0.0005519152026426513,1.4417559460905007,-0.22597849098093636
-4263050.0000,4265,23.203778543981866,0.01917094180392039,142.1545886998063,0.011760915858272603,-0.015137936815688847,-0.24622145601813372,0.00036752500964930236,1.2463165287059734,-0.42141790836546367
-4268050.0000,4270,23.09797021100845,0.01692377880428094,78.55144194383655,0.016586101560651056,0.0033588679994300385,-0.3520297889915476,0.00028641428901622884,1.1893928652277266,-0.4783415718437105
-4273050.0000,4275,23.094517680782623,0.017196578220408536,15.98482484762053,0.004735193466169772,0.016530673019481877,-0.3554823192173764,0.0002957223024906292,1.2484512013532383,-0.4192832357181988
-4278050.0000,4280,23.14426970051298,0.019370991841048513,309.09327003507974,-0.015033323886926343,0.012213885269388016,-0.3057302994870206,0.00037523532490596804,1.3568731132233662,-0.31086132384807086
-4283050.0000,4285,23.23377616552223,0.02243427186218502,236.98905763491325,-0.01881082226691187,-0.012221500507900097,-0.21622383447776983,0.0005032965539864265,1.4566320652761309,-0.21110237179530622
-4288050.0000,4290,23.365271063329853,0.025709542325142266,161.24776430150519,0.008264678988475072,-0.02434247803239175,-0.08472893667014603,0.0006609805665682816,1.515421819054302,-0.15231261801713503
-4293050.0000,4295,23.495864542268016,0.02887624407796973,83.3404452994755,0.028678656309847825,0.0033488687962450574,0.04586454226801706,0.000833837472050482,1.5202590327032328,-0.14747540436820428
-4298050.0000,4300,23.532982437575672,0.031803074544403176,4.020811212756371,0.0022293889315033342,0.03172173479729756,0.08298243757567292,0.0010114355504768652,1.4690914820572367,-0.19864295501420037
-4303050.0000,4305,23.413032166032362,0.03443237426103046,283.4038418772609,-0.033491155314589946,0.007980731963718587,-0.03696783396763692,0.0011855883972516732,1.3647914303727422,-0.3029430066986949
-4308050.0000,4310,23.189022647110605,0.036720120709161586,201.31374537120882,-0.013345157422076079,-0.034205146281531304,-0.2609773528893946,0.0013483672648953976,1.2112625038170055,-0.4564719332544316
-4313050.0000,4315,23.028263183223242,0.03861080250215099,117.74642250693887,0.0341676305303103,-0.017973459017066644,-0.42173681677675745,0.001490794069860109,1.0114158996581253,-0.6563185374133118
-4318050.0000,4320,23.0874972536207,0.0400331740899723,33.16283552954559,0.021896415981393913,0.03350896313165745,-0.3625027463792989,0.0016026550277180294,0.7669621600768051,-0.900772276994632
-4323050.0000,4325,23.359150240245505,0.04090710764407948,308.3038395628204,-0.032097769938080584,0.025352675928555377,-0.09084975975449439,0.001673391455804306,0.4798011088659504,-1.1879333282054867
-4328050.0000,4330,23.65086406042434,0.04115445190601262,223.65188822202697,-0.02840481051643626,-0.029773931533298305,0.20086406042434035,0.0016936889116843058,0.15615204628905444,-1.5115823907823827
-4333050.0000,4335,23.731970340829132,0.04070954779237426,139.11001026565117,0.02664582790373568,-0.03077182921775596,0.2819703408291332,0.0016572672814596041,0.21172430005813644,-1.4560101370133007
-4338050.0000,4340,23.51093118547002,0.03952762327256677,54.16457466157465,0.032041704616689384,0.02313904924462582,0.06093118547002163,0.0015624330015779624,0.5869685221851958,-1.0807659148862414
-4343050.0000,4345,23.111220407550448,0.037591105383425305,328.3357663793913,-0.01973055544723458,0.03199180634022745,-0.33877959244955136,0.001413091203947787,0.9647191921591602,-0.7030152449122768
-4348050.0000,4350,22.79932306777347,0.03491474227224048,241.6622039488642,-0.030727398510445356,-0.016570632773807274,-0.6506769322265278,0.0012190392279369763,1.3208836585145365,-0.3468507785569006
-4353050.0000,4355,22.79599725648806,0.03155058808918253,154.92925338237274,0.013367130943067553,-0.028575046632680554,-0.6540027435119384,0.0009954396087732663,1.6303905196597812,-0.03734391741165588
-4358050.0000,4360,23.106938962004218,0.027594017839238094,69.36422339879749,0.025820981321843073,0.009723210324117704,-0.34306103799578125,0.0007614298205121902,1.8684374427739505,0.20070300570251343
-4363050.0000,4365,23.532382750681638,0.0231932262676224,346.0891063727081,-0.005574743702554577,0.022510848329089565,0.08238275068163858,0.0005379257447011297,2.0131258708776874,0.34539143380625026
-4368050.0000,4370,23.831092106028283,0.018570120557551553,266.08512195826574,-0.01852511762464562,-0.0012671170417469751,0.3810921060282837,0.0003448493775219988,2.048133265687877,0.3803988286164399
-4373050.0000,4375,23.868201182587867,0.014079371011580738,191.01044066278473,-0.002689299811624248,-0.013819023275693638,0.4182011825878682,0.00019822868808174002,1.96516720225685,0.29743276518541295
-4378050.0000,4380,23.65417056665829,0.010382007247178245,124.56951989917457,0.008548291604284827,-0.005890738404998507,0.20417056665829136,0.00010778607448046161,1.7662874307727057,0.09855299370126858
-4383050.0000,4385,23.300792183604067,0.008697062858994261,69.76408401557762,0.008159926811846293,0.003008054185239749,-0.14920781639593272,0.00007563890237329743,1.4670718957755855,-0.2006625412958516
-4388050.0000,4390,22.95507147356235,0.009824358349761707,14.729600032704752,0.0024975466216742696,0.009501020646020522,-0.4949285264376506,0.00009651801698453258,1.1052060171719162,-0.5625284198995208
-4393050.0000,4395,22.751367132084432,0.012629003940123201,307.82238207409375,-0.009975301452672159,0.0077433796565316805,-0.6986328679155669,0.00015949174051964733,0.7755498373355376,-0.8921845997358995
-4398050.0000,4400,22.781529353459895,0.015833186473959864,232.74206509543933,-0.012600511582437012,-0.009584944874159233,-0.6684706465401042,0.00025068979391918556,0.7101906911694642,-0.9575437459019729
-4403050.0000,4405,23.05976038857253,0.0188730090533798,154.1878084604383,0.008217306490276625,-0.016988174822628533,-0.390239611427468,0.0003561904707289559,1.0098252647205217,-0.6579091723509154
-4408050.0000,4410,23.488117073046382,0.021544535700315996,74.64518004695748,0.020773397360638365,0.005704681724999628,0.0381170730463829,0.0004641670185421905,1.4444604261450857,-0.22327401092635135
-4413050.0000,4415,23.870004702762834,0.023784282666007645,355.1364637379604,-0.002016583465036515,0.023696346099582263,0.4200047027628351,0.0005656921019365518,1.8722180889031237,0.2044836518316866
-4418050.0000,4420,23.996406023503987,0.025576616109664475,275.6913356603018,-0.0254481048170009,0.002535953534968584,0.5464060235039874,0.0006541632916211484,2.233446319849148,0.5657118827777108
-4423050.0000,4425,23.766026190529626,0.026905613180869266,195.7078033513568,-0.007283332125448582,-0.025898303060742974,0.31602619052962666,0.000723912020638566,2.4963708548846544,0.8286364178132173
-4428050.0000,4430,23.27177383371287,0.027729680000088987,114.38186767317768,0.02525402297441396,-0.011446011035305544,-0.1782261662871285,0.0007689351529073352,2.643748308159794,0.976013871088357
-4433050.0000,4435,22.789302153878893,0.027975972655844256,31.22163679956867,0.014499793373877887,0.023921592147770954,-0.6606978461211064,0.0007826550460405454,2.669465520256356,1.0017310831849189
-4438050.0000,4440,22.624718243102258,0.02755269556593628,306.47733993736665,-0.022152380580014844,0.016378491084485365,-0.8252817568977413,0.0007591510329491647,2.576945156195266,0.9092107191238288
-4443050.0000,4445,22.884921195904376,0.026373927756378472,221.0290698661496,-0.017311200000496373,-0.01989350464834285,-0.5650788040956236,0.0006955840652986708,2.377546745954304,0.7098123088828667
-4448050.0000,4450,23.382182404215527,0.024389739052332014,135.58549800802285,0.01706686525809522,-0.01741979574689894,-0.06781759578447222,0.0005948593710408493,2.088612718923394,0.42087828185195697
-4453050.0000,4455,23.78652411525107,0.02161595046361918,49.95004552024494,0.016545095298678418,0.013906966788201282,0.33652411525106984,0.00046724931444563824,1.7312676178939097,0.06353318082247261
-4458050.0000,4460,23.86250782307404,0.01816345750247355,322.89128798156526,-0.010956781982966526,0.014483837410541019,0.41250782307404066,0.0003299111884441627,1.3283339112442967,-0.3394005258271404
-4463050.0000,4465,23.599308234530625,0.01428093475950546,232.13739475359762,-0.011273470980941228,-0.008763525864813704,0.14930823453062558,0.0002039450976052513,0.9032204398631513,-0.7645139972082858
-4468050.0000,4470,23.19188098724127,0.010468521082113307,133.6475435371438,0.007573316626695095,-0.007224844343356376,-0.25811901275872984,0.00010958993364665077,0.48425927369266797,-1.1834751633787692
-4473050.0000,4475,22.907119216992797,0.007808434096136935,20.903071945456247,0.0027856315622187783,0.0072927864681463905,-0.5428807830072024,0.00006097164303371383,0.1951409275858793,-1.4725935094855578
-4478050.0000,4480,22.908643396627735,0.007883495972889083,258.54400076804654,-0.007724721540482496,-0.0015657640979038704,-0.5413566033722645,0.00006214950875455838,0.43685226481972883,-1.2308821722517083
-4483050.0000,4485,23.16219135725796,0.010290375273473982,148.61368511753642,0.005358880679265328,-0.008782974574231854,-0.2878086427420392,0.00010589182326892473,0.7863259570753138,-0.8814084799961233
-4488050.0000,4490,23.49142991607058,0.013255543941117802,51.9549169984669,0.01043744491441315,0.008168445956533769,0.04142991607058022,0.00017570944517490485,1.1038194861564816,-0.5639149509149555
-4493050.0000,4495,23.70844933319014,0.015829181236832635,322.29646048674294,-0.009679887069406314,0.01252215651069871,0.2584493331901392,0.00025056297862849434,1.3675210377669036,-0.3002133993045335
-4498050.0000,4500,23.705616757443785,0.01762734325244915,236.3396244126634,-0.014670186776251471,-0.009769387146207514,0.25561675744378576,0.00031072323013966454,1.563010396816622,-0.10472404025481508
-4503050.0000,4505,23.481832774926332,0.018516815051737343,152.5120272440688,0.008545823197845824,-0.016424655356340995,0.03183277492633252,0.0003428724396602466,1.6771120242994013,0.009377587227964224
-4508050.0000,4510,23.13435312975382,0.01851662229843433,70.10272485592424,0.017409506292535775,0.006301154853404374,-0.3156468702461801,0.00034286530134287543,1.6981533396362005,0.030418902564763428
-4513050.0000,4515,22.83288811932068,0.017761444833895544,349.04445811307914,-0.00337503654266908,0.01743605977122046,-0.617111880679321,0.0003154689225875147,1.6175352296055987,-0.05019920746583839
-4518050.0000,4520,22.75858451148909,0.01647785376995446,269.92381731653586,-0.016476320307843816,-0.00002171014651656118,-0.6914154885109092,0.00027151966486400235,1.431697285745742,-0.23603715132569514
-4523050.0000,4525,23.000360321058345,0.014960926025918319,193.87081055612282,-0.003586526172710362,-0.014523384774244624,-0.44963967894165435,0.00022382930755300012,1.144249458348431,-0.523484978723006
-4528050.0000,4530,23.469624770344065,0.013546131421944548,122.03132638932476,0.011482918718168781,-0.00718423547909866,0.019624770344066178,0.00018349767650059344,0.7695833700259658,-0.8981510670454713
-4533050.0000,4535,23.923310660009907,0.01256725600423464,54.68478016659026,0.01025405644918649,0.007264274110327122,0.47331066000990774,0.00015793592347597158,0.35746007507322625,-1.310274361998211
-4538050.0000,4540,24.09514344614753,0.012290040656628302,350.522696834473,-0.0020235301823203623,0.012121548090968347,0.6451434461475323,0.00015104509934157665,0.3460510152201407,-1.3216834218512963
-4543050.0000,4545,23.84686237491796,0.012845392693867995,286.85770849896517,-0.012292654300494497,0.003724770156709879,0.39686237491796206,0.00016500411345967726,0.8287299406236974,-0.8390044964477397
-4548050.0000,4550,23.26393651715903,0.01422747960386056,220.91725931535314,-0.00931774089416492,-0.01075046893928613,-0.18606348284096796,0.00020242117587826824,1.348228794049614,-0.31950564302182305
-4553050.0000,4555,22.651389632582287,0.016354970369518586,151.09384155492415,0.007905256300282059,-0.01431607011530505,-0.7986103674177123,0.00026748505578783093,1.83252629193795,0.16479185486651282
-4558050.0000,4560,22.38600995397476,0.019111732139118882,77.39123696493829,0.018649125665687057,0.004171975384860785,-1.0639900460252392,0.0003652583053574296,2.2440787721445306,0.5763443350730935
-4563050.0000,4565,22.655787698006957,0.022341909667255272,1.1096089692504165,0.0004321574792929396,0.022335711096642084,-0.794212301993042,0.0004991609275797946,2.553598587316806,0.8858641502453688
-4568050.0000,4570,23.3010512206343,0.025838131980600552,283.7946997168551,-0.02509068550909794,0.006159908361780073,-0.14894877936569983,0.0006676090642469331,2.739454190334216,1.0717197532627791
-4573050.0000,4575,23.938170368288837,0.02934799347737156,206.22698639838256,-0.012968103637539533,-0.026324412678252633,0.48817036828883786,0.0008613047211478437,2.788789330872773,1.121054893801336
-4578050.0000,4580,24.222852420814444,0.03259731602158711,128.27756325973962,0.025587378011097617,-0.020190901796298365,0.7728524208144449,0.0010625850118112195,2.698313257357179,1.0305788202857418
-4583050.0000,4585,24.026406831305124,0.03532073011454867,49.33264562488938,0.026788171594580017,0.02301535654133184,0.5764068313051247,0.0012475539758247853,2.4743576034993437,0.8066231664279067
-4588050.0000,4590,23.473886014730727,0.03729211122287665,328.7740539437517,-0.019330995450363438,0.03188624954251472,0.023886014730727823,0.0013907015594594027,2.1321245797364856,0.4643901426650485
-4593050.0000,4595,22.87375180509958,0.03835049670314611,246.4093013229949,-0.035141723766750906,-0.015346338366030964,-0.576248194900419,0.0014707605973780205,1.694203540119134,0.026469103047696896
-4598050.0000,4600,22.555070358354254,0.03841916854003029,162.7921916959234,0.011364581456014714,-0.03669553873871541,-0.8949296416457457,0.001476032511307253,1.1885689377753983,-0.4791654992960388
-4603050.0000,4605,22.67066746803305,0.03751694147324341,79.14012369154443,0.03684119793502296,0.0070675432225637425,-0.7793325319669506,0.0014075208975067712,0.6466701589471018,-1.0210642781243353
-4608050.0000,4610,23.111066524858785,0.03576171123836152,356.7255699263749,-0.002042147274512164,0.035699732789785506,-0.3389334751412143,0.0012788999906959526,0.11706675934058022,-1.5506676777308568
-4613050.0000,4615,23.606007799324047,0.03336687556249496,276.2863240913125,-0.03316302262734436,0.0036535851765837233,0.15600779932404762,0.0011133483848030231,0.44133311312185486,-1.2264013239495823
-4618050.0000,4620,23.900396019294412,0.030630560951305848,197.94747894127784,-0.00943815431514186,-0.029137287062193228,0.45039601929441275,0.0009382312641916626,0.9187066182840731,-0.749027818787364
-4623050.0000,4625,23.868885927829595,0.027914032745219048,121.44052390065383,0.023813493885701042,-0.01455934632760425,0.41888592782959577,0.0007791932241011613,1.3308501435698887,-0.33688429350154836
-4628050.0000,4630,23.54695718635232,0.02559814302560359,46.24644099900769,0.01848868233675932,0.017700902892343787,0.09695718635231998,0.0006552649263592577,1.6615669753000266,-0.006167461771410476
-4633050.0000,4635,23.107677062166808,0.024002747351266347,331.606881587471,-0.011412649087766262,0.021113633023965305,-0.3423229378331918,0.0005761318804087237,1.90131887313239,0.23358443606095292
-4638050.0000,4640,22.79239298028626,0.02328026749305423,256.6539646659385,-0.022649604609253603,-0.005373318879383457,-0.6576070197137405,0.0005419708545481575,2.045198482966361,0.3774640458949241
-4643050.0000,4645,22.79184047788809,0.023356069803784282,180.84824589856873,-0.0003456825610792228,-0.023351443423595547,-0.6581595221119088,0.000545505996679244,2.091720010176288,0.42398557310485074
-4648050.0000,4650,23.122385506280107,0.023987662548548033,104.3052262774109,0.023241823248648416,-0.00592641176373826,-0.32761449371989215,0.000575407954543014,2.0418661020730857,0.37413166500164863
-4653050.0000,4655,23.59647623172976,0.024899207376131605,27.497228298168295,0.011494956964537721,0.02208449822348642,0.14647623172976054,0.0006199705279596066,1.8987069570714328,0.23097251999999568
-4658050.0000,4660,23.927687474152854,0.025886837647134533,310.6827949725622,-0.019629088885806487,0.016873253328352943,0.4776874741528552,0.0006701283633691017,1.6680022049315526,0.0002677678601155087
-4663050.0000,4665,23.894977066821937,0.026855313525667314,233.64637179977763,-0.021626520405031387,-0.015917604514925344,0.44497706682193794,0.0007212078645618898,1.3605932509082062,-0.30714118616323094
-4668050.0000,4670,23.47373738850088,0.027806275386643403,155.8104381133387,0.011392863836688484,-0.025362307549340532,0.02373738850088003,0.0007731889508778507,1.000023053967223,-0.6677113831042141
-4673050.0000,4675,22.88337967079012,0.028802640457239605,76.59123940328612,0.028014727831898803,0.006678726520929429,-0.5666203292098793,0.0008295920973090156,0.6558955720258461,-1.011838865045591
-4678050.0000,4680,22.502553821005392,0.029922444230176256,355.92345500307783,-0.0021271164849591376,0.029843730731706267,-0.9474461789946069,0.0008953526687080083,0.5667817859162593,-1.1009526511551777
-4683050.0000,4685,22.626006953496603,0.03121237096798308,274.60585777211645,-0.03110846564511647,0.002505933209505446,-0.8239930465033964,0.0009742121014429929,0.887909610513683,-0.7798248265577541
-4688050.0000,4690,23.213490608008286,0.032653651786349644,193.83950929370678,-0.007809885647303432,-0.03170264586266778,-0.2365093919917136,0.0010662609749841753,1.3575513393156253,-0.31018309775581177
-4693050.0000,4695,23.902437928068263,0.034151169889204316,114.23916937683452,0.031137510039024534,-0.01401912230823445,0.4524379280682638,0.0011663024048012955,1.8354173463987649,0.16768290932732777
-4698050.0000,4700,24.275152100707153,0.0355474343710151,35.45624219532476,0.020618305397419077,0.02895284770672084,0.8251521007071538,0.001263620090361626,2.2642095743482638,0.5964751372768267
-4703050.0000,4705,24.113255287355337,0.03665354412788203,316.55605244079766,-0.025202288041860314,0.026609577310811934,0.6632552873553372,0.0013434822971345951,2.606208641403833,0.9384742043323957
-4708050.0000,4710,23.500510200968286,0.03728650725091737,236.57180376974543,-0.031115338954711108,-0.02053882101079519,0.05051020096828651,0.0013902836229727133,2.8325424539513047,1.1648080168798676
-4713050.0000,4715,22.77900156218314,0.037305462620848745,155.03371834256063,0.01574440627916702,-0.03381603872292731,-0.6709984378168592,0.001391697541355543,2.9223631554779708,1.2546287184065337
-4718050.0000,4720,22.365779481036284,0.036643509697142404,72.4366534258836,0.03493173776764304,0.011056258115647165,-1.0842205189637149,0.0013427468029245694,2.863788238327066,1.196053801255629
-4723050.0000,4725,22.486523814697925,0.03533403632387237,350.24626602754677,-0.005985243867864374,0.034819807683645676,-0.9634761853020741,0.0012484941229367324,2.654822912635372,0.9870884755639349
-4728050.0000,4730,23.031444408083317,0.03353000869752389,270.10837371525963,-0.0335267836869874,0.00006368568475307554,-0.41855559191668235,0.001124261483256028,2.3037560753296376,0.6360216382582005
-4733050.0000,4735,23.67649456217882,0.031510627929501565,192.95639475577173,-0.0070646232053719095,-0.030705666561526818,0.22649456217882147,0.000992919672511484,1.8290168747040312,0.1612824376325941
-4738050.0000,4740,24.110791041824292,0.029659658886687403,118.77843026505639,0.025994130374201146,-0.01427788936530289,0.660791041824293,0.000879695365274655,1.2593660036382361,-0.40836843343320095
-4743050.0000,4745,24.16586603053736,0.02838707984997316,46.7382607180632,0.020670806806933964,0.019452989317125302,0.7158660305373594,0.0008058263024087523,0.6426231630835946,-1.0251112739878425
-4748050.0000,4750,23.835150300251108,0.027980738923139976,335.30963198467657,-0.011687046457881694,0.02542069964165332,0.38515030025110875,0.0007829217506849205,0.28611834310293605,-1.3816160939685012
-4753050.0000,4755,23.25741155533111,0.028457243637698998,262.69667086027744,-0.028224022057339863,-0.003617357246523006,-0.19258844466888903,0.0008098147154553601,0.8157971812203094,-0.8519372558511277
-4758050.0000,4760,22.691354826043494,0.029546377383146603,187.64645245605652,-0.003930924272362515,-0.029281069817955356,-0.7586451739565057,0.0008729884164673171,1.4300340216051337,-0.23770041546630338
-4763050.0000,4765,22.43780493657266,0.030830643794977138,110.11610304225974,0.028947245791047953,-0.010602232768047722,-1.0121950634273382,0.0009505285968127623,1.9862622288043723,0.3185277917329352
-4768050.0000,4770,22.671278292824077,0.03191210321644015,31.257046333071344,0.016556824436435087,0.027277470155893227,-0.7787217071759223,0.0010183823316967297,2.4503170634497478,0.7825826263783107
-4773050.0000,4775,23.2825439830957,0.03251033013591631,312.6151025643876,-0.02392276101006053,0.022009691415680266,-0.1674560169042998,0.0010569215655462682,2.8024087117834995,1.1346742747120624
-4778050.0000,4780,23.91551171119007,0.03249183879299375,235.12932008453163,-0.026655380172780414,-0.018574724481298426,0.4655117111900715,0.0010557195881498935,3.031951457027116,1.364217019955679
-4783050.0000,4785,24.190173242829015,0.03186066952338222,158.75549023520102,0.011543544343625128,-0.02969292995012001,0.740173242829016,0.0010151022624781767,3.136308337228985,1.4685739001575477
-4788050.0000,4790,23.9306508459738,0.030727844148856966,82.73523881728966,0.03047850179643307,0.0038851566429848093,0.4806508459738019,0.0009442004060364433,3.1195844834867437,1.4518500464153066
-4793050.0000,4795,23.28089537477264,0.029265539122312133,6.105952672170417,0.0031128258709710007,0.029096850029523245,-0.1691046252273587,0.000856471780119582,2.9911590830527857,1.3234246459813486
-4798050.0000,4800,22.65909105017137,0.027649815435446035,288.3303675593469,-0.026244313243474433,0.008695147460944498,-0.7909089498286299,0.0007645122936142298,2.764154890847153,1.0964204537757158
-4803050.0000,4805,22.503403032080662,0.026002259677494297,209.87354429422294,-0.012950381110136017,-0.022545034457264627,-0.9465969679193371,0.0006761175083358458,2.4541873599545294,0.7864529228830923
-4808050.0000,4810,22.918846007230943,0.024350482595558637,131.9904985519754,0.01809684298373784,-0.016289340113883142,-0.5311539927690561,0.000592946002636604,2.078817659075069,0.411083222003632
-4813050.0000,4815,23.58506591229242,0.022628066058296013,55.57698805296127,0.01866409392401145,0.012790298009864497,0.13506591229242204,0.000512029373538608,1.658387097887125,-0.009347339184312187
-4818050.0000,4820,24.042527768714884,0.02071755521715031,340.5057969553884,-0.006912848812533774,0.01952835896251933,0.5925277687148842,0.00042921709417567206,1.2202476077324294,-0.44748682933900774
-4823050.0000,4825,24.020357427912465,0.01851753464946098,266.0755417434764,-0.018472580583170688,-0.0012669496514843173,0.5703574279124659,0.000342899089493988,0.8155994179546041,-0.852135019116833
-4828050.0000,4830,23.562498083225428,0.0160094906956268,191.8281845004699,-0.0032816453105174743,-0.015668176064932638,0.11249808322542876,0.0002563037923333611,0.5823816628361558,-1.0853527742352813
-4833050.0000,4835,22.964721985928804,0.013316409962883986,118.3334920674294,0.0117200040554596,-0.006319799752385879,-0.485278014071195,0.00017732677429959588,0.7020939587125683,-0.9656404783588688
-4838050.0000,4840,22.58684098861596,0.010766735515364596,47.82258286890783,0.007978520124194796,0.007228384026179672,-0.8631590113840382,0.00011592259365781333,1.0135484285757315,-0.6541860084957056
-4843050.0000,4845,22.63112240430491,0.00895220307102216,343.40470066412604,-0.002556568654401916,0.008578858209151113,-0.8188775956950884,0.00008014193982481857,1.3313336045841004,-0.33640083248733665
-4848050.0000,4850,23.041001823739357,0.008514001880972219,283.9561446077846,-0.008262237045729131,0.0020532571004933343,-0.40899817626064205,0.00007248822802919848,1.586350938050809,-0.08138349902062814
-4853050.0000,4855,23.58701920505204,0.009389697435945303,221.94066203697332,-0.006275190001069583,-0.006984053849294134,0.13701920505204157,0.0000881664179385978,1.7463534642782683,0.07861902720683123
-4858050.0000,4860,24.01587656938006,0.010772514074439367,153.7322495207177,0.00476733998050259,-0.009659283296146525,0.5658765693800625,0.00011604705948399424,1.7935811295464936,0.12584669247505653
-4863050.0000,4865,24.13936288800176,0.011920090622437594,80.83919561876456,0.011767039957816866,0.0018976987651696537,0.6893628880017602,0.00014208856044712468,1.7215680163560751,0.053833579284638056
-4868050.0000,4870,23.873986272022556,0.012409112464928207,5.012921714833112,0.0010842045685437885,0.012360534668714925,0.4239862720225567,0.0001539860721672366,1.5371205417456055,-0.13061389532583156
-4873050.0000,4875,23.284255022674188,0.012055209551770219,287.2452380162273,-0.011512150706941336,0.003573682271978108,-0.1657449773258115,0.00014532807733709193,1.2674512052200293,-0.4002832318514078
-4878050.0000,4880,22.621232263526075,0.01085049234394242,208.4983592224446,-0.0051768384304715,-0.009534743244792629,-0.8287677364739245,0.00011773318410595306,0.9831749416380995,-0.6845594954333376
-4883050.0000,4885,22.266801776170404,0.008956211352745977,131.03673468028268,0.006754801441632692,-0.005879838743123307,-1.1831982238295957,0.00008021372179505592,0.8521609128021734,-0.8155735242692637
-4888050.0000,4890,22.50272413268317,0.006786115621884134,60.43122564252593,0.005902063453200641,0.0033483214538427867,-0.9472758673168293,0.00004605136523357989,1.0494697451851023,-0.6182646918863348
-4893050.0000,4895,23.2457381216361,0.0053257535615746174,5.980133319387619,0.0005548832014272655,0.005296600676705397,-0.20426187836389786,0.000028363650998624724,1.4753303489995195,-0.19240408807191756
-4898050.0000,4900,24.063717725251422,0.005996210542648775,320.62147302145695,-0.0038042146210634188,0.004634616610227576,0.6137177252514228,0.00003595454087177232,1.9672669899691657,0.2995325528977286
-4903050.0000,4905,24.475434794041433,0.008417317018091054,261.74594911088707,-0.008329528754552975,-0.0012086523242136478,1.0254347940414341,0.00007085122578304526,2.437796532907308,0.770062095835871
-4908050.0000,4910,24.239114853836938,0.011323544027161151,191.58293887216735,-0.0022730581015372453,-0.011092097830168783,0.7891148538369386,0.000128222649335057,2.836912833052122,1.1691783959806847
-4913050.0000,4915,23.480014938013227,0.014088681686693746,115.3174624058733,0.012734451430672849,-0.006023903906663948,0.03001493801322752,0.00019849095166897974,3.1320743126306176,1.4643398755591805
-4918050.0000,4920,22.64768287892592,0.016452812998966386,35.022941042522405,0.009441130859559721,0.0134723766643592,-0.8023171210740792,0.0002706950555789573,3.3028116565383687,1.6350772194669316
-4923050.0000,4925,22.267411550001817,0.018325532940447017,312.3823815590807,-0.013535122216874678,0.012351315663239543,-1.1825884499981818,0.0003358251575514087,3.3392466405981938,1.6715122035267567
-4928050.0000,4930,22.553427674214745,0.019723289525011914,229.59651461756994,-0.01501760824628022,-0.012782785018555575,-0.8965723257852538,0.00038900814968744466,3.241277091212182,1.573542654140745
-4933050.0000,4935,23.245067668502482,0.020735530512313582,148.41397359579997,0.010859858054450016,-0.017661867774933983,-0.20493233149751688,0.0004299622256270876,3.0175309924250864,1.3497965553536493
-4938050.0000,4940,23.869608562419916,0.021489886931878033,69.15621869835081,0.020081542503975446,0.007645924756885412,0.41960856241991706,0.00046181524034490226,2.683947305396337,1.0162128683248999
-4943050.0000,4945,24.09604730109819,0.022111802320685013,350.97924344664193,-0.0034667171077719093,0.021836275991343697,0.6460473010981893,0.0004889318018690512,2.2622181639503047,0.5944837268788676
-4948050.0000,4950,23.877309642227047,0.02268568272196747,272.65015541796424,-0.022659281364677007,0.001048751694714536,0.4273096422270477,0.0005146402005617735,1.7788108604727408,0.11107642340130375
-4953050.0000,4955,23.39972077146934,0.023230489075617505,193.17447606315943,-0.005294036701501347,-0.02261687371326869,-0.050279228530659026,0.0005396556226923843,1.2669731808250866,-0.4007612562463505
-4958050.0000,4960,22.942865508368264,0.023699291462948233,112.17971852845494,0.021943436195435366,-0.008945828665873325,-0.5071344916317351,0.000561656415845771,0.7843093007662472,-0.8834251363051899
-4963050.0000,4965,22.73023413521594,0.02400106160658698,30.008605447410105,0.012002385195579772,0.02078158494418006,-0.7197658647840584,0.0005760509582431835,0.5188501982189376,-1.1488842388524994
-4968050.0000,4970,22.839647938429422,0.024033904415578206,307.4944767357317,-0.019066807103626914,0.014627579444153374,-0.6103520615705769,0.0005776285614571496,0.7412211194163044,-0.9265133176551327
-4973050.0000,4975,23.19978604892337,0.02371925014325101,225.59278725194827,-0.01694301072840726,-0.01659590093796824,-0.2502139510766277,0.0005626028273581131,1.1662879383352667,-0.5014464987361704
-4978050.0000,4980,23.636272376231005,0.02303320594904381,145.10841214956304,0.013174211474605265,-0.018890908046157354,0.18627237623100612,0.0005305285762910671,1.596084240502973,-0.07165019656846416
-4983050.0000,4985,23.93081192489646,0.022037388848968394,66.5719156948503,0.02021883429567121,0.008761077409391523,0.48081192489646085,0.0004856465072806365,1.9793314603268404,0.3115970232554033
-4988050.0000,4990,23.898820750912275,0.02091221852995804,350.1836783672052,-0.0035648783904876375,0.020604293434705025,0.4488207509122759,0.0004373208838447204,2.293198119039653,0.625463681968216
-4993050.0000,4995,23.49137851179613,0.019983959293149875,275.7252622723954,-0.019882618795739236,0.0019934919987893394,0.04137851179612895,0.0003993586290302712,2.52254520125803,0.8548107641865927
-4998050.0000,5000,22.88276166411339,0.01970154744386586,202.37183283840227,-0.007498084552398615,-0.018217196923252035,-0.5672383358866107,0.0003881509716828974,2.656588131963808,0.988853694892371
-5003050.0000,5005,22.44987207442594,0.020488882221035946,128.72097778837008,0.01598422696320044,-0.012815158194936695,-1.0001279255740592,0.0004197942946674829,2.6892375947602147,1.0215031576887776
-5008050.0000,5010,22.547954820335775,0.022508384886686973,53.69820508656386,0.018137938188039944,0.013324941015860495,-0.9020451796642242,0.0005066273902072385,2.620671378723186,0.9529369416517488
-5013050.0000,5015,23.188802129693407,0.025571605429135353,337.48408756627236,-0.009791943937590874,0.023620079623408497,-0.26119787030659225,0.0006539070042233847,2.4595304250691483,0.7917959879977112
-5018050.0000,5020,23.978867851904038,0.029283359947956836,260.82189504220173,-0.02890577614626493,-0.004670907070956059,0.5288678519040388,0.0008575151698416026,2.2257387378154236,0.5580043007439865
-5023050.0000,5025,24.413331379004568,0.03321929907308724,183.8713124795055,-0.0022420948416874936,-0.03314052304682323,0.9633313790045683,0.0011035218309072147,1.9543305141352108,0.28659607706377366
-5028050.0000,5030,24.2094929365559,0.037014138012357506,106.04498211115094,0.03556904574741297,-0.010228970401475343,0.7594929365559011,0.0013700464127978488,1.6998727722566265,0.03213833518518938
-5033050.0000,5035,23.464354801883374,0.04038845199480258,26.473864946354524,0.018002575170085723,0.0361498405738281,0.01435480188337479,0.0016312270545364724,1.534109930745748,-0.13362450632568912
-5038050.0000,5040,22.618536048214832,0.04315554676232676,304.687594903261,-0.035481888472488086,0.024557034467242847,-0.8314639517851674,0.0018624012163553716,1.5147549942841754,-0.15297944278726172
-5043050.0000,5045,22.206805375775957,0.045222655628654296,221.33480331391934,-0.0298642938710122,-0.03395257389439979,-1.2431946242240421,0.002045088582107858,1.632416314491549,-0.0353181225798882
-5048050.0000,5050,22.467753363444906,0.04658631400671696,138.18652502878706,0.031056355477862653,-0.0347179849144459,-0.982246636555093,0.0021702846527324325,1.815447141122255,0.14771270405081793
-5053050.0000,5055,23.169681005008115,0.04731832459781315,56.88470042201715,0.03962863405678445,0.025848738888530197,-0.28031899499188384,0.002239023842744009,1.9858143622551556,0.3180799251837185
-5058050.0000,5060,23.85999984921721,0.047540016678922464,337.8451819240586,-0.017926179470486074,0.04402596667035233,0.4099998492172112,0.002260053185832226,2.0871534174209194,0.41941898034948233
-5063050.0000,5065,24.204557904769853,0.047386489432317845,260.44533057057583,-0.04672492598137709,-0.00786486906707719,0.7545579047698538,0.002245479380719171,2.0852098120649822,0.41747537499354515
-5068050.0000,5070,24.113600985346373,0.046968358525360965,183.7158969172459,-0.003043778372873916,-0.046865411798040955,0.663600985346374,0.002206026702566848,1.9631824289761832,0.29544799190474613
-5073050.0000,5075,23.690886726244756,0.0463437368546879,106.81620086834641,0.04435792022874885,-0.013406234585502523,0.2408867262447565,0.0021477419456565577,1.7182210888317357,0.05048665176029865
-5078050.0000,5080,23.136610833800503,0.04551346605411387,29.25162317115513,0.02223802478983536,0.03970594932047703,-0.31338916619949586,0.0020714755922589755,1.3588825829869728,-0.30885185408446425
-5083050.0000,5085,22.676963294883066,0.04444546451865486,310.97364519718417,-0.033553567968968856,0.029140802995670873,-0.7730367051169331,0.001975399316279008,0.9028306045616175,-0.7649038325098196
-5088050.0000,5090,22.51483831210971,0.043122741009218174,232.4609435414286,-0.03419059236835483,-0.02627216443170062,-0.9351616878902895,0.001859570792148107,0.3746579718376348,-1.2930764652338023
-5093050.0000,5095,22.753223429985376,0.04160062634056317,154.6976314910455,0.017778112857903736,-0.037606360087620534,-0.6967765700146238,0.0017306121119271582,0.20108132454700595,-1.466653112524431
-5098050.0000,5100,23.302717528326827,0.04005404510377002,78.80297797186563,0.03928832510801633,0.00777698096296881,-0.1472824716731722,0.001604326529174843,0.7872882854676391,-0.880446151603798
-5103050.0000,5105,23.87988831025264,0.03879028884879521,5.357951032527126,0.0036219828081706733,0.03861772014513647,0.4298883102526396,0.0015046865089729659,1.3604210616024504,-0.30731337546898674
-5108050.0000,5110,24.149513833431428,0.038195617523419045,293.8960609491455,-0.03491887706817497,0.015471062940405686,0.6995138334314284,0.001458905197995316,1.8936294194732333,0.22589498240179617
-5113050.0000,5115,23.924148129439246,0.038597950771343356,222.89825064130673,-0.02627143737616207,-0.02827334054663696,0.47414812943924645,0.0014898018037470453,2.3652991095668705,0.6975646724954334
-5118050.0000,5120,23.30540592571871,0.040097741307391466,150.369179827835,0.019823281348132243,-0.03485109898604049,-0.14459407428129012,0.0016078288579544878,2.758811256560539,1.091076819489102
-5123050.0000,5125,22.680711616366246,0.04249107169922921,74.89134697321191,0.04101848954204475,0.011074661116422909,-0.7692883836337536,0.0018054911741490372,3.06242820212546,1.394693765054023
-5128050.0000,5130,22.49867620911279,0.04534625022987705,356.5900358194099,-0.002697338366351154,0.045261609594429576,-0.9513237908872085,0.0020562824099106245,3.268651326321443,1.6009168892500059
-5133050.0000,5135,22.901145933032623,0.0481547618705917,276.9863695113297,-0.04779264065068173,0.005856290081583462,-0.548854066967376,0.0023188810908133925,3.3732778458682153,1.7055434087967782
-5138050.0000,5140,23.581577281124996,0.050454538554799144,197.55051709059865,-0.015212688737234371,-0.04810144349075551,0.13157728112499711,0.0025456604607777132,3.3744807162044133,1.7067462791329762
-5143050.0000,5145,24.05636759384096,0.05189574360561516,118.59593752529491,0.04556108292282793,-0.024836372553591668,0.606367593840961,0.002693168204379747,3.27222527976659,1.604490842695153
-5148050.0000,5150,24.025400970722846,0.052264804823507566,39.460857385403415,0.033213765522182845,0.040347603626129436,0.5754009707228462,0.00273160982323934,3.0682313387636557,1.4004969016922186
-5153050.0000,5155,23.532991733375198,0.05148519351969261,319.22504800507465,-0.03362093898644475,0.03898496692992383,0.0829917333751986,0.0026507251517601978,2.766524111525321,1.0987896744538839
-5158050.0000,5160,22.91261350408177,0.04960474738974963,237.3902493004423,-0.04178093471283814,-0.026729633442784236,-0.5373864959182306,0.002460630963600873,2.374466885830332,0.7067324487588951
-5163050.0000,5165,22.565953822687263,0.046773691369675095,154.36833716420347,0.020230993925157134,-0.04216661434761938,-0.8840461773127366,0.0021877782043456186,1.9041643777775878,0.23642994070615075
-5168050.0000,5170,22.685827318535964,0.0432156201677472,71.39263554026286,0.040952558938968264,0.01378733633739972,-0.7641726814640357,0.0018675898264829986,1.3746955913678218,-0.29303884570361527
-5173050.0000,5175,23.148364541393292,0.03919368839263841,349.7063709052793,-0.007002356520376523,0.03855913367891894,-0.3016354586067074,0.001536145209819239,0.8200922234639709,-0.8476422136074662
-5178050.0000,5180,23.66482685066198,0.03497500856533274,269.8532693100897,-0.034971575673498,-0.00008897674956236123,0.21482685066198215,0.0012232512241450986,0.3705768295725144,-1.2971576074989226
-5183050.0000,5185,23.990394472896604,0.030797496821779576,191.70277139270422,-0.0062467706080348295,-0.030154443043919836,0.5403944728966046,0.000948485810487523,0.5717090370343371,-1.0960254000371
-5188050.0000,5190,24.009313810051427,0.026845074497045783,114.82333207831681,0.024362387972564768,-0.011269602429464353,0.5593138100514281,0.0007206580247519379,1.0698667035825085,-0.5978677334889286
-5193050.0000,5195,23.72118474779098,0.023238618589888134,38.75448352497256,0.014546093653250228,0.018120432008206087,0.27118474779097923,0.0005400333939662944,1.538590676025634,-0.12914376104580305
-5198050.0000,5200,23.2212013720849,0.020049550735770486,323.15790108603244,-0.012020593746914155,0.016044319348004776,-0.22879862791510064,0.0004019844847062348,1.9209326969241516,0.2531982598527145
-5203050.0000,5205,22.70495740488488,0.01733798159895628,248.00690387038333,-0.016075028469606786,-0.0064921357854530615,-0.7450425951151196,0.00030060560592574655,2.1899079733346225,0.5221735362631854
-5208050.0000,5210,22.440121678713083,0.015205591704948718,173.8243356479113,0.0016354112952198185,-0.015116134404651291,-1.0098783212869158,0.00023121001909760528,2.3303854470097596,0.6626510099383225
-5213050.0000,5215,22.63015726679754,0.013830112338160096,101.51708591992877,0.01355057741189552,-0.0027612216706322393,-0.81984273320246,0.00019127200728612812,2.3379367300502407,0.6702022929788036
-5218050.0000,5220,23.230696340058962,0.013416362828669681,31.257308965589004,0.006960987753840685,0.011468080101658552,-0.21930365994103695,0.00017999879155050953,2.21952523944086,0.5517908023694229
-5223050.0000,5225,23.923609952036415,0.014039329488924005,321.49161412409137,-0.008740743950822215,0.010985102657947245,0.47360995203641565,0.00019710277249857116,1.9946783900922236,0.3269439530207865
-5228050.0000,5230,24.310860565483033,0.01553766168544393,249.91868885112547,-0.014591801943809803,-0.005334694385822512,0.8608605654830335,0.0002414189306513123,1.697993689434583,0.030259252363145972
-5233050.0000,5235,24.156635700343337,0.01760239899435625,174.95390109984714,0.0015484182227699296,-0.01753256848507058,0.7066357003433374,0.00030984445035651384,1.3856300195061735,-0.2821044175652636
-5238050.0000,5240,23.52812594706156,0.01992027343071532,95.87638712265795,0.019813638053675565,-0.0020389524808628228,0.07812594706156162,0.0003968172935544627,1.1469651435250086,-0.5207692935464285
-5243050.0000,5245,22.786945312932758,0.022233757530349126,12.655889705217305,0.00487044579328013,0.02169123621908408,-0.6630546870672411,0.0004943399739183564,1.089458338530707,-0.57827609854073
-5248050.0000,5250,22.394698538391772,0.024340607619838087,286.19362593497544,-0.023372243016850165,0.006787135098856331,-1.0553014616082272,0.00059246517930292,1.232785064909002,-0.4349493721624351
-5253050.0000,5255,22.581913713035476,0.026080069879826136,198.29044191079902,-0.008183629309956097,-0.02475960205926478,-0.8680862869645232,0.0006801700449366144,1.47752867244778,-0.19020576462365701
-5258050.0000,5260,23.167388914769646,0.0273235174660712,110.65871984553337,0.025563665002722308,-0.009638505909457733,-0.2826110852303536,0.000746574606718698,1.7244415994155895,0.056707162344152406
-5263050.0000,5265,23.742307280824125,0.0279719254601882,23.928159244787366,0.01134382402185492,0.025564986567299393,0.2923072808241258,0.000782428613950325,1.9169049426486855,0.2491705055772484
-5268050.0000,5270,23.98772324004937,0.027958499475503808,297.7002399417863,-0.024751393687108336,0.012994965203880215,0.5377232400493703,0.0007816776929217467,2.027171350714308,0.3594369136428708
-5273050.0000,5275,23.834740524305268,0.0272539424685892,211.17369319719035,-0.014106085900920497,-0.023315762015105525,0.3847405243052684,0.0007427773800811699,2.04449581605956,0.3767613789881228
-5278050.0000,5280,23.438863192107462,0.025871800436581133,123.68291421393377,0.021525740801997026,-0.014346927310201011,-0.011136807892537348,0.0006693500578302797,1.9691328321452555,0.3013983950738184
-5283050.0000,5285,23.05099657666605,0.02387175002828093,34.99285148633612,0.013688463273504231,0.019553725047508998,-0.3990034233339479,0.0005698604494127306,1.8089134557844244,0.14117901871298733
-5288050.0000,5290,22.86770926275333,0.02135966657520651,305.29794408874443,-0.017430467841390497,0.012341044481828174,-0.5822907372466695,0.00045623535620399424,1.5771077115723324,-0.09062672549910467
-5293050.0000,5295,22.94295271992638,0.018485017673621144,214.89695833922372,-0.010574385022348162,-0.015158911314830083,-0.5070472800736177,0.0003416958783940861,1.291907672581639,-0.3758267644897981
-5298050.0000,5300,23.200392125505186,0.015439022873900537,123.71357846171952,0.012840608861879599,-0.008568607453870879,-0.2496078744948136,0.000238363427300824,0.9802257292917864,-0.6875087077796507
-5303050.0000,5305,23.501104367405432,0.012462068022483208,30.88513188244366,0.0063965477988275525,0.010693238193731833,0.05110436740543278,0.00015530313939699853,0.6968984681104803,-0.9708359689609568
-5308050.0000,5310,23.702075599135984,0.009874839239040428,294.51841753175927,-0.008982902535030764,0.004097660260538321,0.2520755991359849,0.00009751244999689254,0.5792654990441627,-1.0884689380272743
-5313050.0000,5315,23.696431277173684,0.008123908523508104,192.41622269704794,-0.0017466509070760486,-0.007932521693270307,0.2464312771736843,0.00006599788969832762,0.7513180600744804,-0.9164163769969567
-5318050.0000,5320,23.457693825072603,0.007659220314317662,85.99124785027561,0.007639160741774582,0.0005353975196038103,0.007693825072603744,0.00005866365582325634,1.0867234287445822,-0.5810110083268549
