{
  "tau_table": {
    "H0_yr": 335316.99999999994,
    "excess_at_66Ma_kyr": 535.6295872757764
  },
  "null_guard": {
    "r2_production": 0.8735160573771876,
    "r2_k0": 0.8735160573771876,
    "r2_k1": 0.8735744545960176,
    "pass": true
  },
  "synthetic_power": {
    "k_hat_given_0": [
      0.010297690489168303,
      0.028824952840302176,
      0.46781275489792173,
      0.9949899911632458,
      0.03726275814027175,
      -0.02223973754344253,
      -0.03198291522974623,
      0.008357297891034
    ],
    "k_hat_given_1": [
      1.0377122157353966,
      0.9948782502592337,
      1.1776239435520464,
      0.9595643312777068,
      1.0044688719002046,
      0.9446755462903571,
      1.0095297076493985,
      0.9794533021576011
    ],
    "separation_sigma": 2.419806115382787,
    "pass": false
  },
  "real_scans": {
    "CENOGRID d18O 0-67 Ma": {
      "k_grid": [
        -0.5,
        -0.25,
        0.0,
        0.25,
        0.5,
        0.75,
        1.0,
        1.25,
        1.5,
        2.0
      ],
      "r2_l1_only": [
        0.0010465269394253074,
        0.0012085833389192668,
        0.001140303262664899,
        0.0014319285184990482,
        0.0011741896617309955,
        0.0012700215163753414,
        0.0013497310465862,
        0.0013185945468814353,
        0.0014728018750834737,
        0.0013733827092335948
      ],
      "r2_full": [
        0.6174487860900462,
        0.6177153955503124,
        0.6176613009398422,
        0.6179153723681907,
        0.6177036630647192,
        0.6177453186921277,
        0.6178226869831052,
        0.617877581073861,
        0.6180303578655977,
        0.617920851508885
      ],
      "k_hat": 1.6585848569702755,
      "delta_r2_k1_minus_k0": 0.00020942778392130101
    },
    "CENOGRID d13C 0-67 Ma": {
      "k_grid": [
        -0.5,
        -0.25,
        0.0,
        0.25,
        0.5,
        0.75,
        1.0,
        1.25,
        1.5,
        2.0
      ],
      "r2_l1_only": [
        0.0006955426989121438,
        0.0013125184860018901,
        0.001192811757378509,
        0.0013026383902957628,
        0.0013523168383063888,
        0.0015776584542097627,
        0.0010514358078557162,
        0.0011521766228157482,
        0.0014361293304001599,
        0.0010700350661901892
      ],
      "r2_full": [
        0.350798484101452,
        0.35140828155800896,
        0.35138495472869546,
        0.3514330821487336,
        0.35149146175473955,
        0.3517907866689963,
        0.35107664782164427,
        0.3513663439978296,
        0.35163656739583304,
        0.35125631069479113
      ],
      "k_hat": 0.6999575343120132,
      "delta_r2_k1_minus_k0": -0.00014137594952279287
    },
    "LR04 full 0-5.3 Ma": {
      "k_grid": [
        -0.5,
        -0.25,
        0.0,
        0.25,
        0.5,
        0.75,
        1.0,
        1.25,
        1.5,
        2.0
      ],
      "r2_l1_only": [
        0.23953316062855023,
        0.23896889146486133,
        0.23851034743183974,
        0.2381673439085885,
        0.23794763173472844,
        0.23785704412683828,
        0.23789977697964904,
        0.23807873784218758,
        0.23839590129251265,
        0.23944989789640037
      ],
      "r2_full": [
        0.25625391145294696,
        0.25570324810007117,
        0.25525662694102247,
        0.25492365234923364,
        0.2547119516540187,
        0.2546273271031433,
        0.2546740341335222,
        0.25485512190409043,
        0.255172775001661,
        0.25622391493396246
      ],
      "k_hat": -0.5,
      "delta_r2_k1_minus_k0": -0.0006105704521907063
    }
  },
  "hp_scans": {
    "CENOGRID d18O HP": {
      "k_grid": [
        -0.5,
        -0.25,
        0.0,
        0.25,
        0.5,
        0.75,
        1.0,
        1.25,
        1.5,
        2.0
      ],
      "r2_l1_only": [
        0.008739456310357996,
        0.01004182146913224,
        0.011867618954679693,
        0.01163419248029307,
        0.010166217729089877,
        0.011547472631287636,
        0.011081570216778025,
        0.01203302514742366,
        0.012550202318300396,
        0.011142131402986366
      ],
      "k_hat": 1.5338105417085572,
      "delta_r2_k1_minus_k0": -0.0007860487379016678
    },
    "CENOGRID d13C HP": {
      "k_grid": [
        -0.5,
        -0.25,
        0.0,
        0.25,
        0.5,
        0.75,
        1.0,
        1.25,
        1.5,
        2.0
      ],
      "r2_l1_only": [
        0.0046611474233159145,
        0.00956488929688104,
        0.008763301228035592,
        0.009619433257645027,
        0.010254037951029304,
        0.011427925383194482,
        0.007977544733028696,
        0.008529025105928234,
        0.011881837439825071,
        0.008063466349647053
      ],
      "k_hat": 1.6139405420006814,
      "delta_r2_k1_minus_k0": -0.0007857564950068952
    }
  },
  "synthetic_power_hp": {
    "k_hat_given_0": [
      -0.006546081992973771,
      0.011922513902607484,
      -0.04588670096352046,
      -0.004745087966940865,
      -0.07364555683713907,
      0.7235386471791176,
      1.2511750796476735,
      0.003208026903602777
    ],
    "k_hat_given_1": [
      0.9681104497470093,
      1.0050934185108849,
      0.9910189563156507,
      0.9912243247349625,
      0.9085816158718791,
      1.117725534593889,
      0.9253943241325756,
      1.0149259468848857
    ],
    "separation_sigma": 1.6614164194403789
  },
  "differential": {
    "k_values": [
      0.0,
      0.5,
      1.0,
      1.5
    ],
    "r2_grid": [
      [
        0.011867618954679693,
        0.010520443241003541,
        0.010895469338170205,
        0.013022226655613145
      ],
      [
        0.011517241668884903,
        0.010166217729089877,
        0.010546418895664766,
        0.012672486829655827
      ],
      [
        0.01205123852404244,
        0.010699133198609712,
        0.011081570216778025,
        0.013205311923378815
      ],
      [
        0.011395414385604874,
        0.01008066604637825,
        0.01043991752379636,
        0.012550202318300396
      ]
    ],
    "best_k_spin": 1.0,
    "best_k_ecc": 1.5
  }
}