{
  "_meta": {
    "generator": "scripts/lattice_harmonic_scan.py",
    "H": 335317,
    "eight_H": 2682536,
    "H_primes": [
      23,
      61,
      239
    ],
    "candidates_source": "custom",
    "detrend_kind": "quadratic",
    "n_perm_iterations": 200
  },
  "candidates": [
    2013,
    2020,
    2024
  ],
  "datasets": {
    "steinhilber": {
      "meta": {
        "name": "steinhilber",
        "label": "Steinhilber 2012 solar \u03a6 (MV)",
        "kind": "solar",
        "unit": "MV",
        "span_yr": 9416.0,
        "median_dt": 22.0
      },
      "detrend_applied": "quadratic"
    },
    "epica": {
      "meta": {
        "name": "epica",
        "label": "EPICA Dome C CO2 (ppm)",
        "kind": "climate",
        "unit": "ppm",
        "span_yr": 805719.9,
        "median_dt": 275.3400000000438
      },
      "detrend_applied": "milankovitch"
    },
    "cheng": {
      "meta": {
        "name": "cheng",
        "label": "Cheng 2016 speleothem \u03b418O (\u2030)",
        "kind": "climate",
        "unit": "\u2030",
        "span_yr": 641300.0,
        "median_dt": 50.0
      },
      "detrend_applied": "milankovitch"
    }
  },
  "ranked": [
    {
      "n": 2020,
      "period_yr": 1327.9881188118811,
      "gcd_H": 1,
      "shared_H_factors": "no H-prime factor",
      "nearest_known": null,
      "resolvable_datasets": 3,
      "significant_datasets": 1,
      "mean_r2_harmonic": 0.008253140365086958,
      "per_dataset": {
        "steinhilber": {
          "n": 2020,
          "period_yr": 1327.9881188118811,
          "cos_coeff": -14.16672071454025,
          "sin_coeff": -15.8740430497182,
          "amplitude": 21.27630650625457,
          "phase_deg": -131.74717844003942,
          "r2_total": 0.06607260264560555,
          "r2_harmonic_only": 0.010933976036831761,
          "resolvable": true,
          "perm_95_threshold": 22.409962322899304
        },
        "epica": {
          "n": 2020,
          "period_yr": 1327.9881188118811,
          "cos_coeff": -6.057940227999913,
          "sin_coeff": 0.12581264680554807,
          "amplitude": 6.059246539638064,
          "phase_deg": 178.8102395739176,
          "r2_total": 0.5516932009223827,
          "r2_harmonic_only": 0.013771009060655046,
          "resolvable": true,
          "perm_95_threshold": 2.8126915485103536
        },
        "cheng": {
          "n": 2020,
          "period_yr": 1327.9881188118811,
          "cos_coeff": -0.0016059339547114797,
          "sin_coeff": -0.012264651671551522,
          "amplitude": 0.012369345354196672,
          "phase_deg": -97.45987084335079,
          "r2_total": 0.3791264794395348,
          "r2_harmonic_only": 5.443599777406654e-05,
          "resolvable": true,
          "perm_95_threshold": 0.0447781563514298
        }
      }
    },
    {
      "n": 2024,
      "period_yr": 1325.3636363636363,
      "gcd_H": 23,
      "shared_H_factors": "23",
      "nearest_known": null,
      "resolvable_datasets": 3,
      "significant_datasets": 1,
      "mean_r2_harmonic": 0.008034155532508695,
      "per_dataset": {
        "steinhilber": {
          "n": 2024,
          "period_yr": 1325.3636363636363,
          "cos_coeff": -14.506437157952806,
          "sin_coeff": -15.839183944630246,
          "amplitude": 21.47827895920589,
          "phase_deg": -132.48524751472584,
          "r2_total": 0.06626844050667657,
          "r2_harmonic_only": 0.01112981389790279,
          "resolvable": true,
          "perm_95_threshold": 22.73996069124906
        },
        "epica": {
          "n": 2024,
          "period_yr": 1325.3636363636363,
          "cos_coeff": -5.871653736935861,
          "sin_coeff": 0.6005405039537423,
          "amplitude": 5.902284854474738,
          "phase_deg": 174.16021350992082,
          "r2_total": 0.5508285592426435,
          "r2_harmonic_only": 0.012906367380915846,
          "resolvable": true,
          "perm_95_threshold": 2.9033483904832473
        },
        "cheng": {
          "n": 2024,
          "period_yr": 1325.3636363636363,
          "cos_coeff": 0.011165456581137288,
          "sin_coeff": -0.007950385510471536,
          "amplitude": 0.013706788479814581,
          "phase_deg": -35.45284251407179,
          "r2_total": 0.37913832876046816,
          "r2_harmonic_only": 6.62853187074474e-05,
          "resolvable": true,
          "perm_95_threshold": 0.044210642830557784
        }
      }
    },
    {
      "n": 2013,
      "period_yr": 1332.6060606060605,
      "gcd_H": 61,
      "shared_H_factors": "61",
      "nearest_known": null,
      "resolvable_datasets": 3,
      "significant_datasets": 1,
      "mean_r2_harmonic": 0.007372863417012004,
      "per_dataset": {
        "steinhilber": {
          "n": 2013,
          "period_yr": 1332.6060606060605,
          "cos_coeff": -13.555651264361227,
          "sin_coeff": -15.860162182587189,
          "amplitude": 20.863854525445362,
          "phase_deg": -130.52044997264198,
          "r2_total": 0.06567605902919216,
          "r2_harmonic_only": 0.010537432420418276,
          "resolvable": true,
          "perm_95_threshold": 22.91714153504844
        },
        "epica": {
          "n": 2013,
          "period_yr": 1332.6060606060605,
          "cos_coeff": -5.536742853538371,
          "sin_coeff": 0.14382619998000118,
          "amplitude": 5.538610602128381,
          "phase_deg": 178.51198048200524,
          "r2_total": 0.549472392412258,
          "r2_harmonic_only": 0.01155020055053027,
          "resolvable": true,
          "perm_95_threshold": 2.9160904593505084
        },
        "cheng": {
          "n": 2013,
          "period_yr": 1332.6060606060605,
          "cos_coeff": -0.00019739329539347918,
          "sin_coeff": -0.009365825558253577,
          "amplitude": 0.009367905448962549,
          "phase_deg": -91.20738193595088,
          "r2_total": 0.3791030007218482,
          "r2_harmonic_only": 3.0957280087466175e-05,
          "resolvable": true,
          "perm_95_threshold": 0.04159089570381402
        }
      }
    }
  ]
}