{
  "meta": {
    "H_kyr": 335.317,
    "8H_kyr": 2682.536,
    "split_kyr_BP": 1800.0,
    "full_window_kyr": [
      0,
      5320
    ],
    "n_integers": 25,
    "min_peak_distance_kyr": 60.0
  },
  "M1_preMPT_to_postMPT": {
    "name": "M1: pre-MPT \u2192 post-MPT (forward in time)",
    "train_window_kyr": [
      1800.0,
      5320
    ],
    "test_window_kyr": [
      0,
      1800.0
    ],
    "observed_maxima_kyr_BP": [
      18.0,
      140.0,
      252.0,
      341.0,
      434.0,
      548.0,
      630.0,
      718.0,
      794.0,
      876.0,
      964.0,
      1038.0,
      1126.0,
      1198.0,
      1290.0,
      1412.0,
      1535.0,
      1655.0,
      1748.0
    ],
    "predicted_maxima_kyr_BP": [
      34.0,
      169.0,
      244.0,
      336.0,
      452.0,
      542.0,
      617.0,
      700.0,
      783.0,
      904.0,
      986.0,
      1101.0,
      1191.0,
      1306.0,
      1466.0,
      1658.0,
      1749.0
    ],
    "per_peak_offsets_kyr": [
      16.0,
      29.0,
      -8.0,
      -5.0,
      18.0,
      -6.0,
      -13.0,
      -18.0,
      -11.0,
      28.0,
      22.0,
      -52.0,
      -25.0,
      -7.0,
      16.0,
      54.0,
      -69.0,
      3.0,
      1.0
    ],
    "median_abs_offset_kyr": 16.0,
    "mean_abs_offset_kyr": 21.105263157894736,
    "fraction_within_5_kyr": 0.15789473684210525,
    "fraction_within_10_kyr": 0.3157894736842105,
    "fraction_within_20_kyr": 0.631578947368421,
    "verdict": "PARTIAL \u2014 phase partially generalizes"
  },
  "M2_postMPT_to_preMPT": {
    "name": "M2: post-MPT \u2192 pre-MPT (backward in time)",
    "train_window_kyr": [
      0,
      1800.0
    ],
    "test_window_kyr": [
      1800.0,
      5320
    ],
    "observed_maxima_kyr_BP": [
      1863.0,
      1948.0,
      2072.0,
      2155.0,
      2240.0,
      2358.0,
      2433.0,
      2525.0,
      2600.0,
      2715.0,
      2805.0,
      2920.0,
      3015.0,
      3075.0,
      3135.0,
      3235.0,
      3295.0,
      3380.0,
      3465.0,
      3580.0,
      3670.0,
      3795.0,
      3875.0,
      3995.0,
      4155.0,
      4255.0,
      4330.0,
      4415.0,
      4500.0,
      4575.0,
      4690.0,
      4770.0,
      4895.0,
      4980.0,
      5045.0,
      5105.0,
      5175.0,
      5255.0
    ],
    "predicted_maxima_kyr_BP": [
      1817.0,
      1964.0,
      2081.0,
      2169.0,
      2245.0,
      2364.0,
      2489.0,
      2601.0,
      2709.0,
      2776.0,
      2864.0,
      2953.0,
      3031.0,
      3118.0,
      3196.0,
      3317.0,
      3403.0,
      3482.0,
      3601.0,
      3691.0,
      3810.0,
      3890.0,
      3979.0,
      4097.0,
      4185.0,
      4263.0,
      4339.0,
      4429.0,
      4500.0,
      4647.0,
      4763.0,
      4851.0,
      4927.0,
      5047.0,
      5171.0,
      5283.0
    ],
    "per_peak_offsets_kyr": [
      -46.0,
      16.0,
      9.0,
      14.0,
      5.0,
      6.0,
      56.0,
      -36.0,
      1.0,
      -6.0,
      -29.0,
      33.0,
      16.0,
      43.0,
      -17.0,
      -39.0,
      22.0,
      23.0,
      17.0,
      21.0,
      21.0,
      15.0,
      15.0,
      -16.0,
      30.0,
      8.0,
      9.0,
      14.0,
      0.0,
      72.0,
      -43.0,
      -7.0,
      32.0,
      -53.0,
      2.0,
      -58.0,
      -4.0,
      28.0
    ],
    "median_abs_offset_kyr": 17.0,
    "mean_abs_offset_kyr": 23.210526315789473,
    "fraction_within_5_kyr": 0.13157894736842105,
    "fraction_within_10_kyr": 0.2894736842105263,
    "fraction_within_20_kyr": 0.5263157894736842,
    "verdict": "PARTIAL \u2014 phase partially generalizes"
  }
}