{
  "meta": {
    "script": "milankovitch_temporal_structure.py",
    "H_kyr": 335.317
  },
  "test_A_cycle_distribution": {
    "Post-MPT 0-700 kyr_obliquity": {
      "n": 16,
      "mean": 40.3125,
      "median": 40.0,
      "std": 2.868652413009751,
      "min": 36.0,
      "max": 45.0
    },
    "Post-MPT 0-700 kyr_precession": {
      "n": 28,
      "mean": 22.571428571428573,
      "median": 22.0,
      "std": 2.167582224141151,
      "min": 18.0,
      "max": 28.0
    },
    "Mid 0-1200 kyr_obliquity": {
      "n": 28,
      "mean": 40.82142857142857,
      "median": 40.0,
      "std": 3.209402522318531,
      "min": 36.0,
      "max": 50.0
    },
    "Mid 0-1200 kyr_precession": {
      "n": 50,
      "mean": 23.14,
      "median": 22.0,
      "std": 3.219899859008167,
      "min": 18.0,
      "max": 35.0
    },
    "Pre-MPT 1200-3000 kyr_obliquity": {
      "n": 43,
      "mean": 40.7906976744186,
      "median": 40.0,
      "std": 3.3206291682585847,
      "min": 33.0,
      "max": 52.0
    },
    "Pre-MPT 1200-3000 kyr_precession": {
      "n": 80,
      "mean": 22.15,
      "median": 22.0,
      "std": 3.0527016463736105,
      "min": 15.0,
      "max": 33.0
    },
    "Full LR04 0-5320 kyr_obliquity": {
      "n": 130,
      "mean": 40.52307692307692,
      "median": 40.0,
      "std": 4.439455558168333,
      "min": 31.0,
      "max": 59.0
    },
    "Full LR04 0-5320 kyr_precession": {
      "n": 235,
      "mean": 22.472340425531915,
      "median": 22.0,
      "std": 3.360511136314001,
      "min": 13.0,
      "max": 39.0
    }
  },
  "test_B_restricted_counting": {
    "obliquity_prom_0.05": {
      "n": 130,
      "mean": 40.52307692307692,
      "median": 40.0,
      "std": 4.439455558168333,
      "min": 31.0,
      "max": 59.0,
      "fraction_in_model_range": 0.7,
      "model_range": [
        37.9,
        46.2
      ]
    },
    "obliquity_prom_0.1": {
      "n": 130,
      "mean": 40.52307692307692,
      "median": 40.0,
      "std": 4.439455558168333,
      "min": 31.0,
      "max": 59.0,
      "fraction_in_model_range": 0.7,
      "model_range": [
        37.9,
        46.2
      ]
    },
    "obliquity_prom_0.2": {
      "n": 129,
      "mean": 40.542635658914726,
      "median": 40.0,
      "std": 4.451137059677112,
      "min": 31.0,
      "max": 59.0,
      "fraction_in_model_range": 0.6976744186046512,
      "model_range": [
        37.9,
        46.2
      ]
    },
    "obliquity_prom_0.3": {
      "n": 127,
      "mean": 41.181102362204726,
      "median": 41.0,
      "std": 6.4407153832605415,
      "min": 31.0,
      "max": 84.0,
      "fraction_in_model_range": 0.6929133858267716,
      "model_range": [
        37.9,
        46.2
      ]
    },
    "obliquity_prom_0.5": {
      "n": 111,
      "mean": 47.11711711711712,
      "median": 41.0,
      "std": 22.798221118299693,
      "min": 32.0,
      "max": 165.0,
      "fraction_in_model_range": 0.7297297297297297,
      "model_range": [
        37.9,
        46.2
      ]
    },
    "precession_prom_0.05": {
      "n": 235,
      "mean": 22.472340425531915,
      "median": 22.0,
      "std": 3.360511136314001,
      "min": 13.0,
      "max": 39.0,
      "fraction_in_model_range": 0.676595744680851,
      "model_range": [
        20.9573125,
        25.793615384615386
      ]
    },
    "precession_prom_0.1": {
      "n": 225,
      "mean": 23.47111111111111,
      "median": 22.0,
      "std": 6.484893924062999,
      "min": 15.0,
      "max": 83.0,
      "fraction_in_model_range": 0.6844444444444444,
      "model_range": [
        20.9573125,
        25.793615384615386
      ]
    },
    "precession_prom_0.2": {
      "n": 193,
      "mean": 27.248704663212436,
      "median": 22.0,
      "std": 17.138234268272708,
      "min": 17.0,
      "max": 157.0,
      "fraction_in_model_range": 0.7046632124352331,
      "model_range": [
        20.9573125,
        25.793615384615386
      ]
    }
  },
  "test_C_sliding_window_sweep": {
    "T=300": {
      "41.0 (Berger) vs H/8 = 41.91 (model)": {
        "T": 300,
        "n_windows": 101,
        "a_label": "41.0 (Berger)",
        "a_period": 41.0,
        "a_wins": 73,
        "a_pct": 72.27722772277228,
        "b_label": "H/8 = 41.91 (model)",
        "b_period": 41.914625,
        "b_wins": 28,
        "b_pct": 27.722772277227723
      },
      "23.7 (Berger Jup) vs H/14 = 23.95 (model)": {
        "T": 300,
        "n_windows": 101,
        "a_label": "23.7 (Berger Jup)",
        "a_period": 23.7,
        "a_wins": 50,
        "a_pct": 49.504950495049506,
        "b_label": "H/14 = 23.95 (model)",
        "b_period": 23.951214285714286,
        "b_wins": 51,
        "b_pct": 50.495049504950494
      },
      "19.2 (Berger g3+k) vs H/18 = 18.63 (model)": {
        "T": 300,
        "n_windows": 101,
        "a_label": "19.2 (Berger g3+k)",
        "a_period": 19.2,
        "a_wins": 66,
        "a_pct": 65.34653465346534,
        "b_label": "H/18 = 18.63 (model)",
        "b_period": 18.628722222222223,
        "b_wins": 35,
        "b_pct": 34.65346534653465
      }
    },
    "T=400": {
      "41.0 (Berger) vs H/8 = 41.91 (model)": {
        "T": 400,
        "n_windows": 99,
        "a_label": "41.0 (Berger)",
        "a_period": 41.0,
        "a_wins": 78,
        "a_pct": 78.78787878787878,
        "b_label": "H/8 = 41.91 (model)",
        "b_period": 41.914625,
        "b_wins": 21,
        "b_pct": 21.21212121212121
      },
      "23.7 (Berger Jup) vs H/14 = 23.95 (model)": {
        "T": 400,
        "n_windows": 99,
        "a_label": "23.7 (Berger Jup)",
        "a_period": 23.7,
        "a_wins": 46,
        "a_pct": 46.464646464646464,
        "b_label": "H/14 = 23.95 (model)",
        "b_period": 23.951214285714286,
        "b_wins": 53,
        "b_pct": 53.535353535353536
      },
      "19.2 (Berger g3+k) vs H/18 = 18.63 (model)": {
        "T": 400,
        "n_windows": 99,
        "a_label": "19.2 (Berger g3+k)",
        "a_period": 19.2,
        "a_wins": 69,
        "a_pct": 69.6969696969697,
        "b_label": "H/18 = 18.63 (model)",
        "b_period": 18.628722222222223,
        "b_wins": 30,
        "b_pct": 30.303030303030305
      }
    },
    "T=500": {
      "41.0 (Berger) vs H/8 = 41.91 (model)": {
        "T": 500,
        "n_windows": 97,
        "a_label": "41.0 (Berger)",
        "a_period": 41.0,
        "a_wins": 84,
        "a_pct": 86.5979381443299,
        "b_label": "H/8 = 41.91 (model)",
        "b_period": 41.914625,
        "b_wins": 13,
        "b_pct": 13.402061855670103
      },
      "23.7 (Berger Jup) vs H/14 = 23.95 (model)": {
        "T": 500,
        "n_windows": 97,
        "a_label": "23.7 (Berger Jup)",
        "a_period": 23.7,
        "a_wins": 56,
        "a_pct": 57.7319587628866,
        "b_label": "H/14 = 23.95 (model)",
        "b_period": 23.951214285714286,
        "b_wins": 41,
        "b_pct": 42.2680412371134
      },
      "19.2 (Berger g3+k) vs H/18 = 18.63 (model)": {
        "T": 500,
        "n_windows": 97,
        "a_label": "19.2 (Berger g3+k)",
        "a_period": 19.2,
        "a_wins": 68,
        "a_pct": 70.10309278350516,
        "b_label": "H/18 = 18.63 (model)",
        "b_period": 18.628722222222223,
        "b_wins": 29,
        "b_pct": 29.896907216494846
      }
    },
    "T=600": {
      "41.0 (Berger) vs H/8 = 41.91 (model)": {
        "T": 600,
        "n_windows": 95,
        "a_label": "41.0 (Berger)",
        "a_period": 41.0,
        "a_wins": 85,
        "a_pct": 89.47368421052632,
        "b_label": "H/8 = 41.91 (model)",
        "b_period": 41.914625,
        "b_wins": 10,
        "b_pct": 10.526315789473685
      },
      "23.7 (Berger Jup) vs H/14 = 23.95 (model)": {
        "T": 600,
        "n_windows": 95,
        "a_label": "23.7 (Berger Jup)",
        "a_period": 23.7,
        "a_wins": 53,
        "a_pct": 55.78947368421053,
        "b_label": "H/14 = 23.95 (model)",
        "b_period": 23.951214285714286,