{
  "doc_reference": "docs/17-milankovitch-evidence.md \u00a77",
  "rng_seed": 20260517,
  "candidate_periods": {
    "23.7 kyr (climatic precession)": 23.7,
    "41.0 kyr (obliquity)": 41.0,
    "95.0 kyr (g4-g5 ecc beat)": 95.0,
    "99.0 kyr (g3-g5 ecc beat)": 99.0,
    "110.0 kyr (g3-g1 Earth-Mercury)": 110.0,
    "111.77 kyr (H/3 model)": 111.77,
    "124.0 kyr (g4-g2 ecc beat)": 124.0,
    "405.0 kyr (g2-g5 ecc long)": 405.0
  },
  "results": {
    "primary_full": {
      "r2": 0.24689844189191534,
      "condition": 1.7075117374982605,
      "results": {
        "23.7 kyr (climatic precession)": {
          "period_kyr": 23.7,
          "amp": 0.11276194115003847,
          "ci_lo": 0.0803043677450415,
          "ci_hi": 0.14668158836228704
        },
        "41.0 kyr (obliquity)": {
          "period_kyr": 41.0,
          "amp": 0.5456754044495467,
          "ci_lo": 0.5131826284689158,
          "ci_hi": 0.5784745091885577
        },
        "95.0 kyr (g4-g5 ecc beat)": {
          "period_kyr": 95.0,
          "amp": 0.29910657932513235,
          "ci_lo": 0.26734271563967704,
          "ci_hi": 0.33011916690971793
        },
        "99.0 kyr (g3-g5 ecc beat)": {
          "period_kyr": 99.0,
          "amp": 0.1889310211671101,
          "ci_lo": 0.1559135267500711,
          "ci_hi": 0.22441808376934896
        },
        "110.0 kyr (g3-g1 Earth-Mercury)": {
          "period_kyr": 110.0,
          "amp": 0.08934454121342747,
          "ci_lo": 0.053187311134889004,
          "ci_hi": 0.12740328647087693
        },
        "111.77 kyr (H/3 model)": {
          "period_kyr": 111.77,
          "amp": 0.11297864925810294,
          "ci_lo": 0.07727818087016997,
          "ci_hi": 0.14908290948991076
        },
        "124.0 kyr (g4-g2 ecc beat)": {
          "period_kyr": 124.0,
          "amp": 0.16215070259312306,
          "ci_lo": 0.13219262111807878,
          "ci_hi": 0.19410558862894242
        },
        "405.0 kyr (g2-g5 ecc long)": {
          "period_kyr": 405.0,
          "amp": 0.1045822250165199,
          "ci_lo": 0.0717561394511786,
          "ci_hi": 0.1376281838594825
        }
      },
      "verdict": "AGAINST H/3 \u2014 ecc beat dominates (95.0 kyr (g4-g5 ecc beat), ratio 2.65)",
      "window_kyr": [
        0,
        5320
      ],
      "rayleigh_at_100kyr": 1.8796992481203008
    },
    "primary_post-mpt": {
      "r2": 0.6184117427856229,
      "condition": 22.23018592363811,
      "results": {
        "23.7 kyr (climatic precession)": {
          "period_kyr": 23.7,
          "amp": 0.21129875961872377,
          "ci_lo": 0.1593961299987101,
          "ci_hi": 0.26493707623181484
        },
        "41.0 kyr (obliquity)": {
          "period_kyr": 41.0,
          "amp": 0.6039413822146166,
          "ci_lo": 0.5538440599792384,
          "ci_hi": 0.6581089113269519
        },
        "95.0 kyr (g4-g5 ecc beat)": {
          "period_kyr": 95.0,
          "amp": 0.9248419621081333,
          "ci_lo": 0.7796395184779077,
          "ci_hi": 1.0960859503726905
        },
        "99.0 kyr (g3-g5 ecc beat)": {
          "period_kyr": 99.0,
          "amp": 0.3598669283186138,
          "ci_lo": 0.17140477656728317,
          "ci_hi": 0.6021467165792205
        },
        "110.0 kyr (g3-g1 Earth-Mercury)": {
          "period_kyr": 110.0,
          "amp": 3.031162621067862,
          "ci_lo": 2.372345828752968,
          "ci_hi": 3.8410154314210803
        },
        "111.77 kyr (H/3 model)": {
          "period_kyr": 111.77,
          "amp": 2.7433893028194496,
          "ci_lo": 2.1040950094780824,
          "ci_hi": 3.552532677656311
        },
        "124.0 kyr (g4-g2 ecc beat)": {
          "period_kyr": 124.0,
          "amp": 0.2700343911836022,
          "ci_lo": 0.1758352934340231,
          "ci_hi": 0.3700322030067383
        },
        "405.0 kyr (g2-g5 ecc long)": {
          "period_kyr": 405.0,
          "amp": 0.047888563729877945,
          "ci_lo": 0.0127321875543355,
          "ci_hi": 0.11163368888892092
        }
      },
      "verdict": "Support for H/3 (weaker margin \u2014 see robustness \u00a77.4)",
      "window_kyr": [
        0,
        1000
      ],
      "rayleigh_at_100kyr": 10.0
    },
    "robustness_a_collinearity": {
      "both": {
        "r2": 0.6184117427856228,
        "condition": 22.230185923638135,
        "results": {
          "23.7 kyr precession": {
            "period_kyr": 23.7,
            "amp": 0.21129875961872246,
            "ci_lo": 0.15931596454470884,
            "ci_hi": 0.2665210814763474
          },
          "41.0 kyr obliquity": {
            "period_kyr": 41.0,
            "amp": 0.6039413822146178,
            "ci_lo": 0.5479847685376206,
            "ci_hi": 0.6565667492188076
          },
          "405.0 kyr ecc-long": {
            "period_kyr": 405.0,
            "amp": 0.04788856372987545,
            "ci_lo": 0.013484093705103745,
            "ci_hi": 0.11344275116212824
          },
          "95.0 kyr g4-g5": {
            "period_kyr": 95.0,
            "amp": 0.9248419621081365,
            "ci_lo": 0.7843219853932645,
            "ci_hi": 1.1090659845993542
          },
          "99.0 kyr g3-g5": {
            "period_kyr": 99.0,
            "amp": 0.3598669283186197,
            "ci_lo": 0.1892791771960418,
            "ci_hi": 0.595351944336635
          },
          "110.0 kyr g3-g1": {
            "period_kyr": 110.0,
            "amp": 3.031162621067869,
            "ci_lo": 2.3979708019019252,
            "ci_hi": 3.776329055517534
          },
          "111.77 kyr H/3": {
            "period_kyr": 111.77,
            "amp": 2.743389302819458,
            "ci_lo": 2.1407799177424396,
            "ci_hi": 3.463611071221132
          },
          "124.0 kyr g4-g2": {
            "period_kyr": 124.0,
            "amp": 0.2700343911836043,
            "ci_lo": 0.1780680444498569,
            "ci_hi": 0.38224764670785955
          }
        }
      },
      "only_110": {
        "r2": 0.5777729244237997,
        "condition": 3.054127921394348,
        "results": {
          "23.7 kyr precession": {
            "period_kyr": 23.7,
            "amp": 0.21240944873479198,
            "ci_lo": 0.1614261966653774,
            "ci_hi": 0.2692094061928706
          },
          "41.0 kyr obliquity": {
            "period_kyr": 41.0,
            "amp": 0.6029526360200714,
            "ci_lo": 0.5437321690455292,
            "ci_hi": 0.6623376312724394
          },
          "405.0 kyr ecc-long": {
            "period_kyr": 405.0,
            "amp": 0.042784943987516214,
            "ci_lo": 0.011758801645693545,
            "ci_hi": 0.10736801338560847
          },
          "95.0 kyr g4-g5": {
            "period_kyr": 95.0,
            "amp": 0.6548000791212281,
            "ci_lo": 0.5536223743300246,
            "ci_hi": 0.7636307862720234
          },
          "99.0 kyr g3-g5": {
            "period_kyr": 99.0,
            "amp": 0.39168900869733886,
            "ci_lo": 0.2925724458852809,
            "ci_hi": 0.48209830449068874
          },
          "110.0 kyr g3-g1": {
            "period_kyr": 110.0,
            "amp": 0.2659035008055268,
            "ci_lo": 0.2032667738952636,
            "ci_hi": 0.33745761983464084
          },
          "124.0 kyr g4-g2": {
            "period_kyr": 124.0,
            "amp": 0.35299101828361096,
            "ci_lo": 0.29534990058085914,
            "ci_hi": 0.41554698180693433
          }
        }
      },
      "only_111_77": {
        "r2": 0.570211308816826,
        "condition": 2.921793451929989,
        "results": {
          "23.7 kyr precession": {
            "period_kyr": 23.7,
            "amp": 0.21207406838457857,
            "ci_lo": 0.1579658376432732,
            "ci_hi": 0.279021335285264
          },
          "41.0 kyr obliquity": {
            "period_kyr": 41.0,
            "amp": 0.6028544979295553,
            "ci_lo": 0.5447072165123468,