{
  "meta": {
    "H_kyr": 335.317,
    "8H_kyr": 2682.536,
    "full_window_kyr": [
      0,
      5320
    ],
    "sliding_window_len_kyr": 600,
    "sliding_window_step_kyr": 300,
    "n_windows": 16,
    "stability_criterion": "CV < 0.10"
  },
  "band_tracks": {
    "100k": {
      "window_centers_kyr": [
        300.0,
        600.0,
        900.0,
        1200.0,
        1500.0,
        1800.0,
        2100.0,
        2400.0,
        2700.0,
        3000.0,
        3300.0,
        3600.0,
        3900.0,
        4200.0,
        4500.0,
        4800.0
      ],
      "peak_periods_kyr": [
        99.49988803463461,
        90.29024282859756,
        80.0,
        96.39164075493528,
        124.3876265571782,
        104.76677014972296,
        96.43348043116545,
        89.83387808740774,
        94.57589840008514,
        98.41996455995273,
        125.0,
        83.28387116928556,
        86.40134819808141,
        125.0,
        103.92141576362361,
        91.73491156837106
      ],
      "peak_power": [
        0.4052939827605827,
        0.357646188972839,
        0.2882545297808684,
        0.06374219615748576,
        0.02944156819996528,
        0.05881196237382314,
        0.10773758260285272,
        0.12131948454447757,
        0.2038455119119795,
        0.17363278187968323,
        0.07984261013976883,
        0.03038672365048934,
        0.04724426313480774,
        0.06666413350460543,
        0.051548593003140596,
        0.050236854754225374
      ],
      "predicted_kyr": 107.30144
    },
    "obliquity": {
      "window_centers_kyr": [
        300.0,
        600.0,
        900.0,
        1200.0,
        1500.0,
        1800.0,
        2100.0,
        2400.0,
        2700.0,
        3000.0,
        3300.0,
        3600.0,
        3900.0,
        4200.0,
        4500.0,
        4800.0
      ],
      "peak_periods_kyr": [
        40.5695652173913,
        41.044250901733086,
        41.47111111111111,
        41.04786204469471,
        41.160123511248344,
        41.51170032921078,
        41.16375507323099,
        40.66503965832825,
        40.55545897079277,
        41.29857484287864,
        41.23287671232877,
        40.62608847091606,
        40.93621128367114,
        41.34615384615385,
        40.57309331246196,
        40.009433153245865
      ],
      "peak_power": [
        0.17010235692112208,
        0.1775952544301684,
        0.20107718330027333,
        0.3527049561895976,
        0.5124820375806771,
        0.28067032407586395,
        0.3250848199908209,
        0.5227117748710983,
        0.33263202882862986,
        0.18280486694154316,
        0.11156427921359666,
        0.2779585893178939,
        0.3067373290288668,
        0.1909377785116134,
        0.16010233539369895,
        0.28974623092162666
      ],
      "predicted_kyr": 41.269784615384616
    },
    "precession": {
      "window_centers_kyr": [
        300.0,
        600.0,
        900.0,
        1200.0,
        1500.0,
        1800.0,
        2100.0,
        2400.0,
        2700.0,
        3000.0,
        3300.0,
        3600.0,
        3900.0,
        4200.0,
        4500.0,
        4800.0
      ],
      "peak_periods_kyr": [
        22.839715896609796,
        24.021717366191762,
        23.7896529808059,
        23.467485893416928,
        22.75972272893105,
        24.402586903799513,
        22.284918196756447,
        22.434513677447196,
        22.08922880815806,
        24.428067977132116,
        22.23197358105058,
        20.330805831359857,
        24.880114860014356,
        25.207176144169384,
        19.712371763813696,
        23.722108145106088
      ],
      "peak_power": [
        0.03345304678353956,
        0.012708266715818903,
        0.022698779882917627,
        0.04505005917183256,
        0.01910809031984717,
        0.024620247550628603,
        0.021719285864943823,
        0.01164524025651767,
        0.008398369490216745,
        0.015578976171020349,
        0.017998916840582743,
        0.0390700864861621,
        0.03318134173070824,
        0.03963078447573307,
        0.016116663141365065,
        0.024549213549102698
      ],
      "predicted_kyr": 23.739256637168143
    }
  },
  "band_summaries": {
    "100k": {
      "band_range_kyr": [
        80.0,
        125.0
      ],
      "predicted_centroid_kyr": 107.30144,
      "n_windows": 16,
      "mean_peak_period_kyr": 99.37130853144008,
      "std_peak_period_kyr": 13.840007905346054,
      "coefficient_of_variation": 0.13927569345599605,
      "min_peak_period_kyr": 80.0,
      "max_peak_period_kyr": 125.0,
      "stable_cv_below_10pct": false,
      "mean_offset_from_predicted_kyr": 7.930131468559921
    },
    "obliquity": {
      "band_range_kyr": [
        35.0,
        50.0
      ],
      "predicted_centroid_kyr": 41.269784615384616,
      "n_windows": 16,
      "mean_peak_period_kyr": 40.95070615246235,
      "std_peak_period_kyr": 0.40056600782319607,
      "coefficient_of_variation": 0.009781663015330205,
      "min_peak_period_kyr": 40.009433153245865,
      "max_peak_period_kyr": 41.51170032921078,
      "stable_cv_below_10pct": true,
      "mean_offset_from_predicted_kyr": 0.3190784629222634
    },
    "precession": {
      "band_range_kyr": [
        18.0,
        26.0
      ],
      "predicted_centroid_kyr": 23.739256637168143,
      "n_windows": 16,
      "mean_peak_period_kyr": 23.03763504717267,
      "std_peak_period_kyr": 1.4803899883260057,
      "coefficient_of_variation": 0.0642596336514016,
      "min_peak_period_kyr": 19.712371763813696,
      "max_peak_period_kyr": 25.207176144169384,
      "stable_cv_below_10pct": true,
      "mean_offset_from_predicted_kyr": 0.7016215899954723
    }
  },
  "n_bands_stable": 2,
  "n_bands": 3,
  "verdict": "PARTIAL \u2014 2/3 bands stable"
}