{
  "config": {
    "H_kyr": 335.317,
    "eight_H_kyr": 2682.536,
    "base_integers": [
      9,
      12,
      14,
      16,
      18,
      20,
      21,
      22,
      25,
      28,
      30,
      31,
      35,
      38,
      39,
      48,
      50,
      53,
      65,
      66,
      68,
      73,
      76,
      113,
      120
    ],
    "sideband_integers": [
      96,
      107,
      110,
      134,
      152,
      185
    ],
    "extended_integers": [
      9,
      12,
      14,
      16,
      18,
      20,
      21,
      22,
      25,
      28,
      30,
      31,
      35,
      38,
      39,
      48,
      50,
      53,
      65,
      66,
      68,
      73,
      76,
      96,
      107,
      110,
      113,
      120,
      134,
      141,
      152,
      185
    ],
    "period_405k_kyr": 404.5,
    "period_13h_kyr": 4359.121,
    "period_9m_kyr": 9000.0
  },
  "lr04_full": {
    "a0_baseline_25": {
      "integers": [
        9,
        12,
        14,
        16,
        18,
        20,
        21,
        22,
        25,
        28,
        30,
        31,
        35,
        38,
        39,
        48,
        50,
        53,
        65,
        66,
        68,
        73,
        76,
        113,
        120
      ],
      "r2": 0.2320586554529558,
      "condition": 1.5392311417818085,
      "n_components": 25
    },
    "a1_extended_31": {
      "integers": [
        9,
        12,
        14,
        16,
        18,
        20,
        21,
        22,
        25,
        28,
        30,
        31,
        35,
        38,
        39,
        48,
        50,
        53,
        65,
        66,
        68,
        73,
        76,
        96,
        107,
        110,
        113,
        120,
        134,
        141,
        152,
        185
      ],
      "added_sidebands": [
        96,
        107,
        110,
        134,
        152,
        185
      ],
      "r2": 0.23851038083532317,
      "delta_r2_vs_a0": 0.006451725382367379,
      "condition": 1.5394295853549709,
      "n_components": 32
    },
    "a2_plus_405k": {
      "added_period_kyr": 404.5,
      "r2": 0.24436764134400268,
      "delta_r2_vs_a1": 0.005857260508679518,
      "amp_405k": 0.10814415008429719,
      "condition": 1.562218889789779,
      "n_components": 33
    },
    "a3_plus_13h": {
      "added_period_kyr": 4359.121,
      "n_cycles_in_window": 1.2204295315500533,
      "r2": 0.31909397144224305,
      "delta_r2_vs_a2": 0.07472633009824037,
      "amp_13h": 0.3995891195321221,
      "condition": 1.607842519603236,
      "n_components": 34
    },
    "a4_plus_9m": {
      "added_period_kyr": 9000.0,
      "n_cycles_in_window": 0.5911111111111111,
      "r2": 0.3339865538648913,
      "delta_r2_vs_a3": 0.014892582422648237,
      "amp_9m": 0.4078381920347166,
      "condition": 9.302344763481809,
      "n_components": 35
    },
    "summary": {
      "label": "LR04 full 0-5320 kyr",
      "n_samples": 5321,
      "window_kyr": [
        0.0,
        5320.0
      ],
      "duration_kyr": 5320.0,
      "ceiling_r2": 0.3339865538648913,
      "total_delta_vs_baseline": 0.1019278984119355
    }
  },
  "lr04_pre_mpt": {
    "a0_baseline_25": {
      "integers": [
        9,
        12,
        14,
        16,
        18,
        20,
        21,
        22,
        25,
        28,
        30,
        31,
        35,
        38,
        39,
        48,
        50,
        53,
        65,
        66,
        68,
        73,
        76,
        113,
        120
      ],
      "r2": 0.7241350585221142,
      "condition": 2.854219734002288,
      "n_components": 25
    },
    "a1_extended_31": {
      "integers": [
        9,
        12,
        14,
        16,
        18,
        20,
        21,
        22,
        25,
        28,
        30,
        31,
        35,
        38,
        39,
        48,
        50,
        53,
        65,
        66,
        68,
        73,
        76,
        96,
        107,
        110,
        113,
        120,
        134,
        141,
        152,
        185
      ],
      "added_sidebands": [
        96,
        107,
        110,
        134,
        152,
        185
      ],
      "r2": 0.7359163969801896,
      "delta_r2_vs_a0": 0.011781338458075385,
      "condition": 2.854490475461001,
      "n_components": 32
    },
    "a2_plus_405k": {
      "added_period_kyr": 404.5,
      "r2": 0.7414127816687175,
      "delta_r2_vs_a1": 0.005496384688527867,
      "amp_405k": 0.10710822459668501,
      "condition": 2.888083487680731,
      "n_components": 33
    },
    "a3_plus_13h": {
      "added_period_kyr": 4359.121,
      "n_cycles_in_window": 0.4129272851109203,
      "r2": 0.7599173812025608,
      "delta_r2_vs_a2": 0.018504599533843313,
      "amp_13h": 0.6345902072762375,
      "condition": 7.423470857837058,
      "n_components": 34
    },
    "a4_plus_9m": {
      "added_period_kyr": 9000.0,
      "n_cycles_in_window": 0.2,
      "r2": 0.7635437375940828,
      "delta_r2_vs_a3": 0.0036263563915219788,
      "amp_9m": 24.23649243533688,
      "condition": 1321.9823961180173,
      "n_components": 35
    },
    "summary": {
      "label": "LR04 pre-MPT 1200-3000 kyr",
      "n_samples": 1801,
      "window_kyr": [
        1200.0,
        3000.0
      ],
      "duration_kyr": 1800.0,
      "ceiling_r2": 0.7635437375940828,
      "total_delta_vs_baseline": 0.039408679071968544
    }
  },
  "lr04_post_mpt": {
    "a0_baseline_25": {
      "integers": [
        9,
        12,
        14,
        16,
        18,
        20,
        21,
        22,
        25,
        28,
        30,
        31,
        35,
        38,
        39,
        48,
        50,
        53,
        65,
        66,
        68,
        73,
        76,
        113,
        120
      ],
      "r2": 0.8652304695039847,
      "condition": 628.2303515032002,
      "n_components": 25
    },
    "a1_extended_31": {
      "integers": [
        9,
        12,
        14,
        16,
        18,
        20,
        21,
        22,
        25,
        28,
        30,
        31,
        35,
        38,
        39,
        48,
        50,
        53,
        65,
        66,
        68,
        73,
        76,
        96,
        107,
        110,
        113,
        120,
        134,
        141,
        152,
        185
      ],
      "added_sidebands": [
        96,
        107,
        110,
        134,
        152,
        185
      ],
      "r2": 0.8761816561553875,
      "delta_r2_vs_a0": 0.010951186651402711,
      "condition": 633.3006231536197,
      "n_components": 32
    },
    "a2_plus_405k": {
      "added_period_kyr": 404.5,
      "r2": 0.8858233033630941,
      "delta_r2_vs_a1": 0.00964164720770666,
      "amp_405k": 0.26014353626952325,
      "condition": 886.7150807561327,
      "n_components": 33
    },
    "a3_plus_13h": {
      "added_period_kyr": 4359.121,
      "n_cycles_in_window": 0.22940404728384461,
      "r2": 0.893868243989445,
      "delta_r2_vs_a2": 0.00804494062635086,
      "amp_13h": 3.2291161024836077,
      "condition": 4569.924175793862,
      "n_components": 34
    },
    "a4_plus_9m": {
      "added_period_kyr": 9000.0,
      "n_cycles_in_window": 0.1111111111111111,
      "r2": 0.9021949444372738,
      "delta_r2_vs_a3": 0.008326700447828794,
      "amp_9m": 1537019.838507392,
      "condition": 36415239.174516514,
      "n_components": 35
    },
    "summary": {
      "label": "LR04 post-MPT 0-1000 kyr",
      "n_samples": 1001,
      "window_kyr": [
        0.0,
        1000.0
      ],
      "duration_kyr": 1000.0,
      "ceiling_r2": 0.9021949444372738,
      "total_delta_vs_baseline": 0.03696447493328903
    }
  },