{
  "meta": {
    "H_kyr": 335.317,
    "8H_kyr": 2682.536,
    "fit_window_kyr": [
      0,
      5320
    ],
    "phase_test_window_kyr": [
      0,
      1000
    ],
    "n_integers": 32,
    "min_peak_distance_kyr": 60.0
  },
  "observed_glacial_maxima_kyr_BP": [
    18.0,
    140.0,
    252.0,
    341.0,
    434.0,
    548.0,
    630.0,
    718.0,
    794.0,
    876.0,
    964.0
  ],
  "model_glacial_maxima_kyr_BP": [
    31.0,
    91.0,
    182.0,
    343.0,
    438.0,
    546.0,
    630.0,
    721.0,
    797.0,
    918.0,
    988.0
  ],
  "per_peak_offsets_kyr": [
    13.0,
    42.0,
    -70.0,
    2.0,
    4.0,
    -2.0,
    0.0,
    3.0,
    3.0,
    42.0,
    24.0
  ],
  "median_abs_offset_kyr": 4.0,
  "mean_abs_offset_kyr": 18.636363636363637,
  "fraction_within_5_kyr": 0.5454545454545454,
  "fraction_within_10_kyr": 0.5454545454545454,
  "null": {
    "n_trials": 1000,
    "shift_range_kyr": [
      -20.0,
      20.0
    ],
    "median_of_null_medians_kyr": 15.586753981450272,
    "p_value_obs_le_null": 0.001
  },
  "verdict": "POSITIVE \u2014 model peaks coincide with MIS glacial maxima better than random"
}