{
  "config": {
    "H_kyr": 335.317,
    "eight_H_kyr": 2682.536,
    "base_integers": [
      9,
      12,
      14,
      16,
      18,
      20,
      21,
      22,
      25,
      28,
      30,
      31,
      35,
      38,
      39,
      48,
      50,
      53,
      65,
      66,
      68,
      73,
      76,
      113,
      120
    ],
    "sideband_integers": [
      96,
      107,
      110,
      134,
      152,
      185
    ],
    "extended_integers": [
      9,
      12,
      14,
      16,
      18,
      20,
      21,
      22,
      25,
      28,
      30,
      31,
      35,
      38,
      39,
      48,
      50,
      53,
      65,
      66,
      68,
      73,
      76,
      96,
      107,
      110,
      113,
      120,
      134,
      152,
      185
    ],
    "period_405k_kyr": 404.5,
    "period_13h_kyr": 4359.121,
    "period_9m_kyr": 9000.0
  },
  "lr04_full": {
    "a0_baseline_25": {
      "integers": [
        9,
        12,
        14,
        16,
        18,
        20,
        21,
        22,
        25,
        28,
        30,
        31,
        35,
        38,
        39,
        48,
        50,
        53,
        65,
        66,
        68,
        73,
        76,
        113,
        120
      ],
      "r2": 0.2320586554529558,
      "condition": 1.5392311417818085,
      "n_components": 25
    },
    "a1_extended_31": {
      "integers": [
        9,
        12,
        14,
        16,
        18,
        20,
        21,
        22,
        25,
        28,
        30,
        31,
        35,
        38,
        39,
        48,
        50,
        53,
        65,
        66,
        68,
        73,
        76,
        96,
        107,
        110,
        113,
        120,
        134,
        152,
        185
      ],
      "added_sidebands": [
        96,
        107,
        110,
        134,
        152,
        185
      ],
      "r2": 0.23693950461885127,
      "delta_r2_vs_a0": 0.0048808491658954845,
      "condition": 1.5394279570872345,
      "n_components": 31
    },
    "a2_plus_405k": {
      "added_period_kyr": 404.5,
      "r2": 0.2427858503975816,
      "delta_r2_vs_a1": 0.005846345778730333,
      "amp_405k": 0.10804329475395226,
      "condition": 1.5622084791646007,
      "n_components": 32
    },
    "a3_plus_13h": {
      "added_period_kyr": 4359.121,
      "n_cycles_in_window": 1.2204295315500533,
      "r2": 0.31749988419609343,
      "delta_r2_vs_a2": 0.07471403379851183,
      "amp_13h": 0.399561835495703,
      "condition": 1.6078302648406921,
      "n_components": 33
    },
    "a4_plus_9m": {
      "added_period_kyr": 9000.0,
      "n_cycles_in_window": 0.5911111111111111,
      "r2": 0.33237593266055676,
      "delta_r2_vs_a3": 0.014876048464463332,
      "amp_9m": 0.40685565343880203,
      "condition": 9.302252250924644,
      "n_components": 34
    },
    "summary": {
      "label": "LR04 full 0-5320 kyr",
      "n_samples": 5321,
      "window_kyr": [
        0.0,
        5320.0
      ],
      "duration_kyr": 5320.0,
      "ceiling_r2": 0.33237593266055676,
      "total_delta_vs_baseline": 0.10031727720760097
    }
  },
  "lr04_pre_mpt": {
    "a0_baseline_25": {
      "integers": [
        9,
        12,
        14,
        16,
        18,
        20,
        21,
        22,
        25,
        28,
        30,
        31,
        35,
        38,
        39,
        48,
        50,
        53,
        65,
        66,
        68,
        73,
        76,
        113,
        120
      ],
      "r2": 0.7241350585221142,
      "condition": 2.854219734002288,
      "n_components": 25
    },
    "a1_extended_31": {
      "integers": [
        9,
        12,
        14,
        16,
        18,
        20,
        21,
        22,
        25,
        28,
        30,
        31,
        35,
        38,
        39,
        48,
        50,
        53,
        65,
        66,
        68,
        73,
        76,
        96,
        107,
        110,
        113,
        120,
        134,
        152,
        185
      ],
      "added_sidebands": [
        96,
        107,
        110,
        134,
        152,
        185
      ],
      "r2": 0.7329742972634757,
      "delta_r2_vs_a0": 0.0088392387413615,
      "condition": 2.8544446101795367,
      "n_components": 31
    },
    "a2_plus_405k": {
      "added_period_kyr": 404.5,
      "r2": 0.7384496550932343,
      "delta_r2_vs_a1": 0.005475357829758609,
      "amp_405k": 0.10689698901805449,
      "condition": 2.8880306924963532,
      "n_components": 32
    },
    "a3_plus_13h": {
      "added_period_kyr": 4359.121,
      "n_cycles_in_window": 0.4129272851109203,
      "r2": 0.7570147426869615,
      "delta_r2_vs_a2": 0.018565087593727103,
      "amp_13h": 0.6355072441736582,
      "condition": 7.423211876400073,
      "n_components": 33
    },
    "a4_plus_9m": {
      "added_period_kyr": 9000.0,
      "n_cycles_in_window": 0.2,
      "r2": 0.7606185837027315,
      "delta_r2_vs_a3": 0.0036038410157700485,
      "amp_9m": 24.40880218102258,
      "condition": 1321.90341870704,
      "n_components": 34
    },
    "summary": {
      "label": "LR04 pre-MPT 1200-3000 kyr",
      "n_samples": 1801,
      "window_kyr": [
        1200.0,
        3000.0
      ],
      "duration_kyr": 1800.0,
      "ceiling_r2": 0.7606185837027315,
      "total_delta_vs_baseline": 0.03648352518061726
    }
  },
  "lr04_post_mpt": {
    "a0_baseline_25": {
      "integers": [
        9,
        12,
        14,
        16,
        18,
        20,
        21,
        22,
        25,
        28,
        30,
        31,
        35,
        38,
        39,
        48,
        50,
        53,
        65,
        66,
        68,
        73,
        76,
        113,
        120
      ],
      "r2": 0.8652304695039847,
      "condition": 628.2303515032002,
      "n_components": 25
    },
    "a1_extended_31": {
      "integers": [
        9,
        12,
        14,
        16,
        18,
        20,
        21,
        22,
        25,
        28,
        30,
        31,
        35,
        38,
        39,
        48,
        50,
        53,
        65,
        66,
        68,
        73,
        76,
        96,
        107,
        110,
        113,
        120,
        134,
        152,
        185
      ],
      "added_sidebands": [
        96,
        107,
        110,
        134,
        152,
        185
      ],
      "r2": 0.8705705769839625,
      "delta_r2_vs_a0": 0.005340107479977707,
      "condition": 632.1773580574252,
      "n_components": 31
    },
    "a2_plus_405k": {
      "added_period_kyr": 404.5,
      "r2": 0.8805508862065389,
      "delta_r2_vs_a1": 0.009980309222576422,
      "amp_405k": 0.2641824267617278,
      "condition": 883.4986907695366,
      "n_components": 32
    },
    "a3_plus_13h": {
      "added_period_kyr": 4359.121,
      "n_cycles_in_window": 0.22940404728384461,
      "r2": 0.8884592180280406,
      "delta_r2_vs_a2": 0.007908331821501746,
      "amp_13h": 3.1540506585864088,
      "condition": 4569.636864332028,
      "n_components": 33
    },
    "a4_plus_9m": {
      "added_period_kyr": 9000.0,
      "n_cycles_in_window": 0.1111111111111111,
      "r2": 0.8975368788173824,
      "delta_r2_vs_a3": 0.009077660789341802,
      "amp_9m": 1604396.823541971,
      "condition": 36340555.04455275,
      "n_components": 34
    },
    "summary": {
      "label": "LR04 post-MPT 0-1000 kyr",
      "n_samples": 1001,
      "window_kyr": [
        0.0,
        1000.0
      ],
      "duration_kyr": 1000.0,
      "ceiling_r2": 0.8975368788173824,
      "total_delta_vs_baseline": 0.03230640931339768
    }
  },