{
  "meta": {
    "H_kyr": 335.317,
    "8H_kyr": 2682.536,
    "epica_source": "Bereiter et al. 2015 GRL 42, 542 \u2014 NOAA paleo composite",
    "matched_window_kyr": [
      0,
      800
    ],
    "bands": {
      "100k": {
        "range_kyr": [
          80.0,
          125.0
        ],
        "predicted_n": 25,
        "predicted_kyr": 107.30144
      },
      "obliquity": {
        "range_kyr": [
          35.0,
          50.0
        ],
        "predicted_n": 65,
        "predicted_kyr": 41.269784615384616
      },
      "precession": {
        "range_kyr": [
          18.0,
          26.0
        ],
        "predicted_n": 113,
        "predicted_kyr": 23.739256637168143
      }
    }
  },
  "H1_band_centroid_agreement": {
    "bands": {
      "100k": {
        "band_range_kyr": [
          80.0,
          125.0
        ],
        "predicted_centroid_kyr": 107.30144,
        "lr04_peak_kyr": 98.33284154617881,
        "epica_peak_kyr": 101.02694304445035,
        "diff_kyr": 2.694101498271536,
        "rayleigh_resolution_kyr": 13.1328125,
        "centroids_agree": true
      },
      "obliquity": {
        "band_range_kyr": [
          35.0,
          50.0
        ],
        "predicted_centroid_kyr": 41.269784615384616,
        "lr04_peak_kyr": 40.75028386758669,
        "epica_peak_kyr": 40.51319902744008,
        "diff_kyr": 0.2370848401466077,
        "rayleigh_resolution_kyr": 2.2578125,
        "centroids_agree": true
      },
      "precession": {
        "band_range_kyr": [
          18.0,
          26.0
        ],
        "predicted_centroid_kyr": 23.739256637168143,
        "lr04_peak_kyr": 23.5193907557745,
        "epica_peak_kyr": 23.621507004922375,
        "diff_kyr": 0.1021162491478762,
        "rayleigh_resolution_kyr": 0.605,
        "centroids_agree": true
      }
    },
    "n_agree": 3,
    "n_bands": 3,
    "verdict": "POSITIVE \u2014 chronology-and-proxy-independent agreement"
  },
  "H2_permutation_formula_amplitudes": {
    "formula_integers": [
      9,
      12,
      14,
      16,
      18,
      20,
      21,
      22,
      25,
      28,
      30
    ],
    "n_permutations": 1000,
    "epica_mean_amp_at_formula": 0.30961916261491157,
    "null_mean_amp": 0.32746789701435935,
    "null_p95_amp": 0.38413269063488303,
    "p_value": 0.707,
    "significant_at_05": false,
    "verdict": "NULL"
  },
  "H3_termination_timing": {
    "epica_co2_maxima_kyr_BP": [
      123.0,
      191.0,
      243.0,
      335.0,
      408.0,
      490.0,
      558.0,
      612.0,
      698.0,
      787.0
    ],
    "model_minima_kyr_BP": [
      102.0,
      154.0,
      214.0,
      327.0,
      405.0,
      487.0,
      573.0,
      688.0,
      779.0
    ],
    "per_event_offsets_kyr": [
      -21.0,
      23.0,
      -29.0,
      -8.0,
      -3.0,
      -3.0,
      15.0,
      -39.0,
      -10.0,
      -8.0
    ],
    "median_abs_offset_kyr": 12.5,
    "fraction_within_5_kyr": 0.2,
    "fraction_within_10_kyr": 0.5,
    "verdict": "NULL"
  }
}