{
  "meta": {
    "H_kyr": 335.317,
    "8H_kyr": 2682.536,
    "fit_window_kyr": [
      0,
      5320
    ],
    "phase_test_window_kyr": [
      0,
      1000
    ],
    "n_integers": 25,
    "min_peak_distance_kyr": 60.0
  },
  "observed_glacial_maxima_kyr_BP": [
    18.0,
    140.0,
    252.0,
    341.0,
    434.0,
    548.0,
    630.0,
    718.0,
    794.0,
    876.0,
    964.0
  ],
  "model_glacial_maxima_kyr_BP": [
    29.0,
    180.0,
    273.0,
    347.0,
    436.0,
    545.0,
    632.0,
    720.0,
    799.0,
    916.0,
    988.0
  ],
  "per_peak_offsets_kyr": [
    11.0,
    40.0,
    21.0,
    6.0,
    2.0,
    -3.0,
    2.0,
    2.0,
    5.0,
    40.0,
    24.0
  ],
  "median_abs_offset_kyr": 6.0,
  "mean_abs_offset_kyr": 14.181818181818182,
  "fraction_within_5_kyr": 0.45454545454545453,
  "fraction_within_10_kyr": 0.5454545454545454,
  "null": {
    "n_trials": 1000,
    "shift_range_kyr": [
      -20.0,
      20.0
    ],
    "median_of_null_medians_kyr": 14.439669006635086,
    "p_value_obs_le_null": 0.006
  },
  "verdict": "POSITIVE (weak) \u2014 significantly better than null, but <50% within \u00b15 kyr"
}