{
  "meta": {
    "H_kyr": 335.317,
    "8H_kyr": 2682.536,
    "split_kyr_BP": 1800.0,
    "full_window_kyr": [
      0,
      5320
    ],
    "n_integers": 32,
    "min_peak_distance_kyr": 60.0
  },
  "M1_preMPT_to_postMPT": {
    "name": "M1: pre-MPT \u2192 post-MPT (forward in time)",
    "train_window_kyr": [
      1800.0,
      5320
    ],
    "test_window_kyr": [
      0,
      1800.0
    ],
    "observed_maxima_kyr_BP": [
      18.0,
      140.0,
      252.0,
      341.0,
      434.0,
      548.0,
      630.0,
      718.0,
      794.0,
      876.0,
      964.0,
      1038.0,
      1126.0,
      1198.0,
      1290.0,
      1412.0,
      1535.0,
      1655.0,
      1748.0
    ],
    "predicted_maxima_kyr_BP": [
      35.0,
      167.0,
      244.0,
      338.0,
      452.0,
      585.0,
      701.0,
      784.0,
      903.0,
      987.0,
      1099.0,
      1191.0,
      1308.0,
      1393.0,
      1466.0,
      1658.0,
      1748.0
    ],
    "per_peak_offsets_kyr": [
      17.0,
      27.0,
      -8.0,
      -3.0,
      18.0,
      37.0,
      -45.0,
      -17.0,
      -10.0,
      27.0,
      23.0,
      -51.0,
      -27.0,
      -7.0,
      18.0,
      -19.0,
      -69.0,
      3.0,
      0.0
    ],
    "median_abs_offset_kyr": 18.0,
    "mean_abs_offset_kyr": 22.42105263157895,
    "fraction_within_5_kyr": 0.15789473684210525,
    "fraction_within_10_kyr": 0.3157894736842105,
    "fraction_within_20_kyr": 0.5789473684210527,
    "verdict": "PARTIAL \u2014 phase partially generalizes"
  },
  "M2_postMPT_to_preMPT": {
    "name": "M2: post-MPT \u2192 pre-MPT (backward in time)",
    "train_window_kyr": [
      0,
      1800.0
    ],
    "test_window_kyr": [
      1800.0,
      5320
    ],
    "observed_maxima_kyr_BP": [
      1863.0,
      1948.0,
      2072.0,
      2155.0,
      2240.0,
      2358.0,
      2433.0,
      2525.0,
      2600.0,
      2715.0,
      2805.0,
      2920.0,
      3015.0,
      3075.0,
      3135.0,
      3235.0,
      3295.0,
      3380.0,
      3465.0,
      3580.0,
      3670.0,
      3795.0,
      3875.0,
      3995.0,
      4155.0,
      4255.0,
      4330.0,
      4415.0,
      4500.0,
      4575.0,
      4690.0,
      4770.0,
      4895.0,
      4980.0,
      5045.0,
      5105.0,
      5175.0,
      5255.0
    ],
    "predicted_maxima_kyr_BP": [
      1819.0,
      1961.0,
      2081.0,
      2167.0,
      2243.0,
      2366.0,
      2488.0,
      2601.0,
      2713.0,
      2774.0,
      2865.0,
      2950.0,
      3033.0,
      3118.0,
      3195.0,
      3322.0,
      3403.0,
      3481.0,
      3601.0,
      3690.0,
      3808.0,
      3891.0,
      3977.0,
      4097.0,
      4184.0,
      4261.0,
      4337.0,
      4429.0,
      4501.0,
      4644.0,
      4764.0,
      4850.0,
      4926.0,
      5049.0,
      5171.0,
      5283.0
    ],
    "per_peak_offsets_kyr": [
      -44.0,
      13.0,
      9.0,
      12.0,
      3.0,
      8.0,
      55.0,
      -37.0,
      1.0,
      -2.0,
      -31.0,
      30.0,
      18.0,
      -42.0,
      -17.0,
      -40.0,
      27.0,
      23.0,
      16.0,
      21.0,
      20.0,
      13.0,
      16.0,
      -18.0,
      29.0,
      6.0,
      7.0,
      14.0,
      1.0,
      69.0,
      -46.0,
      -6.0,
      31.0,
      -54.0,
      4.0,
      -56.0,
      -4.0,
      28.0
    ],
    "median_abs_offset_kyr": 18.0,
    "mean_abs_offset_kyr": 22.92105263157895,
    "fraction_within_5_kyr": 0.15789473684210525,
    "fraction_within_10_kyr": 0.2894736842105263,
    "fraction_within_20_kyr": 0.5526315789473685,
    "verdict": "PARTIAL \u2014 phase partially generalizes"
  }
}