{
  "constants": {
    "A_TODAY_KM": 384399,
    "T_M_TODAY_S": 2360591.558784,
    "R_E_KM": 6378.137,
    "J2_EARTH": 0.00108263,
    "e_M": 0.054900489,
    "i_M_deg": 5.1453964
  },
  "epochs": [
    {
      "t_Ma": 0,
      "label": "Today (J2000)",
      "a_km": 384399,
      "LOD_s": 86400,
      "T_S_s": 31558149.764,
      "H_yr": 335317,
      "T_M_s": 2360591.558784,
      "T_M_pastDays": 27.321661560000003,
      "T_M_currentDays": 27.321661560000003,
      "daysPerYear": 365.25636300925925,
      "m": 0.07480132949609258,
      "apse_Brown_s": 279932113.6468824,
      "apse_Brown_pd": 3239.955019061139,
      "apse_Brown_cd": 3239.955019061139,
      "apse_Brown_yr": 8.870358868954204,
      "nod_Brown_s": 561340468.1370766,
      "nod_Brown_pd": 6496.996158993942,
      "nod_Brown_cd": 6496.996158993942,
      "nod_Brown_yr": 17.787496172460227,
      "ano_Brown_pd": 27.55401710989686,
      "nodM_Brown_pd": 27.20724757666407,
      "apse_FW_s": 279208023.86319757,
      "apse_FW_pd": 3231.5743502684904,
      "apse_FW_cd": 3231.5743502684904,
      "apse_FW_yr": 8.847414248021108,
      "nod_FW_s": 587398507.0449729,
      "nod_FW_pd": 6798.593831539039,
      "nod_FW_cd": 6798.593831539039,
      "nod_FW_yr": 18.613211212878156,
      "ano_FW_pd": 27.554544242550257,
      "nodM_FW_pd": 27.212224268528118
    },
    {
      "t_Ma": 90,
      "label": "90 Mya (Pannella)",
      "a_km": 379950,
      "LOD_s": 84812.4,
      "T_S_s": 31558119,
      "H_yr": 329156,
      "T_M_s": 2319728.452169087,
      "T_M_pastDays": 27.351288870130865,
      "T_M_currentDays": 26.84870893714221,
      "daysPerYear": 372.0932198593602,
      "m": 0.07350654999967161,
      "apse_Brown_s": 288300333.18392086,
      "apse_Brown_pd": 3399.2710167843484,
      "apse_Brown_cd": 3336.8094118509357,
      "apse_Brown_yr": 9.135536030646215,
      "nod_Brown_s": 571223983.5192661,
      "nod_Brown_pd": 6735.147024718864,
      "nod_Brown_cd": 6611.3886981396545,
      "nod_Brown_yr": 18.100698065029356,
      "ano_Brown_pd": 27.57314854154128,
      "nodM_Brown_pd": 27.240665108295083,
      "apse_FW_s": 274077683.8407388,
      "apse_FW_pd": 3231.57561678173,
      "apse_FW_cd": 3172.1954148233654,
      "apse_FW_yr": 8.68485488126649,
      "nod_FW_s": 576605285.4601166,
      "nod_FW_pd": 6798.596496032616,
      "nod_FW_cd": 6673.672285418016,
      "nod_FW_yr": 18.271218429086872,
      "ano_FW_pd": 27.584678962367434,
      "nodM_FW_pd": 27.241614623959716
    },
    {
      "t_Ma": 200,
      "label": "200 Mya (Triassic)",
      "a_km": 376730,
      "LOD_s": 82758.3,
      "T_S_s": 31558081.4,
      "H_yr": 321186,
      "T_M_s": 2290302.1690709814,
      "T_M_pastDays": 27.67459178198418,
      "T_M_currentDays": 26.508126956840062,
      "daysPerYear": 381.3282945638081,
      "m": 0.07257418916065606,
      "apse_Brown_s": 294538363.99063194,
      "apse_Brown_pd": 3559.019022752182,
      "apse_Brown_cd": 3409.008842484166,
      "apse_Brown_yr": 9.333215167847053,
      "nod_Brown_s": 578558970.7335751,
      "nod_Brown_pd": 6990.94798628748,
      "nod_Brown_cd": 6696.2843834904525,
      "nod_Brown_yr": 18.33314780452956,
      "ano_Brown_pd": 27.891473212065772,
      "nodM_Brown_pd": 27.565470224045942,
      "apse_FW_s": 267441000.85858572,
      "apse_FW_pd": 3231.5912827907982,
      "apse_FW_cd": 3095.381954381779,
      "apse_FW_yr": 8.474564643799471,
      "nod_FW_s": 562643015.9611657,
      "nod_FW_pd": 6798.629454219887,
      "nod_FW_cd": 6512.071943994973,
      "nod_FW_yr": 17.82880932556203,
      "ano_FW_pd": 27.91355494233213,
      "nodM_FW_pd": 27.562315290915283
    },
    {
      "t_Ma": 300,
      "label": "300 Mya (Permian)",
      "a_km": 373950,
      "LOD_s": 80999.2,
      "T_S_s": 31558047.3,
      "H_yr": 314361,
      "T_M_s": 2264997.788674172,
      "T_M_pastDays": 27.96321184251415,
      "T_M_currentDays": 26.215252183728843,
      "daysPerYear": 389.60937021600216,
      "m": 0.0717724315177819,
      "apse_Brown_s": 300050853.07454294,
      "apse_Brown_pd": 3704.368105790464,
      "apse_Brown_cd": 3472.8107994738766,
      "apse_Brown_yr": 9.50790301510648,
      "nod_Brown_s": 585018722.2869284,
      "nod_Brown_pd": 7222.524695144254,
      "nod_Brown_cd": 6771.050026469079,
      "nod_Brown_yr": 18.53786188751065,
      "ano_Brown_pd": 28.175903653972828,
      "nodM_Brown_pd": 27.855365139425956,
      "apse_FW_s": 261757765.36346436,
      "apse_FW_pd": 3231.6092672947925,
      "apse_FW_cd": 3029.6037657808374,
      "apse_FW_yr": 8.294485488126648,
      "nod_FW_s": 550686611.5612158,
      "nod_FW_pd": 6798.667290062319,
      "nod_FW_cd": 6373.6876338103675,
      "nod_FW_yr": 17.449958368026646,
      "ano_FW_pd": 28.207205920105178,
      "nodM_FW_pd": 27.848586747684134
    },
    {
      "t_Ma": 380,
      "label": "380 Mya (Devonian)",
      "a_km": 371314,
      "LOD_s": 79632,
      "T_S_s": 31558020,
      "H_yr": 309083,
      "T_M_s": 2241090.8488531094,
      "T_M_pastDays": 28.143093842338626,
      "T_M_currentDays": 25.938551491355433,
      "daysPerYear": 396.2982218203737,
      "m": 0.07101493848007921,
      "apse_Brown_s": 305389548.3884522,
      "apse_Brown_pd": 3835.0104027081093,
      "apse_Brown_cd": 3534.601254495974,
      "apse_Brown_yr": 9.677082034565291,
      "nod_Brown_s": 591255810.9466627,
      "nod_Brown_pd": 7424.851955830101,
      "nod_Brown_cd": 6843.23855262341,
      "nod_Brown_yr": 18.735516706899315,
      "ano_Brown_pd": 28.351147779278875,
      "nodM_Brown_pd": 28.036823312740797,
      "apse_FW_s": 257362730.75620055,
      "apse_FW_pd": 3231.9008784935772,
      "apse_FW_cd": 2978.735309678247,
      "apse_FW_yr": 8.155224274406333,
      "nod_FW_s": 541440327.2639468,
      "nod_FW_pd": 6799.280782398367,
      "nod_FW_cd": 6266.670454443828,
      "nod_FW_yr": 17.15698029419928,
      "ano_FW_pd": 28.390228527521916,
      "nodM_FW_pd": 28.02700277551677
    },
    {
      "t_Ma": 650,
      "label": "650 Mya (Ediacaran)",
      "a_km": 361540,
      "LOD_s": 75240,
      "T_S_s": 31557929.5,
      "H_yr": 291988,
      "T_M_s": 2153188.276483656,
      "T_M_pastDays": 28.617600697549918,
      "T_M_currentDays": 24.92116060744972,
      "daysPerYear": 419.43021664008506,
      "m": 0.06822970678363598,
      "apse_Brown_s": 326180854.8041399,
      "apse_Brown_pd": 4335.205406753587,
      "apse_Brown_cd": 3775.2413750479154,
      "apse_Brown_yr": 10.33593965041781,
      "nod_Brown_s": 615378811.0657486,
      "nod_Brown_pd": 8178.878403319359,
      "nod_Brown_cd": 7122.439942890608,
      "nod_Brown_yr": 19.499974200327323,
      "ano_Brown_pd": 28.807766812015938,
      "nodM_Brown_pd": 28.517817880807325,
      "apse_FW_s": 243127617.91150397,
      "apse_FW_pd": 3231.36121626135,
      "apse_FW_cd": 2813.9770591609254,
      "apse_FW_yr": 7.704168865435356,
      "nod_FW_s": 511492462.883486,
      "nod_FW_pd": 6798.145439706087,
      "nod_FW_cd": 5920.051653744051,
      "nod_FW_yr": 16.20804884818207,
      "ano_FW_pd": 28.873220174657448,
      "nodM_FW_pd": 28.497550306259512
    }
  ]
}
