{
  "exploratory": true,
  "doc_reference": "(not yet documented)",
  "rng_seed": 20260517,
  "pre_mpt_window_kyr": [
    1500,
    2500
  ],
  "post_mpt_window_kyr": [
    0,
    1000
  ],
  "pre_mpt_results": {
    "r2": 0.4636964993124828,
    "condition": 22.23018592363823,
    "window_kyr": [
      1500,
      2500
    ],
    "T_kyr": 1000,
    "amps": {
      "23.7 kyr (climatic precession)": {
        "period_kyr": 23.7,
        "amp": 0.0963537821691862,
        "ci_lo": 0.046392256196634674,
        "ci_hi": 0.1610514728588111
      },
      "41.0 kyr (obliquity)": {
        "period_kyr": 41.0,
        "amp": 0.8377444326675418,
        "ci_lo": 0.7698723964578489,
        "ci_hi": 0.9013546290609784
      },
      "95.0 kyr (g4-g5 ecc beat)": {
        "period_kyr": 95.0,
        "amp": 0.5080890790230204,
        "ci_lo": 0.34735293679664414,
        "ci_hi": 0.674016174753738
      },
      "99.0 kyr (g3-g5 ecc beat)": {
        "period_kyr": 99.0,
        "amp": 0.30415708517364026,
        "ci_lo": 0.1372246070283673,
        "ci_hi": 0.500082178707379
      },
      "110.0 kyr (g3-g1 Earth-Mercury)": {
        "period_kyr": 110.0,
        "amp": 1.8119189780818181,
        "ci_lo": 1.1519418172455396,
        "ci_hi": 2.4904012678240375
      },
      "111.77 kyr (H/3 model)": {
        "period_kyr": 111.77,
        "amp": 1.6724963132927355,
        "ci_lo": 1.0275714266552611,
        "ci_hi": 2.3367957943185758
      },
      "124.0 kyr (g4-g2 ecc beat)": {
        "period_kyr": 124.0,
        "amp": 0.40423859329467526,
        "ci_lo": 0.29530564519312,
        "ci_hi": 0.5058490556790666
      },
      "405.0 kyr (g2-g5 ecc long)": {
        "period_kyr": 405.0,
        "amp": 0.14104561008562974,
        "ci_lo": 0.0848581100047232,
        "ci_hi": 0.21073751554439998
      }
    }
  },
  "post_mpt_results": {
    "r2": 0.6184117427856229,
    "condition": 22.23018592363811,
    "window_kyr": [
      0,
      1000
    ],
    "T_kyr": 1000,
    "amps": {
      "23.7 kyr (climatic precession)": {
        "period_kyr": 23.7,
        "amp": 0.21129875961872377,
        "ci_lo": 0.15570388427181536,
        "ci_hi": 0.2672469491463672
      },
      "41.0 kyr (obliquity)": {
        "period_kyr": 41.0,
        "amp": 0.6039413822146166,
        "ci_lo": 0.5529387795881577,
        "ci_hi": 0.6559285450953047
      },
      "95.0 kyr (g4-g5 ecc beat)": {
        "period_kyr": 95.0,
        "amp": 0.9248419621081333,
        "ci_lo": 0.7794352945288595,
        "ci_hi": 1.0893227521839375
      },
      "99.0 kyr (g3-g5 ecc beat)": {
        "period_kyr": 99.0,
        "amp": 0.3598669283186138,
        "ci_lo": 0.18733630947560864,
        "ci_hi": 0.59979621027509
      },
      "110.0 kyr (g3-g1 Earth-Mercury)": {
        "period_kyr": 110.0,
        "amp": 3.031162621067862,
        "ci_lo": 2.413616318522644,
        "ci_hi": 3.824847161620975
      },
      "111.77 kyr (H/3 model)": {
        "period_kyr": 111.77,
        "amp": 2.7433893028194496,
        "ci_lo": 2.1541661266478087,
        "ci_hi": 3.4986423558493946
      },
      "124.0 kyr (g4-g2 ecc beat)": {
        "period_kyr": 124.0,
        "amp": 0.2700343911836022,
        "ci_lo": 0.18199290537892113,
        "ci_hi": 0.37022958084137286
      },
      "405.0 kyr (g2-g5 ecc long)": {
        "period_kyr": 405.0,
        "amp": 0.047888563729877945,
        "ci_lo": 0.01306023692418735,
        "ci_hi": 0.11041323802485925
      }
    }
  },
  "comparison": {
    "23.7 kyr (climatic precession)": {
      "period_kyr": 23.7,
      "pre_mpt_amp": 0.0963537821691862,
      "post_mpt_amp": 0.21129875961872377,
      "ratio_post_over_pre": 2.1929472290740737
    },
    "41.0 kyr (obliquity)": {
      "period_kyr": 41.0,
      "pre_mpt_amp": 0.8377444326675418,
      "post_mpt_amp": 0.6039413822146166,
      "ratio_post_over_pre": 0.7209136326833582
    },
    "95.0 kyr (g4-g5 ecc beat)": {
      "period_kyr": 95.0,
      "pre_mpt_amp": 0.5080890790230204,
      "post_mpt_amp": 0.9248419621081333,
      "ratio_post_over_pre": 1.8202358607795048
    },
    "99.0 kyr (g3-g5 ecc beat)": {
      "period_kyr": 99.0,
      "pre_mpt_amp": 0.30415708517364026,
      "post_mpt_amp": 0.3598669283186138,
      "ratio_post_over_pre": 1.183161418426828
    },
    "110.0 kyr (g3-g1 Earth-Mercury)": {
      "period_kyr": 110.0,
      "pre_mpt_amp": 1.8119189780818181,
      "post_mpt_amp": 3.031162621067862,
      "ratio_post_over_pre": 1.6729018558416957
    },
    "111.77 kyr (H/3 model)": {
      "period_kyr": 111.77,
      "pre_mpt_amp": 1.6724963132927355,
      "post_mpt_amp": 2.7433893028194496,
      "ratio_post_over_pre": 1.6402961734596522
    },
    "124.0 kyr (g4-g2 ecc beat)": {
      "period_kyr": 124.0,
      "pre_mpt_amp": 0.40423859329467526,
      "post_mpt_amp": 0.2700343911836022,
      "ratio_post_over_pre": 0.668007448231834
    },
    "405.0 kyr (g2-g5 ecc long)": {
      "period_kyr": 405.0,
      "pre_mpt_amp": 0.14104561008562974,
      "post_mpt_amp": 0.047888563729877945,
      "ratio_post_over_pre": 0.3395253755207587
    }
  },
  "diagnostic": {
    "q1_41kyr_ratio": 0.7209136326833582,
    "q1_interpretation": "YES \u2014 41-kyr shrank, consistent with saturation",
    "q2_h3_region_mean_ratio": 1.656599014650674,
    "q2_interpretation": "H/3 region grew (1.66\u00d7) \u2014 consistent with visibility-mechanism but see Q3 for whether this is H/3-specific",
    "q3_interpretation": "Individual candidates inside 80-125 kyr cannot be resolved separately at T=1000 (Rayleigh ~10 kyr at 100-kyr period); see band-aggregate below",
    "q3_individual_ratios_collinear_warning": "95, 99, 110, 111.77 are pairwise within the T=1000 Rayleigh limit; the individual ratios are NOT independent measurements.",
    "q3_individual_ratios": {
      "95": 1.8202358607795048,
      "99": 1.183161418426828,
      "110": 1.6729018558416957,
      "111.77": 1.6402961734596522,
      "124": 0.668007448231834
    },
    "band_100kyr_rms_pre": 2.5679503862231248,
    "band_100kyr_rms_post": 4.215671611449186,
    "band_100kyr_ratio": 1.6416483877827122,
    "net_interpretation": "100-kyr BAND AS A WHOLE grew 1.64\u00d7 at MPT, while 41-kyr obliquity shrank to 0.72\u00d7. Consistent with the visibility-mechanism story \u2014 but the data CANNOT separately attribute the band's growth to specific sub-periods (H/3 vs eccentricity beats are Rayleigh-coupled at T=1000)."
  },
  "berger_triplet_test": {
    "candidates": [
      "19.2 kyr (g3+k Earth, Berger)",
      "22.4 kyr (g2+k Venus, Berger)",
      "23.7 kyr (g5+k Jupiter, Berger)",
      "41.0 kyr (obliquity, anchor)",
      "110.0 kyr (100-kyr-band anchor)"
    ],
    "pre_mpt": {
      "r2": 0.37648097479239295,
      "condition": 1.5204530908755127,
      "window_kyr": [
        1500,
        2500
      ],
      "T_kyr": 1000,
      "amps": {
        "19.2 kyr (g3+k Earth, Berger)": {
          "period_kyr": 19.2,
          "amp": 0.04272280492078669,
          "ci_lo": 0.013697818263667817,
          "ci_hi": 0.12419365399821389
        },
        "22.4 kyr (g2+k Venus, Berger)": {
          "period_kyr": 22.4,
          "amp": 0.18473161572306168,
          "ci_lo": 0.12002185724688345,
          "ci_hi": 0.2560273205584718
        },
        "23.7 kyr (g5+k Jupiter, Berger)": {
          "period_kyr": 23.7,
          "amp": 0.12170677136054357,
          "ci_lo": 0.06443711005069686,
          "ci_hi": 0.20012090104409003
        },
        "41.0 kyr (obliquity, anchor)": {
          "period_kyr": 41.0,
          "amp": 0.8272625180604624,
          "ci_lo": 0.7621109114431612,
          "ci_hi": 0.8936679081958935
        },
        "110.0 kyr (100-kyr-band anchor)": {
          "period_kyr": 110.0,
          "amp": 0.15005771865180226,
          "ci_lo": 0.08939186455837493,
          "ci_hi": 0.22204687002442056
        }
      }
    },
    "post_mpt": {
      "r2": 0.25741775328364147,