{
  "x_fit": 2.1033016449564443,
  "deviations": {
    "F1": 1.699219586418077,
    "F2": 1.1519529052447464,
    "F3": 7.512294913925722,
    "F4": 10.335997276568165,
    "F5": 0
  },
  "epochs": [
    {
      "t_Ma": 0,
      "label": "Today (J2000)",
      "a_km": 384399,
      "T_S_s": 31558149.764,
      "H_yr": 335317,
      "T_M_s": 2360591.558784,
      "m": 0.07480132949609258,
      "T_apse_yr_Brown": 8.870358868954204,
      "N_Brown": 37801.96550712194,
      "seriesFactor": 0.49684540754817286,
      "N": {
        "N_F1": 37900,
        "N_F2": 37900,
        "N_F3": 37900,
        "N_F4": 37900,
        "N_F5": 37801.96550712194
      },
      "T_apsidal_yr": {
        "F1": 8.847414248021108,
        "F2": 8.847414248021108,
        "F3": 8.847414248021108,
        "F4": 8.847414248021108,
        "F5": 8.870358868954204
      }
    },
    {
      "t_Ma": 90,
      "label": "90 Mya (Pannella)",
      "a_km": 379950,
      "T_S_s": 31558119,
      "H_yr": 329156,
      "T_M_s": 2319728.452169087,
      "m": 0.07350654999967161,
      "T_apse_yr_Brown": 9.135536030646215,
      "N_Brown": 36030.28863285176,
      "seriesFactor": 0.5028411918128984,
      "N": {
        "N_F1": 36520.07140746458,
        "N_F2": 36450.177511664246,
        "N_F3": 36960.78488929404,
        "N_F4": 37163.38962434986,
        "N_F5": 36030.28863285176
      },
      "T_apsidal_yr": {
        "F1": 9.01301633086954,
        "F2": 9.030298957931505,
        "F3": 8.905546810921281,
        "F4": 8.856996181648979,
        "F5": 9.135536030646215
      }
    },
    {
      "t_Ma": 200,
      "label": "200 Mya (Triassic)",
      "a_km": 376730,
      "T_S_s": 31558081.4,
      "H_yr": 321186,
      "T_M_s": 2290302.1690709814,
      "m": 0.07257418916065606,
      "T_apse_yr_Brown": 9.333215167847053,
      "N_Brown": 34413.22140589735,
      "seriesFactor": 0.5072058371756089,
      "N": {
        "N_F1": 34772.929464935914,
        "N_F2": 34618.61155968148,
        "N_F3": 35498.02923075458,
        "N_F4": 35840.11091532751,
        "N_F5": 34413.22140589735
      },
      "T_apsidal_yr": {
        "F1": 9.236667860379015,
        "F2": 9.27784175995287,
        "F3": 9.047995253824759,
        "F4": 8.961635212536143,
        "F5": 9.333215167847053
      }
    },
    {
      "t_Ma": 300,
      "label": "300 Mya (Permian)",
      "a_km": 373950,
      "T_S_s": 31558047.3,
      "H_yr": 314361,
      "T_M_s": 2264997.788674172,
      "m": 0.0717724315177819,
      "T_apse_yr_Brown": 9.50790301510648,
      "N_Brown": 33063.12648546504,
      "seriesFactor": 0.5109909106680358,
      "N": {
        "N_F1": 33310.82502888411,
        "N_F2": 33089.49683968058,
        "N_F3": 34259.205294078776,
        "N_F4": 34716.701611149474,
        "N_F5": 33063.12648546504
      },
      "T_apsidal_yr": {
        "F1": 9.437202462785441,
        "F2": 9.500325783830643,
        "F3": 9.175957156669156,
        "F4": 9.055036492840124,
        "F5": 9.50790301510648
      }
    },
    {
      "t_Ma": 380,
      "label": "380 Mya (Devonian)",
      "a_km": 371314,
      "T_S_s": 31558020,
      "H_yr": 309083,
      "T_M_s": 2241090.8488531094,
      "m": 0.07101493848007921,
      "T_apse_yr_Brown": 9.677082034565291,
      "N_Brown": 31939.68997017854,
      "seriesFactor": 0.5145942276382348,
      "N": {
        "N_F1": 32201.663234802618,
        "N_F2": 31931.803262294372,
        "N_F3": 33352.004002116366,
        "N_F4": 33918.73847942453,
        "N_F5": 31939.68997017854
      },
      "T_apsidal_yr": {
        "F1": 9.598355145393612,
        "F2": 9.679472138204314,
        "F3": 9.267299199783826,
        "F4": 9.112455647119454,
        "F5": 9.677082034565291
      }
    },
    {
      "t_Ma": 650,
      "label": "650 Mya (Ediacaran)",
      "a_km": 361540,
      "T_S_s": 31557929.5,
      "H_yr": 291988,
      "T_M_s": 2153188.276483656,
      "m": 0.06822970678363598,
      "T_apse_yr_Brown": 10.33593965041781,
      "N_Brown": 28249.77794720357,
      "seriesFactor": 0.5280733397097055,
      "N": {
        "N_F1": 28738.101394869882,
        "N_F2": 28330.263776709933,
        "N_F3": 30544.360378401358,
        "N_F4": 31506.264598001348,
        "N_F5": 28249.77794720357
      },
      "T_apsidal_yr": {
        "F1": 10.160309339437559,
        "F2": 10.306575410005212,
        "F3": 9.55947338175304,
        "F4": 9.267617209642896,
        "F5": 10.33593965041781
      }
    }
  ]
}
