{
  "metadata": {
    "H_kyr": 335.317
  },
  "diagnostic_a": {
    "post-mpt": {
      "n_glacial": 21,
      "n_intergl": 21,
      "mean_dt_glacial_kyr": -6.0,
      "mean_dt_intergl_kyr": -5.333333333333333,
      "rmse_dt_glacial_kyr": 9.456668093391638,
      "rmse_dt_intergl_kyr": 9.92351704166373,
      "asymmetry_kyr": -0.666666666666667
    },
    "inhg-mpt": {
      "n_glacial": 40,
      "n_intergl": 41,
      "mean_dt_glacial_kyr": -3.9,
      "mean_dt_intergl_kyr": -5.439024390243903,
      "rmse_dt_glacial_kyr": 7.8390050389064045,
      "rmse_dt_intergl_kyr": 9.382131433949455,
      "asymmetry_kyr": 1.539024390243903
    },
    "pre-inhg": {
      "n_glacial": 59,
      "n_intergl": 59,
      "mean_dt_glacial_kyr": -4.661016949152542,
      "mean_dt_intergl_kyr": -3.983050847457627,
      "rmse_dt_glacial_kyr": 9.826460300326781,
      "rmse_dt_intergl_kyr": 8.846142508920801,
      "asymmetry_kyr": -0.6779661016949152
    },
    "lr04-full": {
      "n_glacial": 93,
      "n_intergl": 91,
      "mean_dt_glacial_kyr": -5.301075268817204,
      "mean_dt_intergl_kyr": -5.626373626373627,
      "rmse_dt_glacial_kyr": 10.820629441274493,
      "rmse_dt_intergl_kyr": 10.78766083883,
      "asymmetry_kyr": 0.3252983575564228
    }
  },
  "diagnostic_b": {
    "post-mpt": {
      "r2_canonical": 0.8735160573771876,
      "r2_best": 0.8735160573771877,
      "delta_r2": 1.1102230246251565e-16,
      "best_dt_kyr": 0.0,
      "r2_at_zero_shift": 0.8735160573771877,
      "shift_curve_kyr": [
        -15.0,
        -14.5,
        -14.0,
        -13.5,
        -13.0,
        -12.5,
        -12.0,
        -11.5,
        -11.0,
        -10.5,
        -10.0,
        -9.5,
        -9.0,
        -8.5,
        -8.0,
        -7.5,
        -7.0,
        -6.5,
        -6.0,
        -5.5,
        -5.0,
        -4.5,
        -4.0,
        -3.5,
        -3.0,
        -2.5,
        -2.0,
        -1.5,
        -1.0,
        -0.5,
        0.0,
        0.5,
        1.0,
        1.5,
        2.0,
        2.5,
        3.0,
        3.5,
        4.0,
        4.5,
        5.0,
        5.5,
        6.0,
        6.5,
        7.0,
        7.5,
        8.0,
        8.5,
        9.0,
        9.5,
        10.0,
        10.5,
        11.0,
        11.5,
        12.0,
        12.5,
        13.0,
        13.5,
        14.0,
        14.5,
        15.0
      ],
      "r2_curve": [
        -0.4958687926128924,
        -0.45151892233474844,
        -0.4052474727263622,
        -0.3570346167625873,
        -0.30689100724901497,
        -0.25486070474379363,
        -0.20102363030057724,
        -0.14549747722694373,
        -0.08843901724127767,
        -0.030044738626035183,
        0.02944924172629193,
        0.08976804308901065,
        0.15059970193415162,
        0.21159769303755138,
        0.2723842945099999,
        0.3325547768088917,
        0.3916823691431639,
        0.4493239286209465,
        0.5050262097252005,
        0.5583326060956709,
        0.6087902149551794,
        0.6559570584209091,
        0.6994092865670161,
        0.7387481851165886,
        0.7736068161191679,
        0.8036561324115424,
        0.8286104250397289,
        0.8482319857117151,
        0.8623348920837548,
        0.8707878505279003,
        0.8735160573771877,
        0.8705020641723538,
        0.8617856542164621,
        0.847462756323189,
        0.8276834370294058,
        0.8026490251490163,
        0.7726084330834749,
        0.7378537486314343,
        0.6987151799915341,
        0.6555554458843634,
        0.6087637125758389,
        0.5587491900111694,
        0.505934509789087,
        0.4507490174573885,
        0.39362211944277536,
        0.33497682954983865,
        0.27522366012201327,
        0.21475499761914996,
        0.15394009088912974,
        0.0931207626687145,
        0.03260793130258888,
        -0.027320998632412774,
        -0.08642384960376481,
        -0.14449449384477364,
        -0.20136282290946506,
        -0.2568939302773958,
        -0.3109865971519372,
        -0.3635711891647655,
        -0.4146070820296619,
        -0.46407973705766903,
        -0.5119975432977615
      ]
    },
    "inhg-mpt": {
      "r2_canonical": 0.7288534879845776,
      "r2_best": 0.7288534879845776,
      "delta_r2": 0.0,
      "best_dt_kyr": 0.0,
      "r2_at_zero_shift": 0.7288534879845776
    },
    "pre-inhg": {
      "r2_canonical": 0.42975047528483323,
      "r2_best": 0.42975047528483323,
      "delta_r2": 0.0,
      "best_dt_kyr": 0.0,
      "r2_at_zero_shift": 0.42975047528483323
    },
    "lr04-full": {
      "r2_canonical": 0.25525662694102247,
      "r2_best": 0.25525662694102247,
      "delta_r2": 0.0,
      "best_dt_kyr": 0.0,
      "r2_at_zero_shift": 0.25525662694102247
    }
  },
  "diagnostic_c": {
    "best_dts_by_regime": {
      "post-mpt": 0.0,
      "inhg-mpt": 0.0,
      "pre-inhg": 0.0,
      "lr04-full": 0.0
    },
    "spread_kyr": 0.0,
    "verdict": "UNIFORM \u2014 same best \u0394t across all regimes \u2192 chronology / phase-anchor cause"
  },
  "diagnostic_d": {
    "top12_by_residual_amp": [
      {
        "n": 9,
        "period_kyr": 298.05955555555556,
        "residual_amp": 0.01416752877823177,
        "residual_phase_offset_kyr": 145.8316503025991,
        "residual_phase_offset_deg": 176.1372622698898
      },
      {
        "n": 16,
        "period_kyr": 167.6585,
        "residual_amp": 0.007891053213229167,
        "residual_phase_offset_kyr": 48.33020642798158,
        "residual_phase_offset_deg": 103.77567683161529
      },
      {
        "n": 12,
        "period_kyr": 223.54466666666667,
        "residual_amp": 0.007492285816654497,
        "residual_phase_offset_kyr": -106.69544344002654,
        "residual_phase_offset_deg": -171.82409319424403
      },
      {
        "n": 21,
        "period_kyr": 127.73980952380953,
        "residual_amp": 0.006183604170777598,
        "residual_phase_offset_kyr": 27.99317677766239,
        "residual_phase_offset_deg": 78.89117478353606
      },
      {
        "n": 18,
        "period_kyr": 149.02977777777778,
        "residual_amp": 0.005662567825746445,
        "residual_phase_offset_kyr": 25.658284763952143,
        "residual_phase_offset_deg": 61.98078432886265
      },
      {
        "n": 22,
        "period_kyr": 121.93345454545455,
        "residual_amp": 0.0049056772073538275,
        "residual_phase_offset_kyr": 43.04699311746866,
        "residual_phase_offset_deg": 127.09323770132134
      },
      {
        "n": 38,
        "period_kyr": 70.59305263157894,
        "residual_amp": 0.0034686886158317755,
        "residual_phase_offset_kyr": 24.70017525451291,
        "residual_phase_offset_deg": 125.96229742368291
      },
      {
        "n": 30,
        "period_kyr": 89.41786666666667,
        "residual_amp": 0.003059991925196828,
        "residual_phase_offset_kyr": 32.44627817354059,
        "residual_phase_offset_deg": 130.6300471919998
      },
      {
        "n": 35,
        "period_kyr": 76.64388571428572,
        "residual_amp": 0.003012781539917553,
        "residual_phase_offset_kyr": 24.15697780849955,
        "residual_phase_offset_deg": 113.46648111603882
      },
      {
        "n": 25,
        "period_kyr": 107.30144,
        "residual_amp": 0.0027228015828762797,
        "residual_phase_offset_kyr": 40.5467458822549,
        "residual_phase_offset_deg": 136.03571879009047
      },
      {
        "n": 48,
        "period_kyr": 55.88616666666667,
        "residual_amp": 0.002108945622217618,
        "residual_phase_offset_kyr": 13.775440839785096,
        "residual_phase_offset_deg": 88.73678403998548
      },
      {
        "n": 65,
        "period_kyr": 41.269784615384616,
        "residual_amp": 0.0018755534413793728,
        "residual_phase_offset_kyr": 14.800796320505269,
        "residual_phase_offset_deg": 129.108662064488
      }
    ]
  },
  "meta": {
    "runtime_sec": 1.5027797222137451,