{
  "_description": "Fitted coefficients — output of the fitting pipeline (tools/fit/). Regenerated by scripts, not edited manually.",
  "TROPICAL_YEAR_HARMONICS": [
    [
      3,
      6.332548792685e-7,
      0.000008075245235817
    ],
    [
      8,
      -0.000001356696988329,
      -0.000020881131146
    ],
    [
      14,
      -1.545140139305e-7,
      3.637423948615e-7
    ],
    [
      15,
      8.449709609471e-8,
      -4.860696254744e-7
    ],
    [
      31,
      2.067861760831e-8,
      -1.502149356245e-8
    ],
    [
      41,
      -6.303689078519e-9,
      1.914969191424e-8
    ]
  ],
  "SIDEREAL_YEAR_HARMONICS": [
    [
      2,
      -6.446591502042e-7,
      -1.03657163684e-7
    ],
    [
      3,
      0.000001162133281368,
      4.849859858606e-7
    ],
    [
      8,
      -0.000001134779565378,
      -2.847253755636e-9
    ]
  ],
  "ANOMALISTIC_YEAR_HARMONICS": [
    [
      2,
      -0.000003331807798338,
      -0.00001199082237907
    ],
    [
      3,
      -0.00000373907261352,
      0.00000961781226226
    ],
    [
      8,
      -3.17571248237e-7,
      0.000002623030026153
    ],
    [
      9,
      8.022402310244e-7,
      -0.000001542541871698
    ],
    [
      22,
      1.06230199992e-7,
      -6.676606979168e-8
    ],
    [
      23,
      -4.273912533399e-7,
      2.329348175831e-7
    ]
  ],
  "PERI_HARMONICS_RAW": [
    [
      3,
      -0.131685,
      0.007248
    ],
    [
      5,
      -0.003209,
      0.000011
    ],
    [
      8,
      0.119941,
      -0.007786
    ],
    [
      13,
      0.011745,
      0.000541
    ],
    [
      16,
      4.892262,
      -0.021722
    ],
    [
      21,
      -0.00346,
      0.000048
    ],
    [
      24,
      0.130228,
      0.006007
    ],
    [
      29,
      -0.130743,
      -0.006034
    ],
    [
      32,
      2.663775,
      0.247194
    ],
    [
      35,
      -0.005614,
      -0.000259
    ],
    [
      40,
      0.016279,
      0.00065
    ],
    [
      45,
      -0.010673,
      -0.000392
    ],
    [
      48,
      0.221736,
      0.020213
    ],
    [
      56,
      0.006945,
      0.000873
    ],
    [
      61,
      -0.006489,
      -0.000856
    ],
    [
      64,
      0.070762,
      0.012275
    ],
    [
      80,
      0.010504,
      0.001921
    ],
    [
      96,
      0.00279,
      0.000667
    ],
    [
      272,
      0.006051,
      -0.005402
    ],
    [
      544,
      -0.005401,
      -0.000629
    ],
    [
      816,
      0.001235,
      0.001767
    ]
  ],
  "PERI_OFFSET": -0.25521,
  "SOLSTICE_OBLIQUITY_MEAN_FITTED": 23.45343689,
  "SOLSTICE_OBLIQUITY_HARMONICS": [
    [
      2,
      -0.00000263,
      -0.00006165
    ],
    [
      3,
      0.03207255,
      -0.63427917
    ],
    [
      5,
      -0.00007659,
      -0.00812995
    ],
    [
      6,
      0.00044775,
      -0.00403652
    ],
    [
      8,
      -0.03210284,
      0.63429685
    ],
    [
      9,
      0.0000088,
      -0.00005443
    ],
    [
      11,
      -0.00089606,
      0.00807468
    ],
    [
      13,
      -0.00000165,
      0.00004233
    ],
    [
      14,
      -0.00002645,
      0.00016338
    ],
    [
      16,
      0.00044819,
      -0.00403683
    ],
    [
      17,
      -7.8e-7,
      0.00000361
    ],
    [
      19,
      0.00002646,
      -0.00016347
    ],
    [
      22,
      0.00000117,
      -0.00000542
    ],
    [
      24,
      -0.00000884,
      0.00005469
    ],
    [
      27,
      -7.8e-7,
      0.00000362
    ],
    [
      32,
      1.9e-7,
      -9.1e-7
    ]
  ],
  "CARDINAL_POINT_HARMONICS": {
    "SS": [
      [
        3,
        -1.488691,
        -0.089818
      ],
      [
        5,
        0.003921,
        -0.000272
      ],
      [
        6,
        -0.020735,
        -0.002628
      ],
      [
        8,
        1.511643,
        0.088815
      ],
      [
        11,
        0.04182,
        0.00397
      ],
      [
        13,
        -0.022977,
        -0.000232
      ],
      [
        16,
        1.769787,
        0.08804
      ],
      [
        19,
        0.021668,
        0.001923
      ],
      [
        24,
        -0.023666,
        -0.002911
      ],
      [
        29,
        0.00126,
        -0.000434
      ],
      [
        32,
        -0.088559,
        -0.005372
      ],
      [
        35,
        -0.001224,
        -0.00058
      ]
    ],
    "WS": [
      [
        3,
        -1.48057,
        -0.089521
      ],
      [
        5,
        0.003209,
        -0.000385
      ],
      [
        6,
        -0.020622,
        -0.002762
      ],
      [
        8,
        1.457738,
        0.088714
      ],
      [
        9,
        -0.000364,
        -0.000639
      ],
      [
        11,
        0.040898,
        0.003769
      ],
      [
        13,
        0.022801,
        -0.000799
      ],
      [
        14,
        0.001085,
        -0.000408
      ],
      [
        16,
        -1.809007,
        -0.093365
      ],
      [
        19,
        -0.023773,
        -0.003279
      ],
      [
        21,
        -0.000221,
        -0.000591
      ],
      [
        22,
        -0.000502,
        -0.000665
      ],
      [
        24,
        0.02382,
        0.001983
      ],
      [
        27,
        0.000956,
        -0.000426
      ],
      [
        29,
        -0.00077,
        -0.000562
      ],
      [
        32,
        0.069608,
        0.00244
      ],
      [
        33,
        0.000001,
        -0.000581
      ],
      [
        35,
        0.00074,
        -0.000515
      ],
      [
        40,
        -0.000712,
        -0.000652
      ],
      [
        48,
        0.002812,
        -0.000385
      ]
    ],
    "VE": [
      [
        3,
        -1.484435,
        -0.089312
      ],
      [
        5,
        0.003579,
        0.000278
      ],
      [
        6,
        -0.020673,
        -0.002409
      ],
      [
        8,
        1.484654,
        0.111885
      ],
      [
        11,
        0.041331,
        0.004575
      ],
      [
        13,
        -0.00022,
        -0.023136
      ],
      [
        16,
        -0.113515,
        1.783344
      ],
      [
        19,
        -0.003662,
        0.022389
      ],
      [
        21,
        -0.000009,
        0.000026
      ],
      [
        22,
        -0.000119,
        0.000254
      ],
      [
        24,
        0.003168,
        -0.023911
      ],
      [
        27,
        0.000188,
        -0.001126
      ],
      [
        29,
        -0.000235,
        0.000807
      ],
      [
        32,
        0.013524,
        -0.078297
      ],
      [
        35,
        0.000346,
        -0.001139
      ],
      [
        40,
        -0.000379,
        0.00074
      ]
    ],
    "AE": [
      [
        3,
        -1.484845,
        -0.089991
      ],
      [
        5,
        0.003551,
        -0.00094
      ],
      [
        6,
        -0.020685,
        -0.002985
      ],
      [
        8,
        1.484623,
        0.065526
      ],
      [
        11,
        0.041384,
        0.003156
      ],
      [
        13,
        0.000213,
        0.022105
      ],
      [
        14,
        0.001096,
        -0.000657
      ],
      [
        16,
        0.067831,
        -1.789069
      ],
      [
        19,
        0.00139,
        -0.023772
      ],
      [
        21,
        0.000011,
        -0.001045
      ],
      [
        22,
        0.00003,
        -0.001293
      ],
      [
        24,
        -0.001868,
        0.023041
      ],
      [
        27,
        -0.000112,
        0.000121
      ],
      [
        32,
        0.005592,
        0.079207
      ],
      [
        35,
        0.000135,
        0.000197
      ],
      [
        48,
        -0.001157,
        0.000899
      ]
    ]
  },
  "CARDINAL_POINT_ANCHORS": {
    "SS": 2451716.575,
    "WS": 2451900.067346,
    "VE": 2451623.737525,
    "AE": 2451810.304175
  },